-- MySQL dump 10.13  Distrib 5.6.28-76.1, for Linux (x86_64)
--
-- Host: localhost    Database: nehar_blog
-- ------------------------------------------------------
-- Server version	5.6.28-76.1

/*!40101 SET @OLD_CHARACTER_SET_CLIENT=@@CHARACTER_SET_CLIENT */;
/*!40101 SET @OLD_CHARACTER_SET_RESULTS=@@CHARACTER_SET_RESULTS */;
/*!40101 SET @OLD_COLLATION_CONNECTION=@@COLLATION_CONNECTION */;
/*!40101 SET NAMES utf8 */;
/*!40103 SET @OLD_TIME_ZONE=@@TIME_ZONE */;
/*!40103 SET TIME_ZONE='+00:00' */;
/*!40014 SET @OLD_UNIQUE_CHECKS=@@UNIQUE_CHECKS, UNIQUE_CHECKS=0 */;
/*!40014 SET @OLD_FOREIGN_KEY_CHECKS=@@FOREIGN_KEY_CHECKS, FOREIGN_KEY_CHECKS=0 */;
/*!40101 SET @OLD_SQL_MODE=@@SQL_MODE, SQL_MODE='NO_AUTO_VALUE_ON_ZERO' */;
/*!40111 SET @OLD_SQL_NOTES=@@SQL_NOTES, SQL_NOTES=0 */;

--
-- Table structure for table `auth_group`
--

DROP TABLE IF EXISTS `auth_group`;
/*!40101 SET @saved_cs_client     = @@character_set_client */;
/*!40101 SET character_set_client = utf8 */;
CREATE TABLE `auth_group` (
  `id` int(11) NOT NULL AUTO_INCREMENT,
  `name` varchar(80) NOT NULL,
  PRIMARY KEY (`id`),
  UNIQUE KEY `name` (`name`)
) ENGINE=MyISAM DEFAULT CHARSET=latin1;
/*!40101 SET character_set_client = @saved_cs_client */;

--
-- Dumping data for table `auth_group`
--

LOCK TABLES `auth_group` WRITE;
/*!40000 ALTER TABLE `auth_group` DISABLE KEYS */;
/*!40000 ALTER TABLE `auth_group` ENABLE KEYS */;
UNLOCK TABLES;

--
-- Table structure for table `auth_group_permissions`
--

DROP TABLE IF EXISTS `auth_group_permissions`;
/*!40101 SET @saved_cs_client     = @@character_set_client */;
/*!40101 SET character_set_client = utf8 */;
CREATE TABLE `auth_group_permissions` (
  `id` int(11) NOT NULL AUTO_INCREMENT,
  `group_id` int(11) NOT NULL,
  `permission_id` int(11) NOT NULL,
  PRIMARY KEY (`id`),
  UNIQUE KEY `group_id` (`group_id`,`permission_id`)
) ENGINE=MyISAM DEFAULT CHARSET=latin1;
/*!40101 SET character_set_client = @saved_cs_client */;

--
-- Dumping data for table `auth_group_permissions`
--

LOCK TABLES `auth_group_permissions` WRITE;
/*!40000 ALTER TABLE `auth_group_permissions` DISABLE KEYS */;
/*!40000 ALTER TABLE `auth_group_permissions` ENABLE KEYS */;
UNLOCK TABLES;

--
-- Table structure for table `auth_message`
--

DROP TABLE IF EXISTS `auth_message`;
/*!40101 SET @saved_cs_client     = @@character_set_client */;
/*!40101 SET character_set_client = utf8 */;
CREATE TABLE `auth_message` (
  `id` int(11) NOT NULL AUTO_INCREMENT,
  `user_id` int(11) NOT NULL,
  `message` longtext NOT NULL,
  PRIMARY KEY (`id`),
  KEY `auth_message_user_id` (`user_id`)
) ENGINE=MyISAM AUTO_INCREMENT=1426 DEFAULT CHARSET=latin1;
/*!40101 SET character_set_client = @saved_cs_client */;

--
-- Dumping data for table `auth_message`
--

LOCK TABLES `auth_message` WRITE;
/*!40000 ALTER TABLE `auth_message` DISABLE KEYS */;
/*!40000 ALTER TABLE `auth_message` ENABLE KEYS */;
UNLOCK TABLES;

--
-- Table structure for table `auth_permission`
--

DROP TABLE IF EXISTS `auth_permission`;
/*!40101 SET @saved_cs_client     = @@character_set_client */;
/*!40101 SET character_set_client = utf8 */;
CREATE TABLE `auth_permission` (
  `id` int(11) NOT NULL AUTO_INCREMENT,
  `name` varchar(50) NOT NULL,
  `content_type_id` int(11) NOT NULL,
  `codename` varchar(100) NOT NULL,
  PRIMARY KEY (`id`),
  UNIQUE KEY `content_type_id` (`content_type_id`,`codename`),
  KEY `auth_permission_content_type_id` (`content_type_id`)
) ENGINE=MyISAM AUTO_INCREMENT=55 DEFAULT CHARSET=latin1;
/*!40101 SET character_set_client = @saved_cs_client */;

--
-- Dumping data for table `auth_permission`
--

LOCK TABLES `auth_permission` WRITE;
/*!40000 ALTER TABLE `auth_permission` DISABLE KEYS */;
INSERT INTO `auth_permission` VALUES (1,'Can add message',1,'add_message'),(2,'Can change message',1,'change_message'),(3,'Can delete message',1,'delete_message'),(4,'Can add group',2,'add_group'),(5,'Can change group',2,'change_group'),(6,'Can delete group',2,'delete_group'),(7,'Can add user',3,'add_user'),(8,'Can change user',3,'change_user'),(9,'Can delete user',3,'delete_user'),(10,'Can add permission',4,'add_permission'),(11,'Can change permission',4,'change_permission'),(12,'Can delete permission',4,'delete_permission'),(13,'Can add content type',5,'add_contenttype'),(14,'Can change content type',5,'change_contenttype'),(15,'Can delete content type',5,'delete_contenttype'),(16,'Can add session',6,'add_session'),(17,'Can change session',6,'change_session'),(18,'Can delete session',6,'delete_session'),(19,'Can add log entry',7,'add_logentry'),(20,'Can change log entry',7,'change_logentry'),(21,'Can delete log entry',7,'delete_logentry'),(22,'Can add skill set',8,'add_skillset'),(23,'Can change skill set',8,'change_skillset'),(24,'Can delete skill set',8,'delete_skillset'),(25,'Can add contact information',9,'add_contactinformation'),(26,'Can change contact information',9,'change_contactinformation'),(27,'Can delete contact information',9,'delete_contactinformation'),(28,'Can add resume',10,'add_resume'),(29,'Can change resume',10,'change_resume'),(30,'Can delete resume',10,'delete_resume'),(31,'Can add post',11,'add_post'),(32,'Can change post',11,'change_post'),(33,'Can delete post',11,'delete_post'),(34,'Can add tag',12,'add_tag'),(35,'Can change tag',12,'change_tag'),(36,'Can delete tag',12,'delete_tag'),(37,'Can add experience',13,'add_experience'),(38,'Can change experience',13,'change_experience'),(39,'Can delete experience',13,'delete_experience'),(40,'Can add project',14,'add_project'),(41,'Can change project',14,'change_project'),(42,'Can delete project',14,'delete_project'),(43,'Can add course',15,'add_course'),(44,'Can change course',15,'change_course'),(45,'Can delete course',15,'delete_course'),(46,'Can add section',16,'add_section'),(47,'Can change section',16,'change_section'),(48,'Can delete section',16,'delete_section'),(52,'Can add category',18,'add_category'),(53,'Can change category',18,'change_category'),(54,'Can delete category',18,'delete_category');
/*!40000 ALTER TABLE `auth_permission` ENABLE KEYS */;
UNLOCK TABLES;

--
-- Table structure for table `auth_user`
--

DROP TABLE IF EXISTS `auth_user`;
/*!40101 SET @saved_cs_client     = @@character_set_client */;
/*!40101 SET character_set_client = utf8 */;
CREATE TABLE `auth_user` (
  `id` int(11) NOT NULL AUTO_INCREMENT,
  `username` varchar(30) NOT NULL,
  `first_name` varchar(30) NOT NULL,
  `last_name` varchar(30) NOT NULL,
  `email` varchar(75) NOT NULL,
  `password` varchar(128) NOT NULL,
  `is_staff` tinyint(1) NOT NULL,
  `is_active` tinyint(1) NOT NULL,
  `is_superuser` tinyint(1) NOT NULL,
  `last_login` datetime NOT NULL,
  `date_joined` datetime NOT NULL,
  PRIMARY KEY (`id`),
  UNIQUE KEY `username` (`username`)
) ENGINE=MyISAM AUTO_INCREMENT=2 DEFAULT CHARSET=latin1;
/*!40101 SET character_set_client = @saved_cs_client */;

--
-- Dumping data for table `auth_user`
--

LOCK TABLES `auth_user` WRITE;
/*!40000 ALTER TABLE `auth_user` DISABLE KEYS */;
INSERT INTO `auth_user` VALUES (1,'nehar','','','nehar.arora@gmail.com','sha1$2603b$46ebd82e4aa7a452ca32568b63e27998fc303d1f',1,1,1,'2016-01-24 22:04:55','2008-09-29 21:35:18');
/*!40000 ALTER TABLE `auth_user` ENABLE KEYS */;
UNLOCK TABLES;

--
-- Table structure for table `auth_user_groups`
--

DROP TABLE IF EXISTS `auth_user_groups`;
/*!40101 SET @saved_cs_client     = @@character_set_client */;
/*!40101 SET character_set_client = utf8 */;
CREATE TABLE `auth_user_groups` (
  `id` int(11) NOT NULL AUTO_INCREMENT,
  `user_id` int(11) NOT NULL,
  `group_id` int(11) NOT NULL,
  PRIMARY KEY (`id`),
  UNIQUE KEY `user_id` (`user_id`,`group_id`)
) ENGINE=MyISAM DEFAULT CHARSET=latin1;
/*!40101 SET character_set_client = @saved_cs_client */;

--
-- Dumping data for table `auth_user_groups`
--

LOCK TABLES `auth_user_groups` WRITE;
/*!40000 ALTER TABLE `auth_user_groups` DISABLE KEYS */;
/*!40000 ALTER TABLE `auth_user_groups` ENABLE KEYS */;
UNLOCK TABLES;

--
-- Table structure for table `auth_user_user_permissions`
--

DROP TABLE IF EXISTS `auth_user_user_permissions`;
/*!40101 SET @saved_cs_client     = @@character_set_client */;
/*!40101 SET character_set_client = utf8 */;
CREATE TABLE `auth_user_user_permissions` (
  `id` int(11) NOT NULL AUTO_INCREMENT,
  `user_id` int(11) NOT NULL,
  `permission_id` int(11) NOT NULL,
  PRIMARY KEY (`id`),
  UNIQUE KEY `user_id` (`user_id`,`permission_id`)
) ENGINE=MyISAM DEFAULT CHARSET=latin1;
/*!40101 SET character_set_client = @saved_cs_client */;

--
-- Dumping data for table `auth_user_user_permissions`
--

LOCK TABLES `auth_user_user_permissions` WRITE;
/*!40000 ALTER TABLE `auth_user_user_permissions` DISABLE KEYS */;
/*!40000 ALTER TABLE `auth_user_user_permissions` ENABLE KEYS */;
UNLOCK TABLES;

--
-- Table structure for table `django_admin_log`
--

DROP TABLE IF EXISTS `django_admin_log`;
/*!40101 SET @saved_cs_client     = @@character_set_client */;
/*!40101 SET character_set_client = utf8 */;
CREATE TABLE `django_admin_log` (
  `id` int(11) NOT NULL AUTO_INCREMENT,
  `action_time` datetime NOT NULL,
  `user_id` int(11) NOT NULL,
  `content_type_id` int(11) DEFAULT NULL,
  `object_id` longtext,
  `object_repr` varchar(200) NOT NULL,
  `action_flag` smallint(5) unsigned NOT NULL,
  `change_message` longtext NOT NULL,
  PRIMARY KEY (`id`),
  KEY `django_admin_log_user_id` (`user_id`),
  KEY `django_admin_log_content_type_id` (`content_type_id`)
) ENGINE=MyISAM AUTO_INCREMENT=1467 DEFAULT CHARSET=latin1;
/*!40101 SET character_set_client = @saved_cs_client */;

--
-- Dumping data for table `django_admin_log`
--

LOCK TABLES `django_admin_log` WRITE;
/*!40000 ALTER TABLE `django_admin_log` DISABLE KEYS */;
INSERT INTO `django_admin_log` VALUES (1,'2008-09-29 21:42:34',1,9,'1','ContactInformation object',1,''),(2,'2008-10-02 17:25:08',1,12,'1','Tag object',1,''),(3,'2008-10-02 17:25:17',1,11,'1','Post object',1,''),(4,'2008-10-02 23:16:34',1,11,'2','Post object',1,''),(5,'2008-10-02 23:17:47',1,11,'2','Post object',2,'Changed post content.'),(6,'2008-10-03 13:32:20',1,12,'2','random',1,''),(7,'2008-10-03 13:32:46',1,12,'3','taggest',1,''),(8,'2008-10-03 13:33:02',1,11,'2','Post object',2,'No fields changed.'),(9,'2008-10-05 22:38:49',1,11,'2','Post object',2,'No fields changed.'),(10,'2008-10-05 22:39:13',1,11,'1','Post object',2,'No fields changed.'),(11,'2008-10-06 00:43:00',1,12,'4','Mine',1,''),(12,'2008-10-06 00:44:14',1,11,'2','Post object',2,'Changed post heading and post comments.'),(13,'2008-10-06 01:00:34',1,11,'3','Post object',1,''),(14,'2008-10-06 01:02:14',1,11,'3','Post object',2,'Changed post content.'),(15,'2008-10-07 18:23:32',1,12,'1','first tag',3,''),(16,'2008-10-07 18:24:27',1,12,'3','taggest',3,''),(17,'2008-10-07 18:24:43',1,12,'2','random',3,''),(18,'2008-10-08 12:15:14',1,12,'5','links',1,''),(19,'2008-10-08 12:15:52',1,12,'6','guitar',1,''),(20,'2008-10-08 13:29:33',1,12,'7','writing',1,''),(21,'2008-10-08 13:31:32',1,12,'8','music',1,''),(22,'2008-10-08 13:31:53',1,12,'9','art',1,''),(23,'2008-10-08 13:32:28',1,12,'10','webcomics',1,''),(24,'2008-10-08 13:32:43',1,12,'11','phunny',1,''),(25,'2008-10-08 13:33:27',1,12,'12','reference',1,''),(26,'2008-10-08 13:37:33',1,12,'7','literary',2,'Changed tag name and tag description.'),(27,'2008-10-08 13:38:03',1,12,'13','books',1,''),(28,'2008-10-08 13:38:28',1,12,'14','pics',1,''),(29,'2008-10-08 13:39:16',1,12,'15','news',1,''),(30,'2008-10-08 13:40:00',1,12,'16','tech',1,''),(31,'2008-10-08 13:40:31',1,12,'17','resources',1,''),(32,'2008-10-08 13:41:02',1,12,'18','shop',1,''),(33,'2008-10-08 13:41:12',1,12,'19','Vonage',1,''),(34,'2008-10-08 13:41:54',1,12,'20','video',1,''),(35,'2008-10-08 13:42:42',1,12,'21','daily',1,''),(36,'2008-10-08 13:44:27',1,12,'22','external',1,''),(37,'2008-10-08 13:45:08',1,12,'23','bands',1,''),(38,'2008-10-08 13:45:50',1,12,'24','notes',1,''),(39,'2008-10-08 13:46:23',1,12,'24','notes',2,'Changed tag description.'),(40,'2008-10-08 13:52:30',1,12,'25','unsorted',1,''),(41,'2008-10-08 13:53:20',1,12,'26','games',1,''),(42,'2008-10-08 13:53:39',1,12,'27','innernet radio',1,''),(43,'2008-10-12 22:57:50',1,12,'27','innernet_radio',2,'Changed tag name.'),(44,'2008-10-12 23:13:50',1,11,'3','Post object',2,'Changed post heading.'),(45,'2008-10-13 14:23:15',1,11,'4','Post object',3,''),(46,'2008-10-15 14:36:28',1,12,'28','writing',1,''),(47,'2008-10-15 14:36:55',1,11,'2','Post object',2,'No fields changed.'),(48,'2008-10-15 16:05:42',1,11,'5','Post object',1,''),(49,'2008-10-15 16:07:31',1,11,'5','Post object',3,''),(50,'2008-10-15 16:08:23',1,11,'6','Post object',1,''),(51,'2008-10-15 16:08:51',1,11,'6','Post object',3,''),(52,'2008-10-15 16:18:10',1,11,'7','Post object',1,''),(53,'2008-10-15 16:18:44',1,11,'8','Post object',1,''),(54,'2008-10-15 16:19:10',1,11,'8','Post object',2,'Changed post author and post heading.'),(55,'2008-10-15 16:19:56',1,11,'8','Post object',3,''),(56,'2008-10-15 16:20:06',1,11,'7','Post object',3,''),(57,'2008-10-15 16:29:14',1,11,'9','Post object',1,''),(58,'2008-10-15 16:29:34',1,11,'10','Post object',1,''),(59,'2008-10-15 16:29:55',1,11,'11','Post object',1,''),(60,'2008-10-15 16:30:34',1,11,'11','Post object',2,'Changed post author and post heading.'),(61,'2008-10-16 06:16:41',1,11,'1','Post object',3,''),(62,'2008-10-16 06:16:49',1,11,'2','Post object',3,''),(63,'2008-10-16 06:17:26',1,11,'9','Post object',3,''),(64,'2008-10-16 06:17:32',1,11,'10','Post object',3,''),(65,'2008-10-16 06:17:38',1,11,'11','Post object',3,''),(66,'2008-10-16 06:28:57',1,11,'12','Post object',1,''),(67,'2008-10-16 06:29:46',1,11,'13','Post object',1,''),(68,'2008-10-16 06:30:36',1,11,'14','Post object',1,''),(69,'2008-10-16 06:34:33',1,11,'13','Post object',2,'Changed post content.'),(70,'2008-10-16 06:48:34',1,11,'15','Post object',1,''),(71,'2008-10-16 06:49:22',1,11,'16','Post object',1,''),(72,'2008-10-16 06:50:14',1,11,'17','Post object',1,''),(73,'2008-10-16 06:51:25',1,11,'18','Post object',1,''),(74,'2008-10-16 07:55:29',1,11,'18','Post object',2,'Changed post content.'),(75,'2008-10-16 07:55:46',1,11,'18','Post object',2,'Changed post content.'),(76,'2008-10-16 13:45:50',1,11,'18','Post object',2,'Changed post content, post content author and post comments.'),(77,'2008-10-16 13:46:07',1,11,'13','Post object',2,'Changed post content.'),(78,'2008-10-16 13:47:05',1,11,'18','Post object',2,'Changed post comments.'),(79,'2008-10-16 20:04:14',1,11,'18','Post object',2,'Changed post content.'),(80,'2008-10-16 20:05:11',1,11,'18','Post object',2,'No fields changed.'),(81,'2008-10-16 20:06:28',1,11,'13','Post object',2,'Changed post content.'),(82,'2008-10-19 09:51:43',1,12,'29','lyrics',1,''),(83,'2008-10-19 09:53:44',1,12,'30','modestmouse',1,''),(84,'2008-10-19 09:54:05',1,11,'19','Post object',1,''),(85,'2008-10-19 09:55:51',1,12,'31','onelines',1,''),(86,'2008-10-19 09:56:16',1,11,'20','Post object',1,''),(87,'2008-10-19 09:58:11',1,12,'31','oneliners',2,'Changed tag name and tag description.'),(88,'2008-10-19 09:59:42',1,11,'21','Post object',1,''),(89,'2008-10-19 10:08:45',1,11,'22','Post object',1,''),(90,'2008-10-19 10:09:37',1,11,'23','Post object',1,''),(91,'2008-10-19 10:10:07',1,11,'23','Post object',2,'Changed post content author.'),(92,'2008-10-19 10:11:29',1,11,'24','Post object',1,''),(93,'2008-10-19 12:33:12',1,12,'32','wheeloftime',1,''),(94,'2008-10-19 12:33:35',1,11,'25','Post object',1,''),(95,'2008-10-19 12:34:22',1,11,'26','Post object',1,''),(96,'2008-10-19 12:35:48',1,11,'25','Post object',2,'Changed post content author.'),(97,'2008-10-19 12:37:57',1,11,'27','Post object',1,''),(98,'2008-10-19 12:38:46',1,11,'28','Post object',1,''),(99,'2008-10-19 12:38:48',1,11,'28','Post object',2,'No fields changed.'),(100,'2008-10-19 12:39:31',1,11,'29','Post object',1,''),(101,'2008-10-19 12:40:19',1,11,'30','Post object',1,''),(102,'2008-10-19 12:40:22',1,11,'30','Post object',2,'No fields changed.'),(103,'2008-10-19 12:41:14',1,11,'31','Post object',1,''),(104,'2008-10-19 12:41:16',1,11,'31','Post object',2,'No fields changed.'),(105,'2008-10-19 12:41:58',1,11,'32','Post object',1,''),(106,'2008-10-19 12:45:50',1,11,'33','Post object',1,''),(107,'2008-10-19 12:46:53',1,11,'34','Post object',1,''),(108,'2008-10-19 12:47:41',1,11,'35','Post object',1,''),(109,'2008-10-19 12:47:44',1,11,'35','Post object',2,'No fields changed.'),(110,'2008-10-19 12:48:32',1,11,'36','Post object',1,''),(111,'2008-10-19 12:49:21',1,12,'33','annaakhamatova',1,''),(112,'2008-10-19 12:49:24',1,11,'36','Post object',2,'No fields changed.'),(113,'2008-10-19 12:49:46',1,11,'35','Post object',2,'No fields changed.'),(114,'2008-10-19 12:52:52',1,11,'37','Post object',1,''),(115,'2008-10-19 12:54:55',1,11,'38','Post object',1,''),(116,'2008-10-19 12:55:39',1,11,'38','Post object',2,'No fields changed.'),(117,'2008-10-19 12:55:40',1,11,'38','Post object',2,'No fields changed.'),(118,'2008-10-19 12:56:39',1,11,'39','Post object',1,''),(119,'2008-10-19 12:56:41',1,11,'39','Post object',2,'No fields changed.'),(120,'2008-10-19 12:57:30',1,11,'40','Post object',1,''),(121,'2008-10-19 12:58:14',1,11,'41','Post object',1,''),(122,'2008-10-19 12:58:17',1,11,'41','Post object',2,'No fields changed.'),(123,'2008-10-19 12:59:05',1,11,'42','Post object',1,''),(124,'2008-10-19 12:59:17',1,11,'42','Post object',2,'No fields changed.'),(125,'2008-10-19 13:01:01',1,11,'43','Post object',1,''),(126,'2008-10-19 13:01:47',1,11,'44','Post object',1,''),(127,'2008-10-19 13:02:19',1,11,'45','Post object',1,''),(128,'2008-10-19 13:04:48',1,11,'46','Post object',1,''),(129,'2008-10-19 13:05:46',1,11,'47','Post object',1,''),(130,'2008-10-19 13:07:03',1,11,'48','Post object',1,''),(131,'2008-10-19 13:07:34',1,11,'48','Post object',2,'Changed post content.'),(132,'2008-10-19 13:07:46',1,11,'48','Post object',2,'Changed post content.'),(133,'2008-10-19 13:08:20',1,11,'49','Post object',1,''),(134,'2008-10-19 20:26:22',1,11,'50','Post object',1,''),(135,'2008-10-19 20:26:55',1,11,'51','Post object',1,''),(136,'2008-10-19 20:27:20',1,11,'52','Post object',1,''),(137,'2008-10-19 20:27:53',1,11,'53','Post object',1,''),(138,'2008-10-19 20:28:31',1,11,'54','Post object',1,''),(139,'2008-10-19 20:29:12',1,11,'55','Post object',1,''),(140,'2008-10-19 20:30:02',1,11,'56','Post object',1,''),(141,'2008-10-19 20:30:40',1,11,'57','Post object',1,''),(142,'2008-10-19 20:31:19',1,11,'58','Post object',1,''),(143,'2008-10-19 20:32:05',1,11,'59','Post object',1,''),(144,'2008-10-19 20:32:48',1,11,'60','Post object',1,''),(145,'2008-10-19 20:33:53',1,11,'61','Post object',1,''),(146,'2008-10-19 20:34:30',1,11,'61','Post object',2,'Changed post content.'),(147,'2008-10-19 20:34:46',1,11,'61','Post object',2,'Changed post content.'),(148,'2008-10-19 20:35:27',1,11,'62','Post object',1,''),(149,'2008-10-19 20:35:55',1,11,'63','Post object',1,''),(150,'2008-10-19 20:36:28',1,11,'64','Post object',1,''),(151,'2008-10-19 20:36:57',1,11,'65','Post object',1,''),(152,'2008-10-19 20:37:26',1,11,'66','Post object',1,''),(153,'2008-10-19 20:41:20',1,11,'67','Post object',1,''),(154,'2008-10-19 20:43:45',1,11,'68','Post object',1,''),(155,'2008-10-19 20:51:04',1,11,'69','Post object',1,''),(156,'2008-10-19 20:52:49',1,11,'70','Post object',1,''),(157,'2008-10-19 20:55:25',1,11,'71','Post object',1,''),(158,'2008-10-19 20:56:04',1,11,'72','Post object',1,''),(159,'2008-10-19 20:56:31',1,11,'73','Post object',1,''),(160,'2008-10-19 20:58:01',1,11,'73','Post object',2,'Changed post content author.'),(161,'2008-10-19 20:58:36',1,11,'74','Post object',1,''),(162,'2008-10-19 20:59:31',1,11,'75','Post object',1,''),(163,'2008-10-19 21:00:17',1,11,'76','Post object',1,''),(164,'2008-10-19 21:00:43',1,11,'77','Post object',1,''),(165,'2008-10-19 21:01:39',1,11,'78','Post object',1,''),(166,'2008-10-19 21:03:45',1,12,'34','kafka',1,''),(167,'2008-10-19 21:03:49',1,11,'79','Post object',1,''),(168,'2008-10-19 21:04:04',1,11,'78','Post object',2,'No fields changed.'),(169,'2008-10-19 21:06:36',1,11,'14','Post object',2,'No fields changed.'),(170,'2008-10-19 21:06:58',1,11,'14','Post object',2,'Changed post datetime.'),(171,'2008-10-19 21:10:48',1,11,'80','Post object',1,''),(172,'2008-10-19 21:11:20',1,11,'81','Post object',1,''),(173,'2008-10-19 21:13:31',1,11,'82','Post object',1,''),(174,'2008-10-19 21:17:50',1,11,'83','Post object',1,''),(175,'2008-10-19 21:18:32',1,11,'84','Post object',1,''),(176,'2008-10-19 21:19:41',1,11,'85','Post object',1,''),(177,'2008-10-19 21:22:51',1,12,'35','terrypratchett',1,''),(178,'2008-10-19 21:22:54',1,11,'86','Post object',1,''),(179,'2008-10-19 21:23:36',1,12,'36','discworld',1,''),(180,'2008-10-19 21:23:39',1,11,'86','Post object',2,'No fields changed.'),(181,'2008-10-19 21:33:45',1,11,'87','Post object',1,''),(182,'2008-10-19 21:34:27',1,11,'88','Post object',1,''),(183,'2008-10-19 21:35:45',1,11,'89','Post object',1,''),(184,'2008-10-19 21:37:14',1,12,'37','shakespear',1,''),(185,'2008-10-19 21:37:19',1,11,'90','Post object',1,''),(186,'2008-10-19 21:37:31',1,11,'88','Post object',2,'No fields changed.'),(187,'2008-10-19 21:38:30',1,11,'91','Post object',1,''),(188,'2008-10-19 21:38:43',1,12,'37','shakespeare',2,'Changed tag name.'),(189,'2008-10-19 21:39:50',1,11,'92','Post object',1,''),(190,'2008-10-19 21:40:51',1,11,'93','Post object',1,''),(191,'2008-10-19 21:41:21',1,11,'93','Post object',2,'Changed post content.'),(192,'2008-10-19 21:43:54',1,12,'38','mobydick',1,''),(193,'2008-10-19 21:43:56',1,11,'94','Post object',1,''),(194,'2008-10-19 21:44:12',1,11,'93','Post object',2,'No fields changed.'),(195,'2008-10-19 21:45:03',1,11,'95','Post object',1,''),(196,'2008-10-19 21:45:47',1,11,'96','Post object',1,''),(197,'2008-10-19 21:46:12',1,11,'96','Post object',2,'Changed post content.'),(198,'2008-10-19 21:47:37',1,11,'97','Post object',1,''),(199,'2008-10-19 21:48:26',1,12,'11','humor',2,'Changed tag name and tag description.'),(200,'2008-10-19 21:48:26',1,12,'11','humor',2,'No fields changed.'),(201,'2008-10-19 21:49:49',1,11,'98','Post object',1,''),(202,'2008-10-19 21:51:19',1,11,'99','Post object',1,''),(203,'2008-10-19 21:52:07',1,11,'100','Post object',1,''),(204,'2008-10-19 21:52:31',1,12,'31','quotes',2,'Changed tag name.'),(205,'2008-10-19 21:53:35',1,11,'101','Post object',1,''),(206,'2008-10-19 21:54:22',1,11,'102','Post object',1,''),(207,'2008-10-19 21:54:53',1,11,'102','Post object',2,'No fields changed.'),(208,'2008-10-19 21:55:45',1,11,'103','Post object',1,''),(209,'2008-10-19 21:56:09',1,11,'104','Post object',1,''),(210,'2008-10-19 21:57:09',1,11,'105','Post object',1,''),(211,'2008-10-19 21:57:31',1,11,'105','Post object',2,'Changed post comments.'),(212,'2008-10-19 21:57:52',1,11,'105','Post object',2,'Changed post comments.'),(213,'2008-10-19 21:58:38',1,11,'106','Post object',1,''),(214,'2008-10-19 21:59:32',1,11,'107','Post object',1,''),(215,'2008-10-19 22:00:08',1,11,'108','Post object',1,''),(216,'2008-10-19 22:00:24',1,11,'108','Post object',2,'No fields changed.'),(217,'2008-10-19 22:01:03',1,11,'109','Post object',1,''),(218,'2008-10-19 22:01:45',1,11,'110','Post object',1,''),(219,'2008-10-19 22:02:29',1,11,'111','Post object',1,''),(220,'2008-10-19 22:03:12',1,11,'112','Post object',1,''),(221,'2008-10-19 22:03:44',1,11,'113','Post object',1,''),(222,'2008-10-19 22:04:32',1,11,'114','Post object',1,''),(223,'2008-10-19 22:05:06',1,11,'115','Post object',1,''),(224,'2008-10-19 22:05:17',1,11,'115','Post object',2,'No fields changed.'),(225,'2008-10-19 22:06:03',1,11,'116','Post object',1,''),(226,'2008-10-19 22:06:43',1,11,'117','Post object',1,''),(227,'2008-10-19 22:07:24',1,11,'118','Post object',1,''),(228,'2008-10-19 22:08:10',1,11,'119','Post object',1,''),(229,'2008-10-19 22:08:55',1,11,'120','Post object',1,''),(230,'2008-10-19 22:09:42',1,11,'121','Post object',1,''),(231,'2008-10-19 22:10:21',1,11,'122','Post object',1,''),(232,'2008-10-19 22:11:03',1,11,'123','Post object',1,''),(233,'2008-10-19 22:12:04',1,11,'124','Post object',1,''),(234,'2008-10-19 22:12:28',1,11,'125','Post object',1,''),(235,'2008-10-19 22:13:14',1,11,'126','Post object',1,''),(236,'2008-10-19 22:16:00',1,11,'127','Post object',1,''),(237,'2008-10-19 22:17:07',1,12,'39','dorothyparker',1,''),(238,'2008-10-19 22:17:11',1,11,'128','Post object',1,''),(239,'2008-10-19 22:18:50',1,12,'40','tseliot',1,''),(240,'2008-10-19 22:19:11',1,11,'129','Post object',1,''),(241,'2008-10-19 22:19:44',1,11,'130','Post object',1,''),(242,'2008-10-19 22:20:13',1,11,'131','Post object',1,''),(243,'2008-10-19 22:20:58',1,11,'132','Post object',1,''),(244,'2008-10-19 22:21:36',1,11,'133','Post object',1,''),(245,'2008-10-19 22:33:39',1,11,'134','Post object',1,''),(246,'2008-10-19 22:33:55',1,11,'134','Post object',2,'Changed post content.'),(247,'2008-10-19 22:35:03',1,11,'135','Post object',1,''),(248,'2008-10-19 22:35:19',1,11,'135','Post object',2,'No fields changed.'),(249,'2008-10-19 22:35:48',1,11,'136','Post object',1,''),(250,'2008-10-19 22:36:34',1,11,'137','Post object',1,''),(251,'2008-10-19 22:37:10',1,11,'138','Post object',1,''),(252,'2008-10-19 22:38:01',1,11,'139','Post object',1,''),(253,'2008-10-19 22:38:18',1,11,'139','Post object',2,'Changed post content.'),(254,'2008-10-19 22:39:01',1,11,'140','Post object',1,''),(255,'2008-10-19 22:39:35',1,11,'141','Post object',1,''),(256,'2008-10-19 22:40:23',1,11,'142','Post object',1,''),(257,'2008-10-19 22:40:50',1,11,'143','Post object',1,''),(258,'2008-10-19 22:41:28',1,11,'144','Post object',1,''),(259,'2008-10-19 22:41:53',1,11,'145','Post object',1,''),(260,'2008-10-19 22:43:09',1,11,'146','Post object',1,''),(261,'2008-10-19 22:44:06',1,11,'147','Post object',1,''),(262,'2008-10-19 22:44:36',1,11,'148','Post object',1,''),(263,'2008-10-19 22:45:22',1,11,'149','Post object',1,''),(264,'2008-10-19 22:45:57',1,11,'150','Post object',1,''),(265,'2008-10-19 22:46:40',1,11,'151','Post object',1,''),(266,'2008-10-19 22:47:43',1,11,'152','Post object',1,''),(267,'2008-10-19 22:48:17',1,11,'153','Post object',1,''),(268,'2008-10-19 22:49:07',1,11,'154','Post object',1,''),(269,'2008-10-19 22:49:41',1,11,'155','Post object',1,''),(270,'2008-10-19 22:51:11',1,11,'156','Post object',1,''),(271,'2008-10-19 22:51:37',1,11,'157','Post object',1,''),(272,'2008-10-19 22:52:13',1,11,'158','Post object',1,''),(273,'2008-10-19 22:52:41',1,11,'159','Post object',1,''),(274,'2008-10-19 22:54:27',1,11,'159','Post object',2,'Changed post content.'),(275,'2008-10-19 22:55:14',1,11,'160','Post object',1,''),(276,'2008-10-19 22:55:58',1,11,'161','Post object',1,''),(277,'2008-10-19 22:56:36',1,11,'162','Post object',1,''),(278,'2008-10-19 22:56:55',1,11,'163','Post object',1,''),(279,'2008-10-19 22:57:24',1,11,'164','Post object',1,''),(280,'2008-10-19 22:57:43',1,11,'164','Post object',2,'Changed post content author.'),(281,'2008-10-19 22:58:38',1,11,'165','Post object',1,''),(282,'2008-10-19 22:59:01',1,11,'166','Post object',1,''),(283,'2008-10-19 22:59:52',1,11,'167','Post object',1,''),(284,'2008-10-19 23:00:22',1,11,'168','Post object',1,''),(285,'2008-10-19 23:00:46',1,11,'169','Post object',1,''),(286,'2008-10-19 23:01:04',1,11,'170','Post object',1,''),(287,'2008-10-19 23:01:31',1,11,'171','Post object',1,''),(288,'2008-10-19 23:02:07',1,11,'172','Post object',1,''),(289,'2008-10-19 23:02:31',1,11,'173','Post object',1,''),(290,'2008-10-19 23:02:58',1,11,'174','Post object',1,''),(291,'2008-10-19 23:04:34',1,11,'175','Post object',1,''),(292,'2008-10-19 23:05:03',1,11,'176','Post object',1,''),(293,'2008-10-19 23:05:34',1,11,'177','Post object',1,''),(294,'2008-10-19 23:05:56',1,11,'178','Post object',1,''),(295,'2008-10-19 23:07:19',1,11,'179','Post object',1,''),(296,'2008-10-19 23:07:52',1,11,'180','Post object',1,''),(297,'2008-10-19 23:08:17',1,11,'181','Post object',1,''),(298,'2008-10-19 23:08:32',1,11,'181','Post object',2,'Changed post content.'),(299,'2008-10-19 23:09:00',1,11,'182','Post object',1,''),(300,'2008-10-19 23:09:35',1,11,'183','Post object',1,''),(301,'2008-10-19 23:09:59',1,11,'183','Post object',2,'Changed post content.'),(302,'2008-10-19 23:10:41',1,11,'184','Post object',1,''),(303,'2008-10-19 23:11:27',1,11,'185','Post object',1,''),(304,'2008-10-19 23:11:55',1,11,'186','Post object',1,''),(305,'2008-10-19 23:12:26',1,11,'187','Post object',1,''),(306,'2008-10-19 23:12:46',1,11,'187','Post object',2,'No fields changed.'),(307,'2008-10-20 06:52:46',1,8,'1','SkillSet object',1,''),(308,'2008-10-20 06:53:55',1,8,'2','SkillSet object',1,''),(309,'2008-10-20 07:09:44',1,8,'3','SkillSet object',1,''),(310,'2008-10-20 07:10:18',1,8,'4','SkillSet object',1,''),(311,'2008-10-20 07:10:37',1,8,'4','SkillSet object',2,'Changed skills.'),(312,'2008-10-20 07:10:46',1,8,'1','SkillSet object',2,'Changed skills.'),(313,'2008-10-20 07:12:27',1,8,'5','SkillSet object',1,''),(314,'2008-10-20 16:08:32',1,13,'1','Experience object',1,''),(315,'2008-10-20 16:08:34',1,13,'1','Experience object',2,'No fields changed.'),(316,'2008-10-20 16:08:42',1,13,'1','Experience object',2,'Changed type.'),(317,'2008-10-20 16:13:48',1,13,'2','Experience object',1,''),(318,'2008-10-20 16:14:49',1,13,'2','Experience object',2,'Changed title.'),(319,'2008-10-20 16:16:57',1,13,'2','Experience object',2,'Changed start date.'),(320,'2008-10-21 06:27:34',1,13,'1','Software Developer II@Vonage Inc.',2,'Changed start date.'),(321,'2008-10-21 06:27:35',1,13,'1','Software Developer II@Vonage Inc.',2,'No fields changed.'),(322,'2008-10-21 06:28:14',1,13,'1','Software Developer II@Vonage Inc.',2,'Changed start date and end date.'),(323,'2008-10-21 06:30:36',1,13,'3','Research Assistant@University of Delaware',1,''),(324,'2008-10-21 06:31:34',1,13,'1','Software Developer II@Vonage Inc.',2,'Changed start date.'),(325,'2008-10-21 06:31:56',1,13,'2','Software Developer@Vonage Inc.',2,'Changed start date.'),(326,'2008-10-21 06:32:24',1,13,'1','Software Developer II@Vonage Inc.',2,'Changed end date.'),(327,'2008-10-21 06:32:37',1,13,'2','Software Developer@Vonage Inc.',2,'Changed end date.'),(328,'2008-10-21 06:34:22',1,9,'1','NeharArora',1,''),(329,'2008-10-24 07:38:21',1,9,'1','NeharArora',1,''),(330,'2008-10-24 07:41:06',1,14,'1','Tax API upgrades',1,''),(331,'2008-10-24 07:42:30',1,14,'2','PCI Secure Code initiative',1,''),(332,'2008-10-24 07:43:47',1,13,'1','Software Developer II@Vonage Inc.',1,''),(333,'2008-10-24 07:44:44',1,13,'2','Software Developer@Vonage Inc.',1,''),(334,'2008-10-24 07:46:35',1,13,'3','Research Assistant@University of Delaware',1,''),(335,'2008-10-24 07:48:03',1,8,'1','SkillSet object',1,''),(336,'2008-10-24 07:48:52',1,8,'2','SkillSet object',1,''),(337,'2008-10-24 07:49:32',1,8,'3','SkillSet object',1,''),(338,'2008-10-24 07:49:59',1,8,'4','SkillSet object',1,''),(339,'2008-10-24 07:50:08',1,8,'5','SkillSet object',1,''),(340,'2008-10-24 07:53:44',1,15,'1','Course object',1,''),(341,'2008-10-24 07:54:43',1,10,'1','Resume object',1,''),(342,'2008-10-25 10:56:57',1,14,'3','self',1,''),(343,'2008-10-25 10:57:02',1,10,'1','Resume object',2,'No fields changed.'),(344,'2008-10-25 19:41:26',1,14,'3','wobsite',2,'Changed project name.'),(345,'2008-10-27 06:44:28',1,11,'188','Post object',1,''),(346,'2008-11-04 17:18:11',1,15,'2','Undergrad',1,''),(347,'2008-11-04 17:20:03',1,10,'1','Resume object',2,'No fields changed.'),(348,'2008-11-04 17:23:50',1,14,'4','Device Change Phase II',1,''),(349,'2008-11-04 17:24:09',1,13,'1','Software Developer II@Vonage Inc.',2,'No fields changed.'),(350,'2008-11-04 17:27:03',1,14,'5','Billing-Services functional Webservice API',1,''),(351,'2008-11-04 17:27:37',1,13,'1','Software Developer II@Vonage Inc.',2,'No fields changed.'),(352,'2008-11-04 17:30:40',1,14,'6','Device Change Phase I',1,''),(353,'2008-11-04 17:32:16',1,14,'7','Billing-Services functional testing framework',1,''),(354,'2008-11-04 17:33:29',1,14,'8','Rate Plan and Promotion History',1,''),(355,'2008-11-04 17:34:41',1,14,'9','Standalone Functional test rig',1,''),(356,'2008-11-04 17:35:51',1,14,'10','Taxation Components',1,''),(357,'2008-11-04 17:36:39',1,14,'11','Prepay plans',1,''),(358,'2008-11-04 17:37:19',1,14,'12','RAF 2 for 2',1,''),(359,'2008-11-04 17:37:45',1,14,'5','Billing-Services Webservice API',2,'Changed project name.'),(360,'2008-11-04 17:38:37',1,13,'2','Software Developer@Vonage Inc.',2,'No fields changed.'),(361,'2008-11-04 17:40:11',1,14,'9','Standalone Functional Testing Initiative',2,'Changed project name.'),(362,'2008-11-04 17:46:15',1,14,'13','EventBuilder ',1,''),(363,'2008-11-04 17:46:34',1,13,'3','Research Assistant@University of Delaware',2,'No fields changed.'),(364,'2008-11-04 17:53:20',1,13,'4','MS Computer In@University of Delaware',1,''),(365,'2008-11-06 11:21:16',1,10,'1','Resume object',2,'No fields changed.'),(366,'2008-11-06 13:50:53',1,10,'1','Resume object',2,'No fields changed.'),(367,'2008-11-06 15:34:55',1,13,'5','Bachelor in Informaton Technology@University of Delhi',1,''),(368,'2008-11-06 15:35:19',1,10,'1','Resume object',2,'No fields changed.'),(369,'2008-11-07 06:55:44',1,11,'189','Post object',1,''),(370,'2008-11-07 06:56:15',1,11,'189','Post object',2,'No fields changed.'),(371,'2008-11-07 06:57:11',1,11,'190','Post object',1,''),(372,'2008-11-07 06:58:24',1,11,'191','Post object',1,''),(373,'2008-11-07 06:58:53',1,11,'192','Post object',1,''),(374,'2008-11-07 06:59:36',1,11,'193','Post object',1,''),(375,'2008-11-07 07:00:10',1,11,'194','Post object',1,''),(376,'2008-11-07 07:00:27',1,11,'194','Post object',2,'Changed post content author.'),(377,'2008-11-07 07:00:43',1,11,'194','Post object',2,'Changed post content.'),(378,'2008-11-07 07:01:25',1,11,'195','Post object',1,''),(379,'2008-11-07 07:02:16',1,11,'196','Post object',1,''),(380,'2008-11-07 07:03:01',1,11,'197','Post object',1,''),(381,'2008-11-07 07:03:36',1,11,'198','Post object',1,''),(382,'2008-11-07 07:04:16',1,11,'199','Post object',1,''),(383,'2008-11-07 07:04:45',1,11,'200','Post object',1,''),(384,'2008-11-07 07:05:35',1,11,'201','Post object',1,''),(385,'2008-11-07 07:05:59',1,11,'202','Post object',1,''),(386,'2008-11-07 07:06:26',1,11,'203','Post object',1,''),(387,'2008-11-07 07:06:56',1,11,'204','Post object',1,''),(388,'2008-11-07 07:13:21',1,11,'205','Post object',1,''),(389,'2008-11-07 07:14:06',1,11,'206','Post object',1,''),(390,'2008-11-07 07:15:09',1,11,'207','Post object',1,''),(391,'2008-11-07 07:16:28',1,11,'208','Post object',1,''),(392,'2008-11-07 07:17:30',1,11,'209','Post object',1,''),(393,'2008-11-07 07:18:50',1,11,'210','Post object',1,''),(394,'2008-11-07 07:19:29',1,11,'211','Post object',1,''),(395,'2008-11-07 07:19:56',1,11,'212','Post object',1,''),(396,'2008-11-07 07:20:55',1,11,'213','Post object',1,''),(397,'2008-11-07 07:21:32',1,11,'214','Post object',1,''),(398,'2008-11-07 07:22:23',1,11,'215','Post object',1,''),(399,'2008-11-07 07:23:15',1,11,'216','Post object',1,''),(400,'2008-11-07 07:23:51',1,11,'217','Post object',1,''),(401,'2008-11-07 07:24:23',1,11,'218','Post object',1,''),(402,'2008-11-07 07:24:51',1,11,'219','Post object',1,''),(403,'2008-11-07 07:25:15',1,11,'220','Post object',1,''),(404,'2008-11-07 07:25:39',1,11,'221','Post object',1,''),(405,'2008-11-07 07:26:14',1,11,'222','Post object',1,''),(406,'2008-11-07 07:26:49',1,11,'223','Post object',1,''),(407,'2008-11-07 07:27:18',1,11,'224','Post object',1,''),(408,'2008-11-07 07:28:08',1,11,'225','Post object',1,''),(409,'2008-11-07 07:28:38',1,11,'226','Post object',1,''),(410,'2008-11-07 07:29:16',1,11,'227','Post object',1,''),(411,'2008-11-07 07:30:23',1,11,'228','Post object',1,''),(412,'2008-11-07 07:30:56',1,11,'229','Post object',1,''),(413,'2008-11-07 07:32:01',1,11,'230','Post object',1,''),(414,'2008-11-07 07:33:55',1,11,'231','Post object',1,''),(415,'2008-11-07 07:35:18',1,11,'232','Post object',1,''),(416,'2008-11-07 07:36:03',1,11,'233','Post object',1,''),(417,'2008-11-07 07:36:56',1,11,'234','Post object',1,''),(418,'2008-11-07 07:37:22',1,11,'235','Post object',1,''),(419,'2008-11-07 07:37:50',1,11,'236','Post object',1,''),(420,'2008-11-07 07:38:22',1,11,'237','Post object',1,''),(421,'2008-11-07 07:38:51',1,11,'238','Post object',1,''),(422,'2008-11-07 07:39:16',1,11,'239','Post object',1,''),(423,'2008-11-07 07:40:00',1,11,'240','Post object',1,''),(424,'2008-11-07 07:40:29',1,11,'241','Post object',1,''),(425,'2008-11-07 07:41:02',1,11,'242','Post object',1,''),(426,'2008-11-07 07:41:38',1,11,'243','Post object',1,''),(427,'2008-11-07 07:42:06',1,11,'244','Post object',1,''),(428,'2008-11-07 07:42:33',1,11,'245','Post object',1,''),(429,'2008-11-07 07:43:21',1,11,'246','Post object',1,''),(430,'2008-11-07 07:43:51',1,11,'247','Post object',1,''),(431,'2008-11-07 07:45:30',1,11,'248','Post object',1,''),(432,'2008-11-07 07:46:01',1,11,'249','Post object',1,''),(433,'2008-11-07 07:46:31',1,11,'250','Post object',1,''),(434,'2008-11-07 07:47:16',1,11,'251','Post object',1,''),(435,'2008-11-07 07:47:47',1,11,'252','Post object',1,''),(436,'2008-11-07 07:48:16',1,11,'253','Post object',1,''),(437,'2008-11-07 07:48:48',1,11,'254','Post object',1,''),(438,'2008-11-08 08:15:26',1,12,'41','thinkgeek',1,''),(439,'2008-11-08 08:15:42',1,11,'255','Post object',1,''),(440,'2008-11-08 08:18:41',1,12,'42','science',1,''),(441,'2008-11-08 08:19:00',1,11,'256','Post object',1,''),(442,'2008-11-08 08:22:38',1,11,'257','Post object',1,''),(443,'2008-11-08 08:23:34',1,11,'258','Post object',1,''),(444,'2008-11-08 08:24:21',1,11,'259','Post object',1,''),(445,'2008-11-08 08:25:13',1,11,'260','Post object',1,''),(446,'2008-11-08 08:26:25',1,12,'43','woot.com',1,''),(447,'2008-11-08 08:26:28',1,11,'261','Post object',1,''),(448,'2008-11-08 08:27:21',1,12,'43','woot',2,'Changed tag name.'),(449,'2008-11-08 08:30:04',1,12,'44','slashdot',1,''),(450,'2008-11-08 08:30:17',1,11,'262','Post object',1,''),(451,'2008-11-08 08:31:00',1,11,'263','Post object',1,''),(452,'2008-11-08 08:33:00',1,11,'264','Post object',1,''),(453,'2008-11-08 08:33:28',1,11,'265','Post object',1,''),(454,'2008-11-08 08:35:24',1,11,'266','Post object',1,''),(455,'2008-11-08 08:36:07',1,11,'267','Post object',1,''),(456,'2008-11-08 08:37:00',1,11,'268','Post object',1,''),(457,'2008-11-08 08:38:38',1,11,'269','Post object',1,''),(458,'2008-11-08 08:39:03',1,11,'267','Post object',2,'Changed post content.'),(459,'2008-11-08 08:40:50',1,11,'270','Post object',1,''),(460,'2008-11-08 08:43:01',1,11,'271','Post object',1,''),(461,'2008-11-08 08:44:42',1,12,'45','nietzsche',1,''),(462,'2008-11-08 08:44:58',1,11,'272','Post object',1,''),(463,'2008-11-08 08:45:56',1,11,'273','Post object',1,''),(464,'2008-11-08 08:46:30',1,11,'274','Post object',1,''),(465,'2008-11-08 08:51:27',1,11,'275','Post object',1,''),(466,'2008-11-08 08:51:45',1,11,'275','Post object',2,'Changed post content.'),(467,'2008-11-08 08:53:56',1,11,'276','Post object',1,''),(468,'2008-11-10 01:17:50',1,11,'277','Post object',1,''),(469,'2008-11-10 01:18:42',1,11,'278','Post object',1,''),(470,'2008-11-10 01:19:16',1,11,'279','Post object',1,''),(471,'2008-11-10 01:20:07',1,11,'280','Post object',1,''),(472,'2008-11-10 01:20:20',1,11,'279','Post object',2,'No fields changed.'),(473,'2008-11-10 01:20:50',1,11,'278','Post object',2,'No fields changed.'),(474,'2008-11-10 01:21:26',1,11,'280','Post object',2,'Changed post content.'),(475,'2008-11-10 01:23:14',1,11,'281','Post object',1,''),(476,'2008-11-10 01:23:40',1,11,'282','Post object',1,''),(477,'2008-11-10 01:24:38',1,11,'283','Post object',1,''),(478,'2008-11-10 01:25:14',1,11,'284','Post object',1,''),(479,'2008-11-10 01:25:44',1,11,'285','Post object',1,''),(480,'2008-11-10 01:30:58',1,11,'286','Post object',1,''),(481,'2008-11-10 01:31:29',1,11,'287','Post object',1,''),(482,'2008-11-10 01:31:55',1,11,'288','Post object',1,''),(483,'2008-11-10 01:32:32',1,11,'289','Post object',1,''),(484,'2008-11-10 01:33:17',1,11,'290','Post object',1,''),(485,'2008-11-10 01:33:36',1,11,'291','Post object',1,''),(486,'2008-11-10 01:34:04',1,11,'292','Post object',1,''),(487,'2008-11-10 01:34:26',1,11,'293','Post object',1,''),(488,'2008-11-10 01:34:52',1,11,'294','Post object',1,''),(489,'2008-11-10 01:35:15',1,11,'295','Post object',1,''),(490,'2008-11-10 01:35:48',1,11,'296','Post object',1,''),(491,'2008-11-10 01:36:10',1,11,'297','Post object',1,''),(492,'2008-11-10 01:37:07',1,11,'298','Post object',1,''),(493,'2008-11-10 07:33:45',1,11,'299','Post object',1,''),(494,'2008-11-10 07:34:45',1,11,'300','Post object',1,''),(495,'2008-11-10 07:35:25',1,11,'301','Post object',1,''),(496,'2008-11-10 07:37:10',1,11,'302','Post object',1,''),(497,'2008-11-10 07:37:56',1,11,'303','Post object',1,''),(498,'2008-11-11 07:20:28',1,12,'46','thenothingthatis',1,''),(499,'2008-11-11 07:20:45',1,11,'304','Post object',1,''),(500,'2008-11-11 07:21:31',1,11,'304','Post object',2,'Changed post content.'),(501,'2008-11-11 07:22:00',1,11,'305','Post object',1,''),(502,'2008-11-11 07:22:54',1,11,'306','Post object',1,''),(503,'2008-11-11 07:23:22',1,11,'307','Post object',1,''),(504,'2008-11-11 07:24:24',1,11,'308','Post object',1,''),(505,'2008-11-11 07:25:14',1,11,'309','Post object',1,''),(506,'2008-11-11 07:25:40',1,11,'310','Post object',1,''),(507,'2008-11-11 07:26:06',1,11,'311','Post object',1,''),(508,'2008-11-11 07:26:35',1,11,'312','Post object',1,''),(509,'2008-11-11 07:27:59',1,11,'313','Post object',1,''),(510,'2008-11-11 07:28:54',1,11,'314','Post object',1,''),(511,'2008-11-11 07:30:22',1,11,'315','Post object',1,''),(512,'2008-11-11 07:31:01',1,11,'316','Post object',1,''),(513,'2008-11-11 07:31:39',1,11,'317','Post object',1,''),(514,'2008-11-11 07:32:07',1,11,'318','Post object',1,''),(515,'2008-11-11 07:32:32',1,11,'319','Post object',1,''),(516,'2008-11-11 07:33:03',1,11,'320','Post object',1,''),(517,'2008-11-11 07:33:34',1,11,'321','Post object',1,''),(518,'2008-11-11 07:35:00',1,11,'322','Post object',1,''),(519,'2008-11-11 07:35:37',1,11,'323','Post object',1,''),(520,'2008-11-11 07:38:19',1,11,'324','Post object',1,''),(521,'2008-11-11 07:39:15',1,11,'325','Post object',1,''),(522,'2008-11-13 06:36:41',1,12,'47','lud-in-the-mist',1,''),(523,'2008-11-13 06:40:14',1,11,'326','Post object',1,''),(524,'2008-11-13 06:41:19',1,11,'327','Post object',1,''),(525,'2008-11-13 06:42:26',1,11,'328','Post object',1,''),(526,'2008-11-13 06:44:17',1,11,'329','Post object',1,''),(527,'2008-11-13 06:46:07',1,11,'330','Post object',1,''),(528,'2008-11-14 06:24:48',1,11,'331','Post object',1,''),(529,'2008-11-14 06:30:01',1,11,'332','Post object',1,''),(530,'2008-11-14 06:42:22',1,11,'331','Post object',2,'Changed post content.'),(531,'2008-11-16 10:14:42',1,12,'48','bashdotorg',1,''),(532,'2008-11-16 10:14:46',1,11,'333','Post object',1,''),(533,'2008-11-16 10:16:21',1,11,'334','Post object',1,''),(534,'2008-11-16 10:16:36',1,11,'333','Post object',2,'Changed post heading and post content author.'),(535,'2008-11-16 10:16:56',1,11,'334','Post object',2,'Changed post content.'),(536,'2008-11-16 10:18:27',1,11,'335','Post object',1,''),(537,'2008-11-16 10:19:15',1,11,'333','Post object',2,'Changed post content.'),(538,'2008-11-16 10:19:43',1,11,'333','Post object',2,'Changed post content.'),(539,'2008-11-16 10:20:01',1,11,'333','Post object',2,'Changed post content.'),(540,'2008-11-16 10:20:09',1,11,'333','Post object',2,'Changed post content.'),(541,'2008-11-16 10:25:26',1,11,'334','Post object',2,'Changed post content.'),(542,'2008-11-16 10:25:47',1,11,'335','Post object',2,'Changed post content.'),(543,'2008-11-16 10:26:16',1,11,'335','Post object',2,'Changed post content.'),(544,'2008-11-16 10:27:27',1,11,'336','Post object',1,''),(545,'2008-11-16 10:27:54',1,11,'336','Post object',2,'Changed post content.'),(546,'2008-11-16 10:28:11',1,11,'336','Post object',2,'Changed post content.'),(547,'2008-11-16 10:29:38',1,11,'337','Post object',1,''),(548,'2008-11-16 10:31:00',1,11,'338','Post object',1,''),(549,'2008-11-16 10:31:29',1,11,'338','Post object',2,'Changed post content.'),(550,'2008-11-16 10:33:25',1,11,'339','Post object',1,''),(551,'2008-11-16 10:35:49',1,11,'340','Post object',1,''),(552,'2008-11-16 10:36:30',1,11,'341','Post object',1,''),(553,'2008-11-16 10:37:42',1,11,'342','Post object',1,''),(554,'2008-11-16 10:37:56',1,11,'342','Post object',2,'Changed post content.'),(555,'2008-11-16 10:39:29',1,11,'343','Post object',1,''),(556,'2008-11-16 10:40:36',1,11,'344','Post object',1,''),(557,'2008-11-16 10:41:26',1,11,'345','Post object',1,''),(558,'2008-11-16 10:42:07',1,11,'346','Post object',1,''),(559,'2008-11-16 10:43:29',1,11,'347','Post object',1,''),(560,'2008-11-16 10:44:49',1,11,'348','Post object',1,''),(561,'2008-11-16 10:47:27',1,11,'341','Post object',2,'No fields changed.'),(562,'2008-11-16 10:48:34',1,11,'341','Post object',2,'No fields changed.'),(563,'2008-11-16 10:49:26',1,11,'340','Post object',3,''),(564,'2008-11-16 10:51:23',1,11,'98','Post object',2,'Changed post content author.'),(565,'2008-11-16 10:52:10',1,11,'81','Post object',2,'Changed post content author.'),(566,'2008-11-16 10:55:09',1,11,'349','Post object',1,''),(567,'2008-11-16 10:55:53',1,11,'350','Post object',1,''),(568,'2008-11-16 10:56:35',1,11,'351','Post object',1,''),(569,'2008-11-16 10:57:18',1,11,'351','Post object',3,''),(570,'2008-11-16 10:57:30',1,11,'350','Post object',3,''),(571,'2008-11-17 08:22:05',1,11,'43','Post object',2,'Changed post content.'),(572,'2008-11-17 08:23:39',1,11,'352','Post object',1,''),(573,'2008-11-17 08:24:20',1,11,'353','Post object',1,''),(574,'2008-11-17 08:25:13',1,11,'354','Post object',1,''),(575,'2008-11-17 08:25:51',1,11,'355','Post object',1,''),(576,'2008-11-17 08:26:22',1,11,'356','Post object',1,''),(577,'2008-11-17 08:27:22',1,11,'357','Post object',1,''),(578,'2008-11-17 08:27:46',1,11,'358','Post object',1,''),(579,'2008-11-17 08:28:32',1,11,'359','Post object',1,''),(580,'2008-11-17 08:29:15',1,11,'360','Post object',1,''),(581,'2008-11-17 08:29:51',1,11,'361','Post object',1,''),(582,'2008-11-17 08:30:43',1,11,'362','Post object',1,''),(583,'2008-11-17 08:31:35',1,11,'363','Post object',1,''),(584,'2008-11-17 08:32:27',1,11,'364','Post object',1,''),(585,'2008-11-17 08:33:00',1,11,'365','Post object',1,''),(586,'2008-11-17 08:34:04',1,11,'366','Post object',1,''),(587,'2008-11-17 08:34:49',1,11,'367','Post object',1,''),(588,'2008-11-17 08:35:48',1,11,'368','Post object',1,''),(589,'2008-11-17 08:36:20',1,11,'369','Post object',1,''),(590,'2008-11-17 08:37:17',1,11,'370','Post object',1,''),(591,'2008-11-17 08:38:00',1,11,'371','Post object',1,''),(592,'2008-11-17 08:38:46',1,11,'372','Post object',1,''),(593,'2008-11-17 11:30:45',1,11,'373','Post object',1,''),(594,'2008-11-24 21:27:30',1,11,'374','Post object',1,''),(595,'2009-01-15 08:31:45',1,12,'49','emacs',1,''),(596,'2009-01-15 08:31:47',1,11,'375','Post object',1,''),(597,'2009-01-15 08:33:09',1,11,'375','Post object',2,'Changed post content.'),(598,'2009-01-15 08:34:12',1,11,'375','Post object',2,'Changed post content.'),(599,'2009-01-15 08:35:24',1,12,'50','sed',1,''),(600,'2009-01-15 08:35:37',1,12,'51','unix',1,''),(601,'2009-01-15 08:36:00',1,11,'376','Post object',1,''),(602,'2009-01-15 08:37:04',1,11,'376','Post object',2,'Changed post content.'),(603,'2009-01-15 08:37:27',1,11,'375','Post object',2,'Changed post content author.'),(604,'2009-01-16 08:13:54',1,11,'377','Post object',1,''),(605,'2009-01-16 08:14:55',1,12,'52','maven',1,''),(606,'2009-01-16 08:15:52',1,12,'53','programming',1,''),(607,'2009-01-16 08:16:16',1,11,'378','Post object',1,''),(608,'2009-01-16 08:16:34',1,11,'378','Post object',2,'Changed post content.'),(609,'2009-01-16 08:17:51',1,11,'379','Post object',1,''),(610,'2009-01-16 08:18:15',1,11,'379','Post object',2,'Changed post comments.'),(611,'2009-01-16 08:19:28',1,12,'54','eclipse',1,''),(612,'2009-01-16 08:19:32',1,11,'380','Post object',1,''),(613,'2009-01-16 08:20:49',1,12,'55','vi',1,''),(614,'2009-01-16 08:21:02',1,11,'381','Post object',1,''),(615,'2009-01-19 08:12:57',1,11,'381','Post object',2,'Changed post heading.'),(616,'2009-01-19 08:16:55',1,12,'56','x',1,''),(617,'2009-01-19 08:17:00',1,11,'382','Post object',1,''),(618,'2009-01-19 08:17:20',1,11,'382','Post object',2,'Changed post content.'),(619,'2009-01-19 08:18:22',1,12,'57','windowmanagers',1,''),(620,'2009-01-19 08:18:29',1,11,'382','Post object',2,'No fields changed.'),(621,'2009-01-19 08:19:48',1,12,'58','windowmaker',1,''),(622,'2009-01-19 08:19:50',1,11,'383','Post object',1,''),(623,'2009-01-20 10:04:11',1,12,'59','rdesktop',1,''),(624,'2009-01-20 10:04:13',1,11,'377','Post object',2,'No fields changed.'),(625,'2009-01-20 10:15:38',1,12,'60','kill',1,''),(626,'2009-01-20 10:16:10',1,11,'384','Post object',1,''),(627,'2009-01-20 10:17:02',1,11,'384','Post object',2,'Changed post content.'),(628,'2009-01-20 10:49:15',1,12,'61','bashscripting',1,''),(629,'2009-01-20 10:49:22',1,11,'385','Post object',1,''),(630,'2009-01-20 10:49:42',1,11,'385','Post object',2,'Changed post heading and post content.'),(631,'2009-01-22 16:55:53',1,12,'56','X',2,'Changed tag name.'),(632,'2009-01-22 17:14:06',1,12,'58','windowmaker',2,'Changed tag description.'),(633,'2009-01-22 17:14:17',1,12,'57','windowmanagers',2,'Changed tag description.'),(634,'2009-01-22 17:14:34',1,12,'53','programming',2,'Changed tag description.'),(635,'2009-01-22 17:14:52',1,12,'50','sed',2,'Changed tag description.'),(636,'2009-01-22 17:15:22',1,12,'50','sed',2,'Changed tag description.'),(637,'2009-01-22 17:16:10',1,12,'42','science',2,'Changed tag description.'),(638,'2009-01-22 17:16:21',1,12,'42','science',2,'Changed tag description.'),(639,'2009-01-22 17:17:00',1,12,'34','kafka',2,'Changed tag description.'),(640,'2009-01-22 17:17:36',1,12,'32','wheeloftime',2,'Changed tag description.'),(641,'2009-01-22 17:18:25',1,12,'32','wheeloftime',2,'Changed tag description.'),(642,'2009-01-22 17:19:35',1,12,'20','video',2,'Changed tag description.'),(643,'2009-01-22 17:19:48',1,12,'16','tech',2,'Changed tag description.'),(644,'2009-01-22 17:20:18',1,12,'7','literary',2,'Changed tag description.'),(645,'2009-01-23 15:57:29',1,12,'62','subversion',1,''),(646,'2009-01-23 15:57:43',1,11,'386','Post object',1,''),(647,'2009-01-23 16:07:08',1,11,'386','Post object',2,'Changed post heading.'),(648,'2009-01-23 16:10:21',1,11,'387','Post object',1,''),(649,'2009-01-23 16:11:10',1,12,'24','notes',2,'Changed tag description.'),(650,'2009-01-23 16:13:43',1,11,'388','Post object',1,''),(651,'2009-01-23 16:14:30',1,11,'388','Post object',2,'Changed post content.'),(652,'2009-01-23 16:17:02',1,11,'389','Post object',1,''),(653,'2009-01-23 16:19:32',1,11,'389','Post object',2,'Changed post heading.'),(654,'2009-01-23 16:19:43',1,11,'388','Post object',2,'Changed post heading.'),(655,'2009-01-23 16:27:18',1,11,'390','Post object',1,''),(656,'2009-01-23 16:27:43',1,11,'390','Post object',2,'Changed post content.'),(657,'2009-01-23 16:28:57',1,11,'390','Post object',2,'Changed post content.'),(658,'2009-01-23 16:52:09',1,12,'63','mysql',1,''),(659,'2009-01-23 16:52:12',1,11,'391','Post object',1,''),(660,'2009-01-23 16:53:00',1,11,'391','Post object',2,'Changed post content.'),(661,'2009-01-23 16:53:39',1,11,'391','Post object',2,'Changed post content.'),(662,'2009-01-24 12:55:14',1,11,'392','Post object',1,''),(663,'2009-01-25 21:31:45',1,11,'393','Post object',1,''),(664,'2009-01-25 22:11:09',1,11,'394','Post object',1,''),(665,'2009-02-06 06:26:08',1,11,'395','Post object',1,''),(666,'2009-02-06 06:26:53',1,11,'395','Post object',2,'No fields changed.'),(667,'2009-02-06 06:27:29',1,11,'396','Post object',1,''),(668,'2009-02-09 14:41:40',1,11,'397','Post object',1,''),(669,'2009-02-09 20:44:05',1,11,'398','Post object',1,''),(670,'2009-02-09 15:45:48',1,11,'399','Post object',1,''),(671,'2009-02-09 15:46:28',1,11,'None','Post object',3,''),(672,'2009-02-09 15:46:53',1,11,'400','Post object',1,''),(673,'2009-02-11 11:54:53',1,11,'None','Post object',3,''),(674,'2009-02-11 11:54:58',1,11,'None','Post object',3,''),(675,'2009-02-11 11:55:02',1,11,'None','Post object',3,''),(676,'2009-02-11 12:00:09',1,11,'401','Post object',1,''),(677,'2009-02-17 18:19:42',1,11,'None','Post object',3,''),(678,'2009-02-17 18:19:46',1,11,'None','Post object',3,''),(679,'2009-02-17 18:20:10',1,11,'402','Post object',1,''),(680,'2009-02-18 07:31:59',1,11,'403','Post object',1,''),(681,'2009-02-18 07:32:22',1,11,'None','Post object',3,''),(682,'2009-02-18 07:32:26',1,11,'None','Post object',3,''),(683,'2009-02-18 07:32:30',1,11,'None','Post object',3,''),(684,'2009-02-27 21:18:36',1,11,'404','Post object',1,''),(685,'2009-02-27 21:20:07',1,11,'405','Post object',1,''),(686,'2009-02-27 21:20:46',1,11,'406','Post object',1,''),(687,'2009-02-27 21:23:56',1,11,'407','Post object',1,''),(688,'2009-02-27 21:24:23',1,11,'407','Post object',2,'Changed post_content.'),(689,'2009-02-27 21:25:31',1,11,'408','Post object',1,''),(690,'2009-02-27 21:26:10',1,11,'409','Post object',1,''),(691,'2009-02-27 21:26:34',1,11,'410','Post object',1,''),(692,'2009-02-27 21:27:53',1,11,'411','Post object',1,''),(693,'2009-02-27 21:30:25',1,11,'412','Post object',1,''),(694,'2009-02-27 21:32:11',1,11,'413','Post object',1,''),(695,'2009-02-27 21:33:22',1,11,'414','Post object',1,''),(696,'2009-02-27 21:49:00',1,11,'413','Post object',2,'Changed post_content.'),(748,'2009-03-30 13:37:01',1,18,'4','source',1,''),(747,'2009-03-22 23:10:10',1,11,'404','Post object',2,'Changed post_content and post_url.'),(746,'2009-03-22 23:08:07',1,11,'405','Post object',2,'Changed post_url.'),(745,'2009-03-22 23:05:43',1,11,'407','Post object',2,'Changed post_url.'),(744,'2009-03-22 23:04:41',1,11,'408','Post object',2,'Changed post_url.'),(743,'2009-03-22 23:04:09',1,11,'409','Post object',2,'Changed post_url.'),(710,'2009-03-13 10:27:05',1,12,'64','foobar',1,''),(742,'2009-03-22 23:03:31',1,11,'410','Post object',2,'Changed post_url.'),(741,'2009-03-22 23:02:15',1,11,'411','Post object',2,'Changed post_url.'),(740,'2009-03-22 23:00:06',1,11,'412','Post object',2,'Changed post_url.'),(739,'2009-03-22 22:59:26',1,11,'413','Post object',2,'Changed post_url.'),(738,'2009-03-22 22:55:49',1,11,'414','Post object',2,'Changed post_url.'),(737,'2009-03-22 17:46:35',1,18,'3','music',2,'Changed category_tags.'),(736,'2009-03-22 17:43:40',1,18,'1','writing',2,'Changed category_tags.'),(735,'2009-03-22 17:42:06',1,11,'416','Post object',2,'Changed post_url.'),(734,'2009-03-22 17:41:06',1,11,'None','Post object',3,''),(732,'2009-03-22 16:24:17',1,11,'416','Post object',1,''),(733,'2009-03-22 16:29:00',1,18,'3','music',1,''),(731,'2009-03-20 18:56:08',1,18,'2','all',2,'Changed category_tags.'),(729,'2009-03-20 18:47:28',1,18,'1','writing',1,''),(730,'2009-03-20 18:50:17',1,18,'2','all',1,''),(749,'2009-03-31 13:23:43',1,11,'394','Post object',2,'Changed post_url.'),(750,'2009-03-31 13:24:34',1,11,'393','Post object',2,'Changed post_url.'),(751,'2009-03-31 13:25:26',1,11,'392','Post object',2,'Changed post_url.'),(752,'2009-03-31 13:25:52',1,11,'391','Post object',2,'Changed post_url.'),(753,'2009-03-31 13:26:51',1,11,'390','Post object',2,'Changed post_url.'),(754,'2009-03-31 13:27:55',1,11,'389','Post object',2,'Changed post_url.'),(755,'2009-03-31 13:28:23',1,11,'388','Post object',2,'Changed post_url.'),(756,'2009-03-31 13:29:39',1,11,'387','Post object',2,'Changed post_url.'),(757,'2009-03-31 13:30:46',1,11,'386','Post object',2,'Changed post_content and post_url.'),(758,'2009-03-31 13:32:29',1,11,'385','Post object',2,'Changed post_url.'),(759,'2009-03-31 13:32:56',1,11,'384','Post object',2,'Changed post_url.'),(760,'2009-03-31 13:34:51',1,11,'383','Post object',2,'Changed post_url.'),(761,'2009-03-31 13:35:21',1,11,'382','Post object',2,'Changed post_url.'),(762,'2009-03-31 13:36:07',1,11,'381','Post object',2,'Changed post_url.'),(763,'2009-03-31 13:36:44',1,11,'380','Post object',2,'Changed post_url.'),(764,'2009-03-31 13:37:41',1,11,'304','Post object',2,'Changed post_url.'),(765,'2009-03-31 13:38:18',1,11,'306','Post object',2,'Changed post_url.'),(766,'2009-03-31 13:39:06',1,11,'308','Post object',2,'Changed post_url.'),(767,'2009-03-31 13:40:12',1,11,'309','Post object',2,'Changed post_content and post_url.'),(768,'2009-03-31 13:40:29',1,11,'308','Post object',2,'Changed post_url.'),(769,'2009-03-31 13:40:54',1,11,'306','Post object',2,'Changed post_url.'),(770,'2009-03-31 13:41:12',1,11,'304','Post object',2,'Changed post_url.'),(771,'2009-03-31 13:41:39',1,11,'305','Post object',2,'Changed post_url.'),(772,'2009-03-31 14:17:59',1,11,'310','Post object',2,'Changed post_url.'),(773,'2009-03-31 14:18:27',1,11,'311','Post object',2,'Changed post_url.'),(774,'2009-03-31 14:18:51',1,11,'312','Post object',2,'Changed post_url.'),(775,'2009-03-31 14:19:24',1,11,'313','Post object',2,'Changed post_url.'),(776,'2009-03-31 14:21:06',1,11,'314','Post object',2,'Changed post_url.'),(777,'2009-03-31 14:21:45',1,11,'315','Post object',2,'Changed post_url.'),(778,'2009-03-31 14:23:03',1,11,'316','Post object',2,'Changed post_url.'),(779,'2009-03-31 14:23:53',1,11,'317','Post object',2,'Changed post_url.'),(780,'2009-03-31 14:24:27',1,11,'318','Post object',2,'Changed post_url.'),(781,'2009-03-31 14:24:57',1,11,'319','Post object',2,'Changed post_url.'),(782,'2009-03-31 14:25:24',1,11,'320','Post object',2,'Changed post_url.'),(783,'2009-03-31 14:26:08',1,11,'321','Post object',2,'Changed post_url.'),(784,'2009-03-31 14:27:49',1,11,'322','Post object',2,'Changed post_content and post_url.'),(785,'2009-03-31 14:28:20',1,11,'323','Post object',2,'Changed post_url.'),(786,'2009-03-31 14:29:10',1,11,'324','Post object',2,'Changed post_url.'),(787,'2009-03-31 14:30:03',1,11,'326','Post object',2,'Changed post_url.'),(788,'2009-03-31 14:30:24',1,11,'327','Post object',2,'Changed post_url.'),(789,'2009-03-31 14:30:52',1,11,'325','Post object',2,'Changed post_url.'),(790,'2009-03-31 14:31:25',1,11,'328','Post object',2,'Changed post_url.'),(791,'2009-03-31 14:31:55',1,11,'329','Post object',2,'Changed post_url.'),(792,'2009-03-31 14:32:25',1,11,'330','Post object',2,'Changed post_url.'),(793,'2009-03-31 14:32:52',1,11,'331','Post object',2,'Changed post_url.'),(794,'2009-03-31 17:06:33',1,11,'332','Post object',2,'Changed post_url.'),(795,'2009-03-31 17:13:10',1,11,'379','Post object',2,'Changed post_url.'),(796,'2009-03-31 17:13:45',1,11,'378','Post object',2,'Changed post_url and post_tags.'),(797,'2009-03-31 17:14:46',1,11,'377','Post object',2,'Changed post_url.'),(798,'2009-03-31 17:15:10',1,11,'376','Post object',2,'Changed post_url.'),(799,'2009-03-31 17:15:42',1,11,'375','Post object',2,'Changed post_url.'),(800,'2009-03-31 17:16:00',1,11,'374','Post object',2,'Changed post_url.'),(801,'2009-03-31 17:16:31',1,11,'373','Post object',2,'Changed post_url.'),(802,'2009-03-31 17:16:55',1,11,'372','Post object',2,'Changed post_url.'),(803,'2009-03-31 17:17:32',1,11,'371','Post object',2,'Changed post_url.'),(804,'2009-03-31 17:18:08',1,11,'370','Post object',2,'Changed post_url.'),(805,'2009-03-31 17:18:55',1,11,'369','Post object',2,'Changed post_url.'),(806,'2009-03-31 17:19:32',1,11,'368','Post object',2,'Changed post_url.'),(807,'2009-03-31 17:20:01',1,11,'367','Post object',2,'Changed post_url.'),(808,'2009-03-31 17:21:04',1,11,'366','Post object',2,'Changed post_url.'),(809,'2009-03-31 17:21:42',1,11,'365','Post object',2,'Changed post_url.'),(810,'2009-03-31 17:22:47',1,11,'364','Post object',2,'Changed post_url.'),(811,'2009-03-31 17:23:49',1,11,'363','Post object',2,'Changed post_url.'),(812,'2009-03-31 17:24:37',1,11,'362','Post object',2,'Changed post_url.'),(813,'2009-03-31 17:25:04',1,11,'361','Post object',2,'Changed post_url.'),(814,'2009-03-31 17:25:36',1,11,'359','Post object',2,'Changed post_url.'),(815,'2009-03-31 17:26:22',1,11,'358','Post object',2,'Changed post_url.'),(816,'2009-03-31 17:26:43',1,11,'357','Post object',2,'Changed post_url.'),(817,'2009-03-31 17:27:04',1,11,'356','Post object',2,'Changed post_url.'),(818,'2009-03-31 17:27:24',1,11,'355','Post object',2,'Changed post_url.'),(819,'2009-03-31 17:28:00',1,11,'354','Post object',2,'Changed post_url.'),(820,'2009-03-31 17:28:31',1,11,'353','Post object',2,'Changed post_url.'),(821,'2009-03-31 17:28:52',1,11,'352','Post object',2,'Changed post_url.'),(822,'2009-03-31 17:29:21',1,11,'349','Post object',2,'Changed post_url.'),(823,'2009-03-31 17:29:46',1,11,'348','Post object',2,'Changed post_url.'),(824,'2009-03-31 17:30:08',1,11,'332','Post object',2,'Changed post_url.'),(825,'2009-03-31 18:00:55',1,11,'303','Post object',2,'Changed post_url.'),(826,'2009-03-31 18:01:42',1,11,'301','Post object',2,'Changed post_url.'),(827,'2009-03-31 18:02:26',1,11,'302','Post object',2,'Changed post_url.'),(828,'2009-03-31 18:06:18',1,11,'None','Post object',3,''),(829,'2009-03-31 18:06:41',1,11,'188','Post object',2,'Changed post_url.'),(830,'2009-03-31 18:07:10',1,11,'13','Post object',2,'Changed post_url.'),(831,'2009-04-01 08:08:58',1,12,'65','fortune',1,''),(832,'2009-04-01 08:09:16',1,11,'101','Post object',2,'Changed post_url and post_tags.'),(833,'2009-04-01 08:09:42',1,11,'None','Post object',3,''),(834,'2009-04-01 08:10:05',1,11,'None','Post object',3,''),(835,'2009-04-01 08:10:35',1,11,'346','Post object',2,'Changed post_url.'),(836,'2009-04-01 08:11:11',1,11,'344','Post object',2,'Changed post_url.'),(837,'2009-04-01 08:11:39',1,11,'343','Post object',2,'Changed post_url.'),(838,'2009-04-01 08:12:07',1,11,'342','Post object',2,'Changed post_url.'),(839,'2009-04-01 08:12:45',1,11,'341','Post object',2,'Changed post_url.'),(840,'2009-04-01 08:13:25',1,11,'339','Post object',2,'Changed post_url.'),(841,'2009-04-01 08:15:23',1,11,'346','Post object',2,'Changed post_url.'),(842,'2009-04-01 08:15:36',1,11,'344','Post object',2,'Changed post_url.'),(843,'2009-04-01 08:15:36',1,11,'344','Post object',2,'No fields changed.'),(844,'2009-04-01 08:15:50',1,11,'343','Post object',2,'Changed post_url.'),(845,'2009-04-01 08:16:28',1,11,'342','Post object',2,'Changed post_url.'),(846,'2009-04-01 08:16:41',1,11,'341','Post object',2,'Changed post_url.'),(847,'2009-04-01 08:17:08',1,11,'338','Post object',2,'Changed post_url.'),(848,'2009-04-01 08:18:04',1,11,'337','Post object',2,'Changed post_url.'),(849,'2009-04-01 08:18:30',1,11,'336','Post object',2,'Changed post_url.'),(850,'2009-04-01 08:19:07',1,11,'335','Post object',2,'Changed post_url.'),(851,'2009-04-01 08:19:20',1,11,'None','Post object',3,''),(852,'2009-04-01 08:20:23',1,11,'333','Post object',2,'Changed post_url.'),(853,'2009-04-01 08:20:59',1,11,'360','Post object',2,'Changed post_url.'),(854,'2009-04-01 08:21:51',1,11,'300','Post object',2,'Changed post_url.'),(855,'2009-04-01 08:23:17',1,11,'299','Post object',2,'Changed post_url.'),(856,'2009-04-01 08:23:44',1,11,'298','Post object',2,'Changed post_url.'),(857,'2009-04-01 08:24:01',1,11,'297','Post object',2,'Changed post_url.'),(858,'2009-04-01 08:24:36',1,11,'296','Post object',2,'Changed post_content and post_url.'),(859,'2009-04-01 08:24:36',1,11,'296','Post object',2,'No fields changed.'),(860,'2009-04-01 08:25:56',1,11,'295','Post object',2,'Changed post_url.'),(861,'2009-04-01 08:26:34',1,11,'294','Post object',2,'Changed post_url.'),(862,'2009-04-01 08:26:54',1,11,'293','Post object',2,'Changed post_url.'),(863,'2009-04-01 08:27:39',1,11,'292','Post object',2,'Changed post_url.'),(864,'2009-04-01 08:27:56',1,11,'291','Post object',2,'Changed post_url.'),(865,'2009-04-01 08:28:26',1,11,'290','Post object',2,'Changed post_url.'),(866,'2009-04-01 08:29:06',1,11,'289','Post object',2,'Changed post_url.'),(867,'2009-04-01 08:29:38',1,11,'288','Post object',2,'Changed post_url.'),(868,'2009-04-01 08:30:00',1,11,'287','Post object',2,'Changed post_url.'),(869,'2009-04-01 08:30:28',1,11,'286','Post object',2,'Changed post_url.'),(870,'2009-04-01 08:31:13',1,11,'285','Post object',2,'Changed post_content and post_url.'),(871,'2009-04-01 08:31:48',1,11,'284','Post object',2,'Changed post_url.'),(872,'2009-04-01 08:32:12',1,11,'283','Post object',2,'Changed post_url.'),(873,'2009-04-01 08:32:41',1,11,'282','Post object',2,'Changed post_url.'),(874,'2009-04-01 08:33:14',1,11,'281','Post object',2,'Changed post_url.'),(875,'2009-04-01 08:34:03',1,11,'280','Post object',2,'Changed post_url.'),(876,'2009-04-01 08:34:03',1,11,'280','Post object',2,'No fields changed.'),(877,'2009-04-01 08:34:29',1,11,'279','Post object',2,'Changed post_url.'),(878,'2009-04-01 09:48:15',1,11,'201','Post object',2,'Changed post_comments and post_url.'),(879,'2009-04-01 09:51:02',1,11,'202','Post object',2,'Changed post_url.'),(880,'2009-04-01 09:51:32',1,11,'203','Post object',2,'Changed post_url.'),(881,'2009-04-01 09:52:03',1,11,'204','Post object',2,'Changed post_url.'),(882,'2009-04-01 09:52:40',1,11,'205','Post object',2,'Changed post_url.'),(883,'2009-04-01 09:53:01',1,11,'206','Post object',2,'Changed post_url.'),(884,'2009-04-01 09:53:42',1,11,'207','Post object',2,'Changed post_url.'),(885,'2009-04-01 09:54:19',1,11,'208','Post object',2,'Changed post_url.'),(886,'2009-04-01 09:54:52',1,11,'209','Post object',2,'Changed post_url.'),(887,'2009-04-01 09:55:28',1,11,'210','Post object',2,'Changed post_url.'),(888,'2009-04-01 09:55:57',1,11,'210','Post object',2,'Changed post_content and post_url.'),(889,'2009-04-01 09:56:22',1,11,'211','Post object',2,'Changed post_url.'),(890,'2009-04-01 09:56:50',1,11,'212','Post object',2,'Changed post_url.'),(891,'2009-04-01 09:57:11',1,11,'213','Post object',2,'Changed post_url.'),(892,'2009-04-01 09:57:40',1,11,'214','Post object',2,'Changed post_url.'),(893,'2009-04-01 09:58:27',1,11,'215','Post object',2,'Changed post_comments and post_url.'),(894,'2009-04-01 09:58:54',1,11,'216','Post object',2,'Changed post_url.'),(895,'2009-04-01 10:28:04',1,11,'217','Post object',2,'Changed post_url.'),(896,'2009-04-01 10:28:54',1,11,'218','Post object',2,'Changed post_url.'),(897,'2009-04-01 11:57:07',1,11,'219','Post object',2,'Changed post_url.'),(898,'2009-04-01 11:57:46',1,11,'220','Post object',2,'Changed post_url.'),(899,'2009-04-01 11:58:56',1,11,'222','Post object',2,'Changed post_url.'),(900,'2009-04-01 11:59:24',1,11,'221','Post object',2,'Changed post_url.'),(901,'2009-04-01 11:59:48',1,11,'223','Post object',2,'Changed post_url.'),(902,'2009-04-01 12:00:13',1,11,'224','Post object',2,'Changed post_url.'),(903,'2009-04-01 12:00:40',1,11,'225','Post object',2,'Changed post_url.'),(904,'2009-04-01 12:01:14',1,11,'226','Post object',2,'Changed post_url.'),(905,'2009-04-01 12:01:35',1,11,'227','Post object',2,'Changed post_url.'),(906,'2009-04-01 12:02:03',1,11,'228','Post object',2,'Changed post_url.'),(907,'2009-04-01 12:02:22',1,11,'229','Post object',2,'Changed post_url.'),(908,'2009-04-01 12:02:48',1,11,'230','Post object',2,'Changed post_url.'),(909,'2009-04-01 12:04:13',1,11,'231','Post object',2,'Changed post_url.'),(910,'2009-04-01 12:04:54',1,11,'232','Post object',2,'Changed post_url.'),(911,'2009-04-01 12:05:29',1,11,'233','Post object',2,'Changed post_url.'),(912,'2009-04-01 12:06:01',1,11,'234','Post object',2,'Changed post_url.'),(913,'2009-04-01 12:06:26',1,11,'235','Post object',2,'Changed post_url.'),(914,'2009-04-01 12:08:31',1,11,'236','Post object',2,'Changed post_url.'),(915,'2009-04-01 12:08:55',1,11,'237','Post object',2,'Changed post_url.'),(916,'2009-04-01 12:09:34',1,11,'238','Post object',2,'Changed post_url.'),(917,'2009-04-01 12:09:57',1,11,'239','Post object',2,'Changed post_url.'),(918,'2009-04-01 12:10:26',1,11,'240','Post object',2,'Changed post_url.'),(919,'2009-04-01 12:10:49',1,11,'241','Post object',2,'Changed post_url.'),(920,'2009-04-01 12:11:16',1,11,'242','Post object',2,'Changed post_url.'),(921,'2009-04-01 12:12:07',1,11,'243','Post object',2,'Changed post_url.'),(922,'2009-04-01 12:12:38',1,11,'244','Post object',2,'Changed post_url.'),(923,'2009-04-01 12:12:59',1,11,'245','Post object',2,'Changed post_url.'),(924,'2009-04-01 12:13:34',1,11,'246','Post object',2,'Changed post_url.'),(925,'2009-04-01 12:14:12',1,11,'247','Post object',2,'Changed post_url.'),(926,'2009-04-01 12:14:39',1,11,'248','Post object',2,'Changed post_url.'),(927,'2009-04-01 12:15:07',1,11,'249','Post object',2,'Changed post_url.'),(928,'2009-04-01 12:15:28',1,11,'250','Post object',2,'Changed post_url.'),(929,'2009-04-01 12:16:08',1,11,'251','Post object',2,'Changed post_url.'),(930,'2009-04-01 12:16:34',1,11,'252','Post object',2,'Changed post_url.'),(931,'2009-04-01 12:18:33',1,11,'253','Post object',2,'Changed post_url.'),(932,'2009-04-01 12:19:24',1,11,'254','Post object',2,'Changed post_url.'),(933,'2009-04-01 12:19:55',1,11,'255','Post object',2,'Changed post_url.'),(934,'2009-04-01 12:20:44',1,11,'256','Post object',2,'Changed post_url.'),(935,'2009-04-01 12:21:15',1,11,'257','Post object',2,'Changed post_url.'),(936,'2009-04-01 12:21:43',1,11,'258','Post object',2,'Changed post_url.'),(937,'2009-04-01 12:22:27',1,11,'259','Post object',2,'Changed post_url.'),(938,'2009-04-01 12:22:58',1,11,'261','Post object',2,'Changed post_url.'),(939,'2009-04-01 12:31:19',1,11,'102','Post object',2,'Changed post_url.'),(940,'2009-04-01 12:31:42',1,11,'100','Post object',2,'Changed post_url.'),(941,'2009-04-01 12:32:10',1,11,'103','Post object',2,'Changed post_url.'),(942,'2009-04-01 12:32:25',1,11,'104','Post object',2,'Changed post_url.'),(943,'2009-04-01 13:07:29',1,11,'105','Post object',2,'Changed post_url.'),(944,'2009-04-01 13:07:55',1,11,'106','Post object',2,'Changed post_url.'),(945,'2009-04-01 13:08:11',1,11,'105','Post object',2,'Changed post_comments and post_url.'),(946,'2009-04-01 13:08:34',1,11,'107','Post object',2,'Changed post_url.'),(947,'2009-04-01 13:09:01',1,11,'108','Post object',2,'Changed post_url.'),(948,'2009-04-01 13:11:46',1,11,'109','Post object',2,'Changed post_url.'),(949,'2009-04-01 13:12:15',1,11,'110','Post object',2,'Changed post_url.'),(950,'2009-04-01 13:12:34',1,11,'111','Post object',2,'Changed post_url.'),(951,'2009-04-01 13:12:57',1,11,'200','Post object',2,'Changed post_url.'),(952,'2009-04-01 13:13:25',1,11,'199','Post object',2,'Changed post_url.'),(953,'2009-04-01 13:13:45',1,11,'198','Post object',2,'Changed post_url.'),(954,'2009-04-01 13:14:11',1,11,'197','Post object',2,'Changed post_url.'),(955,'2009-04-01 13:14:30',1,11,'196','Post object',2,'Changed post_url.'),(956,'2009-04-01 13:14:52',1,11,'195','Post object',2,'Changed post_url.'),(957,'2009-04-01 13:15:05',1,11,'195','Post object',2,'Changed post_url.'),(958,'2009-04-01 13:15:28',1,11,'194','Post object',2,'Changed post_url.'),(959,'2009-04-01 13:15:55',1,11,'193','Post object',2,'Changed post_url.'),(960,'2009-04-01 13:16:20',1,11,'192','Post object',2,'Changed post_url.'),(961,'2009-04-01 13:16:42',1,11,'191','Post object',2,'Changed post_url.'),(962,'2009-04-01 13:17:07',1,11,'190','Post object',2,'Changed post_url.'),(963,'2009-04-01 13:17:44',1,11,'189','Post object',2,'Changed post_url.'),(964,'2009-04-01 13:18:06',1,11,'187','Post object',2,'Changed post_url.'),(965,'2009-04-01 13:18:34',1,11,'186','Post object',2,'Changed post_url.'),(966,'2009-04-01 13:19:02',1,11,'185','Post object',2,'Changed post_url.'),(967,'2009-04-01 13:19:26',1,11,'184','Post object',2,'Changed post_url.'),(968,'2009-04-01 13:19:54',1,11,'183','Post object',2,'Changed post_url.'),(969,'2009-04-01 13:20:25',1,11,'182','Post object',2,'Changed post_url.'),(970,'2009-04-01 13:20:45',1,11,'181','Post object',2,'Changed post_url.'),(971,'2009-04-01 13:21:38',1,11,'179','Post object',2,'Changed post_content and post_url.'),(972,'2009-04-01 13:22:25',1,11,'112','Post object',2,'Changed post_url.'),(973,'2009-04-01 13:22:44',1,11,'113','Post object',2,'Changed post_url.'),(974,'2009-04-01 13:23:21',1,11,'114','Post object',2,'Changed post_url.'),(975,'2009-04-01 13:23:49',1,11,'178','Post object',2,'Changed post_url.'),(976,'2009-04-01 13:24:52',1,11,'177','Post object',2,'Changed post_url.'),(977,'2009-04-01 13:25:40',1,11,'176','Post object',2,'Changed post_url.'),(978,'2009-04-01 13:27:23',1,11,'180','Post object',2,'Changed post_url.'),(979,'2009-04-01 13:27:55',1,11,'175','Post object',2,'Changed post_url.'),(980,'2009-04-01 13:28:20',1,11,'174','Post object',2,'Changed post_url.'),(981,'2009-04-01 13:29:18',1,11,'173','Post object',2,'Changed post_url.'),(982,'2009-04-01 13:29:44',1,11,'172','Post object',2,'Changed post_url.'),(983,'2009-04-01 13:30:11',1,11,'171','Post object',2,'Changed post_url.'),(984,'2009-04-01 14:41:09',1,11,'99','Post object',2,'Changed post_url.'),(985,'2009-04-01 14:41:29',1,11,'98','Post object',2,'Changed post_url.'),(986,'2009-04-01 14:42:02',1,11,'97','Post object',2,'Changed post_url.'),(987,'2009-04-01 14:42:49',1,11,'96','Post object',2,'Changed post_url.'),(988,'2009-04-01 14:43:23',1,11,'95','Post object',2,'Changed post_url.'),(989,'2009-04-01 14:43:55',1,11,'94','Post object',2,'Changed post_content and post_url.'),(990,'2009-04-01 14:44:23',1,11,'93','Post object',2,'Changed post_url.'),(991,'2009-04-01 14:44:51',1,11,'92','Post object',2,'Changed post_url.'),(992,'2009-04-01 14:45:32',1,11,'91','Post object',2,'Changed post_url.'),(993,'2009-04-01 14:46:01',1,11,'91','Post object',2,'Changed post_url.'),(994,'2009-04-01 14:46:17',1,11,'96','Post object',2,'Changed post_url.'),(995,'2009-04-01 14:46:27',1,11,'95','Post object',2,'Changed post_url.'),(996,'2009-04-01 14:46:42',1,11,'92','Post object',2,'Changed post_url.'),(997,'2009-04-01 14:47:08',1,11,'90','Post object',2,'Changed post_url.'),(998,'2009-04-01 14:47:36',1,11,'89','Post object',2,'Changed post_url.'),(999,'2009-04-01 14:47:57',1,11,'88','Post object',2,'Changed post_url.'),(1000,'2009-04-01 14:48:21',1,11,'87','Post object',2,'Changed post_url.'),(1001,'2009-04-01 14:49:09',1,11,'85','Post object',2,'Changed post_url.'),(1002,'2009-04-01 14:49:37',1,11,'84','Post object',2,'Changed post_comments and post_url.'),(1003,'2009-04-01 14:49:56',1,11,'83','Post object',2,'Changed post_url.'),(1004,'2009-04-01 14:50:10',1,11,'82','Post object',2,'Changed post_url.'),(1005,'2009-04-01 14:50:24',1,11,'82','Post object',2,'Changed post_url.'),(1006,'2009-04-01 14:50:44',1,11,'81','Post object',2,'Changed post_url.'),(1007,'2009-04-01 14:51:03',1,11,'80','Post object',2,'Changed post_url.'),(1008,'2009-04-01 14:51:20',1,11,'14','Post object',2,'Changed post_url.'),(1009,'2009-04-01 14:51:41',1,11,'79','Post object',2,'Changed post_url.'),(1010,'2009-04-01 14:52:04',1,11,'78','Post object',2,'Changed post_url.'),(1011,'2009-04-01 14:52:41',1,11,'77','Post object',2,'Changed post_url.'),(1012,'2009-04-01 14:53:01',1,11,'76','Post object',2,'Changed post_url.'),(1013,'2009-04-01 14:53:51',1,11,'75','Post object',2,'Changed post_url.'),(1014,'2009-04-01 14:54:10',1,11,'74','Post object',2,'Changed post_url.'),(1015,'2009-04-01 14:54:25',1,11,'73','Post object',2,'Changed post_url.'),(1016,'2009-04-01 14:54:47',1,11,'72','Post object',2,'Changed post_url.'),(1017,'2009-04-01 14:55:09',1,11,'71','Post object',2,'Changed post_url.'),(1018,'2009-04-01 14:55:26',1,11,'70','Post object',2,'Changed post_url.'),(1019,'2009-04-01 14:55:45',1,11,'69','Post object',2,'Changed post_url.'),(1020,'2009-04-01 14:56:09',1,11,'68','Post object',2,'Changed post_url.'),(1021,'2009-04-01 14:57:28',1,11,'67','Post object',2,'Changed post_content and post_url.'),(1022,'2009-04-01 14:57:46',1,11,'66','Post object',2,'Changed post_url.'),(1023,'2009-04-01 14:58:20',1,11,'65','Post object',2,'Changed post_url.'),(1024,'2009-04-01 15:04:22',1,11,'64','Post object',2,'Changed post_url.'),(1025,'2009-04-01 15:04:47',1,11,'63','Post object',2,'Changed post_url.'),(1026,'2009-04-01 15:05:04',1,11,'15','Post object',2,'Changed post_url.'),(1027,'2009-04-01 15:05:34',1,11,'16','Post object',2,'Changed post_content and post_url.'),(1028,'2009-04-01 15:05:56',1,11,'18','Post object',2,'Changed post_url.'),(1029,'2009-04-01 15:06:12',1,11,'17','Post object',2,'Changed post_url.'),(1030,'2009-04-01 15:06:42',1,11,'19','Post object',2,'Changed post_url.'),(1031,'2009-04-01 15:07:01',1,11,'12','Post object',2,'Changed post_url.'),(1032,'2009-04-01 15:07:17',1,11,'20','Post object',2,'Changed post_url.'),(1033,'2009-04-01 15:07:47',1,11,'21','Post object',2,'Changed post_url.'),(1034,'2009-04-01 15:08:22',1,11,'22','Post object',2,'Changed post_url.'),(1035,'2009-04-01 15:08:45',1,11,'23','Post object',2,'Changed post_url.'),(1036,'2009-04-01 15:09:05',1,11,'24','Post object',2,'Changed post_url.'),(1037,'2009-04-01 15:09:35',1,11,'25','Post object',2,'Changed post_url.'),(1038,'2009-04-01 15:09:51',1,11,'27','Post object',2,'Changed post_url.'),(1039,'2009-04-01 15:17:48',1,11,'62','Post object',2,'Changed post_url.'),(1040,'2009-04-01 15:18:15',1,11,'61','Post object',2,'Changed post_url.'),(1041,'2009-04-01 15:18:29',1,11,'17','Post object',2,'Changed post_url.'),(1042,'2009-04-01 15:19:07',1,11,'60','Post object',2,'Changed post_url.'),(1043,'2009-04-01 15:19:27',1,11,'59','Post object',2,'Changed post_url.'),(1044,'2009-04-01 15:19:50',1,11,'58','Post object',2,'Changed post_url.'),(1045,'2009-04-01 15:20:44',1,11,'57','Post object',2,'Changed post_url.'),(1046,'2009-04-01 15:21:37',1,11,'56','Post object',2,'Changed post_url.'),(1047,'2009-04-01 15:22:12',1,11,'55','Post object',2,'Changed post_url.'),(1048,'2009-04-01 15:24:20',1,11,'54','Post object',2,'Changed post_url.'),(1049,'2009-04-01 15:24:40',1,11,'53','Post object',2,'Changed post_url.'),(1050,'2009-04-01 15:25:01',1,11,'52','Post object',2,'Changed post_url.'),(1051,'2009-04-01 15:25:25',1,11,'51','Post object',2,'Changed post_url.'),(1052,'2009-04-01 15:25:47',1,11,'50','Post object',2,'Changed post_url.'),(1053,'2009-04-01 15:26:08',1,11,'49','Post object',2,'Changed post_url.'),(1054,'2009-04-01 15:26:33',1,11,'48','Post object',2,'Changed post_url.'),(1055,'2009-04-01 15:30:42',1,11,'47','Post object',2,'Changed post_url.'),(1056,'2009-04-01 15:31:00',1,11,'46','Post object',2,'Changed post_url.'),(1057,'2009-04-01 15:31:27',1,11,'45','Post object',2,'Changed post_url.'),(1058,'2009-04-01 15:31:42',1,11,'28','Post object',2,'Changed post_url.'),(1059,'2009-04-01 15:33:54',1,11,'44','Post object',2,'Changed post_url.'),(1060,'2009-04-01 15:34:20',1,11,'43','Post object',2,'Changed post_content and post_url.'),(1061,'2009-04-01 15:34:45',1,11,'42','Post object',2,'Changed post_url.'),(1062,'2009-04-01 15:35:13',1,11,'41','Post object',2,'Changed post_url.'),(1063,'2009-04-01 15:35:32',1,11,'40','Post object',2,'Changed post_url.'),(1064,'2009-04-01 16:23:32',1,11,'29','Post object',2,'Changed post_url.'),(1065,'2009-04-01 16:23:54',1,11,'39','Post object',2,'Changed post_url.'),(1066,'2009-04-01 16:24:21',1,11,'38','Post object',2,'Changed post_url.'),(1067,'2009-04-01 16:25:21',1,11,'37','Post object',2,'Changed post_url.'),(1068,'2009-04-01 16:52:36',1,11,'36','Post object',2,'Changed post_url.'),(1069,'2009-04-01 16:53:03',1,11,'35','Post object',2,'Changed post_url.'),(1070,'2009-04-01 16:53:33',1,11,'34','Post object',2,'Changed post_url.'),(1071,'2009-04-01 16:56:21',1,11,'33','Post object',2,'Changed post_url.'),(1072,'2009-04-01 16:57:11',1,11,'32','Post object',2,'Changed post_url.'),(1073,'2009-04-01 16:57:36',1,11,'31','Post object',2,'Changed post_url.'),(1074,'2009-04-01 16:58:07',1,11,'26','Post object',2,'Changed post_comments and post_url.'),(1075,'2009-04-01 16:58:37',1,11,'170','Post object',2,'Changed post_url.'),(1076,'2009-04-01 16:59:07',1,11,'169','Post object',2,'Changed post_url.'),(1077,'2009-04-01 16:59:26',1,11,'168','Post object',2,'Changed post_url.'),(1078,'2009-04-01 17:00:09',1,11,'167','Post object',2,'Changed post_url.'),(1079,'2009-04-01 17:00:48',1,11,'166','Post object',2,'Changed post_url.'),(1080,'2009-04-01 17:01:17',1,11,'165','Post object',2,'Changed post_url.'),(1081,'2009-04-01 17:01:47',1,11,'164','Post object',2,'Changed post_url.'),(1082,'2009-04-01 17:02:08',1,11,'163','Post object',2,'Changed post_url.'),(1083,'2009-04-01 17:02:33',1,11,'162','Post object',2,'Changed post_url.'),(1084,'2009-04-01 17:03:03',1,11,'161','Post object',2,'Changed post_url.'),(1085,'2009-04-01 17:03:21',1,11,'160','Post object',2,'Changed post_url.'),(1086,'2009-04-01 17:03:41',1,11,'159','Post object',2,'Changed post_url.'),(1087,'2009-04-01 17:04:08',1,11,'158','Post object',2,'Changed post_url.'),(1088,'2009-04-01 17:05:04',1,11,'157','Post object',2,'Changed post_url.'),(1089,'2009-04-01 17:05:23',1,11,'156','Post object',2,'Changed post_url.'),(1090,'2009-04-01 17:05:59',1,11,'155','Post object',2,'Changed post_url.'),(1091,'2009-04-01 17:06:23',1,11,'154','Post object',2,'Changed post_url.'),(1092,'2009-04-01 17:06:55',1,11,'116','Post object',2,'Changed post_url.'),(1093,'2009-04-01 17:07:34',1,11,'115','Post object',2,'Changed post_comments and post_url.'),(1094,'2009-04-01 17:08:10',1,11,'153','Post object',2,'Changed post_url.'),(1095,'2009-04-01 17:10:08',1,11,'152','Post object',2,'Changed post_comments and post_url.'),(1096,'2009-04-01 17:10:37',1,11,'151','Post object',2,'Changed post_url.'),(1097,'2009-04-01 17:11:35',1,11,'150','Post object',2,'Changed post_url.'),(1098,'2009-04-01 17:12:09',1,11,'149','Post object',2,'Changed post_url.'),(1099,'2009-04-01 17:12:27',1,11,'148','Post object',2,'Changed post_url.'),(1100,'2009-04-01 17:12:59',1,11,'147','Post object',2,'Changed post_url.'),(1101,'2009-04-01 17:13:25',1,11,'146','Post object',2,'Changed post_url.'),(1102,'2009-04-01 17:13:52',1,11,'117','Post object',2,'Changed post_url.'),(1103,'2009-04-01 17:14:07',1,11,'145','Post object',2,'Changed post_url.'),(1104,'2009-04-01 17:17:27',1,11,'144','Post object',2,'Changed post_url.'),(1105,'2009-04-01 17:17:50',1,11,'143','Post object',2,'Changed post_url.'),(1106,'2009-04-01 17:18:31',1,11,'142','Post object',2,'Changed post_url.'),(1107,'2009-04-01 17:18:54',1,11,'141','Post object',2,'Changed post_url.'),(1108,'2009-04-01 17:23:50',1,11,'140','Post object',2,'Changed post_url.'),(1109,'2009-04-01 17:24:17',1,11,'139','Post object',2,'Changed post_url.'),(1110,'2009-04-01 17:24:46',1,11,'118','Post object',2,'Changed post_url.'),(1111,'2009-04-01 17:25:19',1,11,'138','Post object',2,'Changed post_url.'),(1112,'2009-04-01 17:25:44',1,11,'137','Post object',2,'Changed post_url.'),(1113,'2009-04-01 17:26:14',1,11,'136','Post object',2,'Changed post_url.'),(1114,'2009-04-01 17:26:37',1,11,'135','Post object',2,'Changed post_url.'),(1115,'2009-04-01 17:26:58',1,11,'134','Post object',2,'Changed post_url.'),(1116,'2009-04-01 17:27:22',1,11,'133','Post object',2,'Changed post_url.'),(1117,'2009-04-01 17:27:52',1,11,'132','Post object',2,'Changed post_url.'),(1118,'2009-04-01 17:28:15',1,11,'131','Post object',2,'Changed post_url.'),(1119,'2009-04-01 17:28:49',1,11,'129','Post object',2,'Changed post_url.'),(1120,'2009-04-01 17:29:11',1,11,'128','Post object',2,'Changed post_url.'),(1121,'2009-04-01 21:02:02',1,11,'406','Post object',2,'Changed post_url.'),(1122,'2009-04-01 21:03:31',1,11,'277','Post object',2,'Changed post_url.'),(1123,'2009-04-01 21:04:03',1,11,'276','Post object',2,'Changed post_url.'),(1124,'2009-04-01 21:04:52',1,11,'275','Post object',2,'Changed post_comments and post_url.'),(1125,'2009-04-01 21:05:16',1,11,'274','Post object',2,'Changed post_url.'),(1126,'2009-04-01 21:05:45',1,11,'273','Post object',2,'Changed post_url.'),(1127,'2009-04-01 21:06:14',1,11,'272','Post object',2,'Changed post_url.'),(1128,'2009-04-01 21:06:49',1,11,'271','Post object',2,'Changed post_content and post_url.'),(1129,'2009-04-01 21:07:15',1,11,'270','Post object',2,'Changed post_url.'),(1130,'2009-04-01 21:07:49',1,11,'269','Post object',2,'Changed post_url.'),(1131,'2009-04-01 21:08:27',1,11,'268','Post object',2,'Changed post_url.'),(1132,'2009-04-01 21:08:51',1,11,'267','Post object',2,'Changed post_url.'),(1133,'2009-04-01 21:12:10',1,11,'266','Post object',2,'Changed post_url.'),(1134,'2009-04-01 21:12:34',1,11,'265','Post object',2,'Changed post_url.'),(1135,'2009-04-01 21:12:58',1,11,'264','Post object',2,'Changed post_url.'),(1136,'2009-04-01 21:13:30',1,11,'263','Post object',2,'Changed post_url.'),(1137,'2009-04-01 21:15:42',1,11,'262','Post object',2,'Changed post_url.'),(1138,'2009-04-01 21:16:11',1,11,'260','Post object',2,'Changed post_url.'),(1139,'2009-04-01 21:17:29',1,11,'127','Post object',2,'Changed post_url.'),(1140,'2009-04-01 21:18:03',1,11,'126','Post object',2,'Changed post_url.'),(1141,'2009-04-01 21:19:07',1,11,'125','Post object',2,'Changed post_url.'),(1142,'2009-04-01 21:19:40',1,11,'124','Post object',2,'Changed post_url.'),(1143,'2009-04-01 21:21:02',1,11,'123','Post object',2,'Changed post_url.'),(1144,'2009-04-01 21:21:42',1,11,'122','Post object',2,'Changed post_url.'),(1145,'2009-04-01 21:22:13',1,11,'121','Post object',2,'Changed post_url.'),(1146,'2009-04-01 21:23:12',1,11,'120','Post object',2,'Changed post_url.'),(1147,'2009-04-01 21:23:42',1,11,'119','Post object',2,'Changed post_url.'),(1148,'2009-04-01 21:25:24',1,11,'307','Post object',2,'Changed post_url.'),(1149,'2009-04-01 21:26:17',1,11,'278','Post object',2,'Changed post_url.'),(1150,'2009-04-01 21:27:06',1,11,'30','Post object',2,'Changed post_url.'),(1151,'2009-04-01 21:30:54',1,11,'86','Post object',2,'Changed post_content_author and post_url.'),(1152,'2009-04-01 21:43:20',1,11,'130','Post object',2,'Changed post_content_author, post_comments and post_url.'),(1153,'2009-04-01 22:21:28',1,11,'378','Post object',2,'Changed post_tags.'),(1154,'2009-04-04 01:26:30',1,18,'2','home',2,'Changed category_name and category_tags.'),(1155,'2009-04-06 17:05:36',1,12,'66','meta',1,''),(1156,'2009-04-06 17:05:39',1,11,'417','Post object',1,''),(1157,'2009-04-06 17:06:12',1,11,'418','Post object',1,''),(1158,'2009-04-06 17:06:12',1,11,'419','Post object',1,''),(1159,'2009-04-06 17:07:14',1,11,'None','Post object',3,''),(1160,'2009-04-06 17:07:25',1,11,'417','Post object',2,'Changed post_heading.'),(1161,'2009-04-06 17:07:53',1,11,'420','Post object',1,''),(1162,'2009-04-06 17:08:04',1,11,'None','Post object',3,''),(1163,'2009-04-06 23:21:28',1,18,'5','about',1,''),(1164,'2009-04-06 23:42:10',1,18,'5','about',2,'Changed category_description.'),(1165,'2009-04-06 23:42:12',1,18,'5','about',2,'No fields changed.'),(1166,'2009-04-07 08:41:54',1,11,'418','Post object',2,'Changed post_heading and post_content.'),(1167,'2009-04-08 07:40:00',1,11,'418','Post object',2,'Changed post_content.'),(1168,'2009-04-08 07:41:29',1,11,'418','Post object',2,'Changed post_content.'),(1169,'2009-04-08 07:43:31',1,11,'418','Post object',2,'Changed post_content.'),(1170,'2009-04-08 07:47:22',1,11,'418','Post object',2,'Changed post_content.'),(1171,'2009-04-08 07:47:55',1,11,'418','Post object',2,'No fields changed.'),(1172,'2009-04-08 07:48:31',1,11,'418','Post object',2,'No fields changed.'),(1173,'2009-04-08 07:51:39',1,11,'417','Post object',2,'Changed post_heading and post_content.'),(1174,'2009-04-08 07:53:16',1,11,'417','Post object',2,'Changed post_content.'),(1175,'2009-04-08 07:53:50',1,11,'417','Post object',2,'Changed post_content.'),(1176,'2009-04-08 07:54:48',1,11,'417','Post object',2,'Changed post_content.'),(1177,'2009-04-08 07:56:12',1,11,'418','Post object',2,'Changed post_content.'),(1178,'2009-04-08 08:05:17',1,18,'2','home',2,'Changed category_tags.'),(1179,'2009-04-09 20:47:06',1,9,'1','NeharArora',2,'Changed url.'),(1180,'2009-04-09 20:47:21',1,9,'1','NeharArora',2,'Changed url.'),(1181,'2009-04-09 21:03:56',1,10,'1','Resume object',2,'Changed objective.'),(1182,'2009-04-12 20:49:05',1,13,'4','MS Computer and Information Sciences@University of Delaware',2,'Changed title.'),(1183,'2009-04-12 20:50:22',1,13,'5','Bachelor in Informaton Technology@University of Delhi, Hindu College',2,'Changed organization and department.'),(1184,'2009-04-13 18:25:26',1,13,'1','Software Developer II@Vonage Inc.',2,'Changed duties.'),(1185,'2009-04-13 22:22:54',1,13,'1','Software Developer II@Vonage Inc.',2,'Changed duties.'),(1186,'2009-04-13 22:23:20',1,13,'1','Software Developer II@Vonage Inc.',2,'Changed duties.'),(1187,'2009-04-13 22:23:36',1,13,'1','Software Developer II@Vonage Inc.',2,'Changed duties.'),(1188,'2009-04-13 22:24:06',1,13,'1','Software Developer II@Vonage Inc.',2,'Changed duties.'),(1189,'2009-04-13 22:25:43',1,13,'1','Software Developer II@Vonage Inc.',2,'Changed duties.'),(1190,'2009-04-14 14:18:22',1,13,'1','Software Developer II@Vonage Inc.',2,'Changed duties.'),(1191,'2009-04-14 19:27:33',1,14,'10','Taxation Components',2,'Changed tech_used.'),(1192,'2009-04-15 08:18:23',1,14,'3','blog',2,'Changed project_name and description.'),(1193,'2009-04-15 08:28:59',1,14,'14','linphone maemo port',1,''),(1194,'2009-04-15 08:29:17',1,14,'14','linphone maemo port',2,'No fields changed.'),(1195,'2009-04-15 08:31:21',1,10,'1','Resume object',2,'Changed projects.'),(1196,'2009-04-15 22:15:19',1,15,'1','Graduate',2,'Changed courses.'),(1197,'2009-04-15 22:54:12',1,13,'1','Software Developer II@Vonage Inc.',2,'Changed duties.'),(1198,'2009-04-15 22:54:46',1,13,'1','Software Developer II@Vonage Inc.',2,'Changed duties.'),(1199,'2009-04-15 23:07:28',1,13,'1','Software Developer II@Vonage Inc.',2,'Changed duties.'),(1200,'2009-04-16 07:33:53',1,11,'391','Post object',2,'Changed post_content.'),(1201,'2009-04-16 07:34:13',1,11,'391','Post object',2,'Changed post_content.'),(1202,'2009-04-16 07:36:54',1,11,'391','Post object',2,'Changed post_content.'),(1203,'2009-04-16 07:37:11',1,11,'391','Post object',2,'Changed post_content.'),(1204,'2009-04-16 07:37:45',1,11,'391','Post object',2,'Changed post_content.'),(1205,'2009-04-16 07:38:17',1,11,'391','Post object',2,'Changed post_content.'),(1206,'2009-04-16 07:39:49',1,11,'390','Post object',2,'No fields changed.'),(1207,'2009-04-16 07:41:15',1,11,'390','Post object',2,'Changed post_content.'),(1208,'2009-04-16 07:42:05',1,11,'390','Post object',2,'Changed post_content.'),(1209,'2009-04-16 07:43:04',1,11,'390','Post object',2,'Changed post_content.'),(1210,'2009-04-16 07:43:30',1,11,'390','Post object',2,'Changed post_content.'),(1211,'2009-04-16 07:44:32',1,11,'385','Post object',2,'Changed post_content.'),(1212,'2009-04-16 07:44:52',1,11,'385','Post object',2,'Changed post_content.'),(1213,'2009-04-16 07:46:42',1,11,'384','Post object',2,'Changed post_content.'),(1214,'2009-04-16 07:56:04',1,11,'346','Post object',2,'Changed post_content.'),(1215,'2009-04-16 07:56:04',1,11,'346','Post object',2,'No fields changed.'),(1216,'2009-04-16 07:56:16',1,11,'346','Post object',2,'Changed post_content.'),(1217,'2009-04-16 07:56:50',1,11,'346','Post object',2,'Changed post_content.'),(1218,'2009-04-18 00:45:28',1,18,'3','music',2,'No fields changed.'),(1219,'2009-04-18 00:46:06',1,18,'3','music',2,'Changed category_heading.'),(1220,'2009-04-18 00:46:27',1,18,'3','music',2,'Changed category_heading.'),(1221,'2009-04-19 21:16:34',1,18,'5','about',2,'Changed category_heading.'),(1222,'2009-04-19 21:18:24',1,18,'1','writing',2,'Changed category_heading.'),(1223,'2009-04-19 21:47:37',1,18,'2','home',2,'Changed category_content_header and category_tags.'),(1224,'2009-04-19 22:09:04',1,18,'4','source',2,'No fields changed.'),(1225,'2009-04-19 22:10:00',1,18,'1','writing',2,'Changed category_heading.'),(1226,'2009-04-19 22:18:06',1,18,'1','writing',2,'Changed category_heading.'),(1227,'2009-04-19 22:24:29',1,18,'1','writing',2,'Changed category_heading.'),(1228,'2009-04-19 22:25:56',1,18,'1','writing',2,'Changed category_heading.'),(1229,'2009-04-19 22:36:39',1,11,'26','Post object',2,'Changed post_comments.'),(1230,'2009-04-19 22:47:06',1,11,'381','Post object',2,'Changed post_content.'),(1231,'2009-04-19 22:48:42',1,11,'381','Post object',2,'Changed post_content.'),(1232,'2009-04-19 22:50:01',1,11,'381','Post object',2,'Changed post_content.'),(1233,'2009-04-19 22:50:01',1,11,'381','Post object',2,'No fields changed.'),(1234,'2009-04-19 22:50:53',1,11,'None','Post object',3,''),(1235,'2009-04-19 22:51:39',1,11,'None','Post object',3,''),(1236,'2009-04-19 22:55:04',1,11,'344','Post object',2,'Changed post_content.'),(1237,'2009-04-19 22:55:38',1,11,'343','Post object',2,'Changed post_content.'),(1238,'2009-04-19 22:56:02',1,11,'343','Post object',2,'Changed post_content.'),(1239,'2009-04-19 22:56:17',1,11,'343','Post object',2,'Changed post_content.'),(1240,'2009-04-19 22:56:33',1,11,'344','Post object',2,'Changed post_content.'),(1241,'2009-04-19 22:57:28',1,11,'None','Post object',3,''),(1242,'2009-04-19 22:59:00',1,11,'341','Post object',2,'Changed post_content.'),(1243,'2009-04-19 22:59:26',1,11,'341','Post object',2,'Changed post_content.'),(1244,'2009-04-19 23:00:23',1,11,'None','Post object',3,''),(1245,'2009-04-19 23:01:25',1,11,'338','Post object',2,'Changed post_content.'),(1246,'2009-04-19 23:02:12',1,11,'337','Post object',2,'Changed post_content.'),(1247,'2009-04-19 23:02:51',1,11,'336','Post object',2,'Changed post_content.'),(1248,'2009-04-19 23:03:49',1,11,'335','Post object',2,'Changed post_content.'),(1249,'2009-04-19 23:04:39',1,11,'333','Post object',2,'Changed post_content.'),(1250,'2009-04-19 23:05:32',1,11,'331','Post object',2,'Changed post_content.'),(1251,'2009-04-19 23:06:00',1,11,'331','Post object',2,'Changed post_content.'),(1252,'2009-04-19 23:08:15',1,11,'331','Post object',2,'Changed post_content.'),(1253,'2009-04-19 23:09:03',1,11,'330','Post object',2,'Changed post_content.'),(1254,'2009-04-19 23:09:28',1,11,'330','Post object',2,'Changed post_content.'),(1255,'2009-04-19 23:09:50',1,11,'330','Post object',2,'No fields changed.'),(1256,'2009-04-19 23:11:14',1,11,'329','Post object',2,'Changed post_content.'),(1257,'2009-04-19 23:11:52',1,11,'328','Post object',2,'Changed post_content.'),(1258,'2009-04-19 23:13:10',1,11,'324','Post object',2,'Changed post_content.'),(1259,'2009-04-19 23:13:25',1,11,'324','Post object',2,'Changed post_content.'),(1260,'2009-04-19 23:14:07',1,11,'322','Post object',2,'Changed post_content.'),(1261,'2009-04-19 23:15:06',1,11,'322','Post object',2,'Changed post_content.'),(1262,'2009-04-19 23:15:41',1,11,'322','Post object',2,'No fields changed.'),(1263,'2009-04-19 23:17:21',1,11,'322','Post object',2,'Changed post_content.'),(1264,'2009-04-19 23:18:20',1,11,'316','Post object',2,'Changed post_content.'),(1265,'2009-04-19 23:19:19',1,11,'314','Post object',2,'Changed post_content.'),(1266,'2009-04-19 23:20:10',1,11,'313','Post object',2,'Changed post_content.'),(1267,'2009-04-19 23:20:28',1,11,'313','Post object',2,'Changed post_content.'),(1268,'2009-04-19 23:20:41',1,11,'313','Post object',2,'Changed post_content.'),(1269,'2009-04-19 23:21:29',1,11,'308','Post object',2,'Changed post_content.'),(1270,'2009-04-19 23:22:46',1,11,'302','Post object',2,'Changed post_content.'),(1271,'2009-04-19 23:24:29',1,11,'285','Post object',2,'Changed post_content.'),(1272,'2009-04-19 23:24:51',1,11,'None','Post object',3,''),(1273,'2009-04-19 23:25:27',1,11,'281','Post object',2,'Changed post_content.'),(1274,'2009-04-19 23:26:12',1,11,'280','Post object',2,'Changed post_content.'),(1275,'2009-04-19 23:28:26',1,11,'269','Post object',2,'Changed post_content.'),(1276,'2009-04-19 23:29:32',1,11,'269','Post object',2,'Changed post_content.'),(1277,'2009-04-19 23:29:58',1,11,'267','Post object',2,'Changed post_content.'),(1278,'2009-04-19 23:31:10',1,11,'255','Post object',2,'Changed post_content.'),(1279,'2009-04-19 23:31:46',1,11,'253','Post object',2,'Changed post_content.'),(1280,'2009-04-19 23:32:03',1,11,'253','Post object',2,'Changed post_content.'),(1281,'2009-04-19 23:32:20',1,11,'253','Post object',2,'Changed post_content.'),(1282,'2009-04-19 23:33:03',1,11,'249','Post object',2,'Changed post_content.'),(1283,'2009-04-19 23:33:41',1,11,'248','Post object',2,'Changed post_content.'),(1284,'2009-04-19 23:35:46',1,11,'227','Post object',2,'Changed post_content.'),(1285,'2009-04-19 23:36:41',1,11,'224','Post object',2,'Changed post_content.'),(1286,'2009-04-19 23:36:59',1,11,'223','Post object',2,'Changed post_content.'),(1287,'2009-04-19 23:37:22',1,11,'219','Post object',2,'Changed post_content.'),(1288,'2009-04-19 23:38:02',1,11,'214','Post object',2,'Changed post_content.'),(1289,'2009-04-19 23:38:44',1,11,'210','Post object',2,'Changed post_content.'),(1290,'2009-04-19 23:39:36',1,11,'206','Post object',2,'Changed post_content.'),(1291,'2009-04-19 23:40:07',1,11,'200','Post object',2,'Changed post_content.'),(1292,'2009-04-19 23:41:13',1,11,'191','Post object',2,'Changed post_content.'),(1293,'2009-04-19 23:44:04',1,11,'186','Post object',2,'Changed post_content.'),(1294,'2009-04-19 23:44:47',1,11,'183','Post object',2,'Changed post_content.'),(1295,'2009-04-19 23:45:27',1,11,'179','Post object',2,'Changed post_content.'),(1296,'2009-04-19 23:46:55',1,11,'159','Post object',2,'Changed post_content.'),(1297,'2009-04-19 23:47:59',1,11,'149','Post object',2,'Changed post_content.'),(1298,'2009-04-19 23:49:44',1,11,'137','Post object',2,'Changed post_content.'),(1299,'2009-04-19 23:50:19',1,11,'137','Post object',2,'Changed post_content.'),(1300,'2009-04-19 23:50:32',1,11,'137','Post object',2,'Changed post_content.'),(1301,'2009-04-19 23:50:43',1,11,'137','Post object',2,'Changed post_content.'),(1302,'2009-04-19 23:51:11',1,11,'137','Post object',2,'Changed post_content.'),(1303,'2009-04-19 23:51:29',1,11,'136','Post object',2,'Changed post_content.'),(1304,'2009-04-19 23:51:54',1,11,'135','Post object',2,'Changed post_content.'),(1305,'2009-04-19 23:54:34',1,11,'105','Post object',2,'Changed post_comments.'),(1306,'2009-04-19 23:55:52',1,11,'96','Post object',2,'Changed post_content.'),(1307,'2009-04-19 23:56:42',1,11,'89','Post object',2,'No fields changed.'),(1308,'2009-04-19 23:57:00',1,11,'89','Post object',2,'Changed post_content.'),(1309,'2009-04-20 00:02:03',1,12,'None','art',3,''),(1310,'2009-04-20 00:02:26',1,12,'None','bands',3,''),(1311,'2009-04-20 00:02:56',1,12,'None','eclipse',3,''),(1312,'2009-04-20 00:03:15',1,12,'None','external',3,''),(1313,'2009-04-20 00:03:30',1,12,'None','foobar',3,''),(1314,'2009-04-20 00:04:15',1,12,'None','pics',3,''),(1315,'2009-04-20 00:04:37',1,12,'None','video',3,''),(1316,'2009-04-20 00:05:05',1,12,'None','Vonage',3,''),(1317,'2009-04-20 00:05:36',1,12,'None','innernet_radio',3,''),(1318,'2009-04-20 00:06:06',1,12,'None','books',3,''),(1319,'2009-04-20 00:06:20',1,12,'None','daily',3,''),(1320,'2009-04-20 00:06:47',1,12,'None','games',3,''),(1321,'2009-04-20 00:07:10',1,12,'None','links',3,''),(1322,'2009-04-20 00:07:59',1,12,'None','maven',3,''),(1323,'2009-04-20 00:08:34',1,12,'None','news',3,''),(1324,'2009-04-20 00:09:14',1,12,'None','reference',3,''),(1325,'2009-04-20 00:09:33',1,12,'None','resources',3,''),(1326,'2009-04-20 00:10:05',1,12,'None','shop',3,''),(1327,'2009-04-20 00:10:59',1,12,'None','unsorted',3,''),(1328,'2009-04-20 00:11:31',1,12,'None','webcomics',3,''),(1329,'2009-04-20 09:02:17',1,18,'3','music',2,'Changed category_heading.'),(1330,'2009-04-20 09:10:12',1,11,'418','Post object',2,'Changed post_content.'),(1331,'2009-04-20 09:13:40',1,11,'417','Post object',2,'Changed post_content.'),(1332,'2009-04-20 09:14:55',1,11,'417','Post object',2,'Changed post_content.'),(1333,'2009-04-20 09:15:38',1,11,'417','Post object',2,'No fields changed.'),(1334,'2009-04-20 09:17:28',1,11,'417','Post object',2,'Changed post_content.'),(1335,'2009-04-20 09:17:42',1,11,'417','Post object',2,'Changed post_content.'),(1336,'2009-04-20 09:19:12',1,11,'418','Post object',2,'Changed post_content.'),(1337,'2009-04-20 09:19:30',1,11,'418','Post object',2,'Changed post_content.'),(1338,'2009-04-20 09:19:55',1,11,'417','Post object',2,'Changed post_content.'),(1339,'2009-04-20 22:19:37',1,11,'417','Post object',2,'Changed post_content.'),(1340,'2009-04-20 22:19:51',1,11,'417','Post object',2,'Changed post_content.'),(1341,'2009-04-20 22:21:49',1,11,'417','Post object',2,'Changed post_content.'),(1342,'2009-04-20 22:27:06',1,11,'417','Post object',2,'Changed post_content.'),(1343,'2009-04-20 22:33:08',1,11,'417','Post object',2,'Changed post_content.'),(1344,'2009-04-20 22:34:46',1,14,'3','http://nehar.webfactional.com/',2,'Changed project_name, description, role and tech_used.'),(1345,'2009-04-20 22:36:12',1,14,'14','linphone maemo port',2,'Changed tech_used.'),(1346,'2009-04-20 22:36:27',1,14,'14','linphone maemo port',2,'Changed description.'),(1347,'2009-04-20 22:36:40',1,14,'14','linphone maemo port',2,'Changed tech_used.'),(1348,'2009-04-20 22:37:01',1,14,'14','linphone maemo port',2,'Changed tech_used.'),(1349,'2009-04-20 22:40:44',1,12,'67','django',1,''),(1350,'2009-04-20 22:40:54',1,12,'67','django',2,'Changed tag_description.'),(1351,'2009-04-20 22:41:45',1,18,'4','source',2,'Changed category_tags.'),(1352,'2009-04-20 22:42:04',1,18,'4','source',2,'Changed category_tags.'),(1353,'2009-04-20 22:48:51',1,11,'421','Post object',1,''),(1354,'2009-04-20 22:49:21',1,11,'421','Post object',2,'Changed post_content and post_tags.'),(1355,'2009-04-20 22:49:47',1,11,'421','Post object',2,'Changed post_content and post_tags.'),(1356,'2009-04-20 22:50:23',1,11,'421','Post object',2,'Changed post_content and post_tags.'),(1357,'2009-04-20 22:52:13',1,11,'421','Post object',2,'Changed post_content and post_tags.'),(1358,'2009-04-20 22:59:50',1,11,'421','Post object',2,'Changed post_content and post_tags.'),(1359,'2009-04-20 23:02:09',1,11,'421','Post object',2,'Changed post_content and post_tags.'),(1360,'2009-04-20 23:03:01',1,11,'421','Post object',2,'Changed post_content and post_tags.'),(1361,'2009-04-20 23:41:27',1,11,'421','Post object',2,'Changed post_content and post_tags.'),(1362,'2009-04-20 23:42:50',1,11,'421','Post object',2,'Changed post_content and post_tags.'),(1363,'2009-04-20 23:45:12',1,11,'421','Post object',2,'Changed post_content and post_tags.'),(1364,'2009-04-20 23:45:15',1,11,'421','Post object',2,'Changed post_tags.'),(1365,'2009-04-21 00:07:23',1,11,'416','Post object',2,'Changed post_heading and post_content.'),(1366,'2009-04-21 00:07:47',1,11,'416','Post object',2,'Changed post_content.'),(1367,'2009-04-21 00:09:06',1,11,'416','Post object',2,'Changed post_content.'),(1368,'2009-04-21 00:09:18',1,11,'416','Post object',2,'Changed post_content.'),(1369,'2009-04-21 00:12:34',1,11,'416','Post object',2,'Changed post_content.'),(1370,'2009-04-21 00:21:44',1,11,'416','Post object',2,'Changed post_content.'),(1371,'2009-04-21 00:21:57',1,11,'416','Post object',2,'Changed post_content.'),(1372,'2009-04-21 00:30:08',1,11,'416','Post object',2,'Changed post_content.'),(1373,'2009-04-21 00:30:08',1,11,'416','Post object',2,'No fields changed.'),(1374,'2009-04-21 00:30:30',1,11,'416','Post object',2,'Changed post_content.'),(1375,'2009-04-21 00:30:57',1,11,'416','Post object',2,'Changed post_content.'),(1376,'2009-04-21 00:33:24',1,11,'416','Post object',2,'Changed post_content.'),(1377,'2009-04-21 00:33:58',1,11,'416','Post object',2,'Changed post_content.'),(1378,'2009-04-21 00:34:35',1,11,'416','Post object',2,'Changed post_content.'),(1379,'2009-04-21 00:34:57',1,11,'416','Post object',2,'Changed post_content.'),(1380,'2009-04-21 00:39:10',1,11,'416','Post object',2,'Changed post_content.'),(1381,'2009-04-21 08:00:44',1,11,'421','Post object',2,'Changed post_content and post_tags.'),(1382,'2009-04-21 08:12:54',1,11,'416','Post object',2,'Changed post_content.'),(1383,'2009-04-21 08:18:07',1,11,'416','Post object',2,'Changed post_content.'),(1384,'2009-04-21 08:18:36',1,11,'416','Post object',2,'Changed post_content.'),(1385,'2009-04-21 08:19:41',1,11,'416','Post object',2,'Changed post_content.'),(1386,'2009-04-21 08:26:19',1,11,'416','Post object',2,'Changed post_content.'),(1387,'2009-04-21 08:32:35',1,11,'416','Post object',2,'Changed post_content.'),(1388,'2009-04-21 17:43:50',1,12,'47','lud_in_the_mist',2,'Changed tag_name.'),(1389,'2009-04-23 21:32:31',1,18,'2','home',2,'Changed category_tags.'),(1390,'2009-04-23 21:37:41',1,11,'422','Post object',1,''),(1391,'2009-04-24 13:15:18',1,11,'None','Post object',3,''),(1392,'2009-04-24 18:51:07',1,12,'68','java',1,''),(1393,'2009-04-24 18:51:24',1,11,'423','Post object',1,''),(1394,'2009-04-24 18:51:32',1,11,'423','Post object',2,'Changed post_tags.'),(1395,'2009-04-27 06:59:31',1,11,'None','Post object',3,''),(1396,'2009-04-27 17:57:29',1,11,'275','Post object',2,'Changed post_content_author.'),(1397,'2009-04-27 17:58:05',1,11,'275','Post object',2,'Changed post_comments and post_url.'),(1398,'2009-05-09 00:02:25',1,14,'3','http://www.nehararora.com/',2,'Changed project_name.'),(1399,'2009-05-12 16:28:50',1,11,'424','Post object',1,''),(1400,'2009-05-12 16:29:29',1,11,'424','Post object',2,'Changed post_content.'),(1401,'2009-05-19 09:07:05',1,11,'425','Post object',1,''),(1402,'2009-05-19 09:07:36',1,11,'425','Post object',2,'Changed post_content.'),(1403,'2009-06-19 11:45:11',1,11,'386','Post object',2,'Changed post_content.'),(1404,'2009-06-19 11:46:16',1,11,'386','Post object',2,'Changed post_content.'),(1405,'2009-06-25 22:57:16',1,11,'426','Post object',1,''),(1406,'2009-06-25 22:58:34',1,11,'426','Post object',2,'Changed post_content.'),(1407,'2009-06-25 22:58:55',1,11,'426','Post object',2,'Changed post_content.'),(1408,'2009-06-25 22:59:16',1,11,'426','Post object',2,'Changed post_content.'),(1409,'2009-06-25 22:59:33',1,11,'426','Post object',2,'Changed post_content.'),(1410,'2009-06-25 23:00:49',1,11,'426','Post object',2,'Changed post_content.'),(1411,'2009-06-30 13:39:30',1,11,'376','Post object',2,'Changed post_content and post_comments.'),(1412,'2009-06-30 13:42:51',1,11,'376','Post object',2,'Changed post_content.'),(1413,'2009-07-24 08:25:58',1,11,'427','Post object',1,''),(1414,'2009-07-24 08:26:21',1,11,'427','Post object',2,'Changed post_content.'),(1415,'2009-08-17 21:46:00',1,11,'291','Post object',2,'Changed post_content_author.'),(1416,'2009-08-17 21:54:17',1,11,'426','Post object',2,'Changed post_content.'),(1417,'2009-09-19 10:46:07',1,18,'6','mine',1,''),(1418,'2009-12-12 17:54:32',1,11,'428','Post object',1,''),(1419,'2010-02-11 18:04:50',1,11,'429','Post object',1,''),(1420,'2010-02-11 18:05:52',1,11,'429','Post object',2,'Changed post_content.'),(1421,'2010-02-11 18:06:20',1,11,'429','Post object',2,'Changed post_content.'),(1422,'2010-02-11 18:06:44',1,11,'429','Post object',2,'Changed post_content.'),(1423,'2010-02-11 18:07:35',1,11,'429','Post object',2,'Changed post_content.'),(1424,'2010-02-11 18:07:46',1,11,'429','Post object',2,'Changed post_content.'),(1425,'2010-02-11 18:08:59',1,11,'429','Post object',2,'Changed post_content.'),(1426,'2010-06-03 08:36:07',1,11,'430','Post object',1,''),(1427,'2010-08-23 16:43:48',1,12,'69','android',1,''),(1428,'2010-08-23 16:43:58',1,11,'431','Post object',1,''),(1429,'2010-08-23 16:44:26',1,11,'431','Post object',2,'Changed post_content.'),(1430,'2010-08-23 17:03:58',1,11,'431','Post object',2,'Changed post_content.'),(1431,'2010-08-23 17:04:20',1,11,'431','Post object',2,'Changed post_content.'),(1432,'2010-08-25 14:54:18',1,11,'432','Post object',1,''),(1433,'2010-08-25 14:56:00',1,11,'432','Post object',2,'Changed post_content.'),(1434,'2010-08-25 14:56:08',1,11,'432','Post object',2,'No fields changed.'),(1435,'2010-09-21 08:18:28',1,11,'433','Post object',1,''),(1436,'2010-09-21 08:18:55',1,11,'433','Post object',2,'No fields changed.'),(1437,'2011-01-06 07:55:10',1,8,'1','Operating Systems',2,'Changed skills.'),(1438,'2011-03-07 07:54:34',1,11,'434','Post object',1,''),(1439,'2011-03-07 07:55:06',1,11,'434','Post object',2,'Changed post_comments.'),(1440,'2011-03-07 07:56:06',1,11,'434','Post object',2,'Changed post_tags.'),(1441,'2011-03-07 21:39:34',1,13,'2','Software Developer I@Vonage Inc.',2,'Changed title.'),(1442,'2011-03-07 21:41:31',1,13,'6','Software Developer III@Vonage Inc.',1,''),(1443,'2011-03-07 21:42:28',1,13,'1','Software Developer II@Vonage Inc.',2,'Changed end_date.'),(1444,'2011-03-07 21:42:38',1,13,'6','Software Developer III@Vonage Inc.',2,'Changed start_date.'),(1445,'2011-03-07 21:43:25',1,13,'6','Software Developer III@Vonage Inc.',2,'Changed projects.'),(1446,'2011-03-07 21:43:50',1,13,'6','Software Developer III@Vonage Inc.',2,'Changed duties.'),(1447,'2011-03-07 21:45:19',1,10,'1','Resume object',2,'Changed experience.'),(1448,'2011-03-07 21:46:23',1,10,'1','Resume object',2,'Changed experience.'),(1449,'2011-03-07 21:46:38',1,13,'None','Software Developer III@Vonage Inc.',3,''),(1450,'2011-03-07 21:47:01',1,13,'7','Software Developer III@Vonage Inc.',1,''),(1451,'2011-03-07 21:47:14',1,10,'1','Resume object',2,'Changed experience.'),(1452,'2011-03-07 22:01:35',1,10,'1','Resume object',2,'Changed experience.'),(1453,'2011-03-07 22:01:55',1,10,'1','Resume object',2,'Changed experience.'),(1454,'2011-03-07 22:17:02',1,10,'None','Resume object',3,''),(1455,'2011-03-07 22:19:01',1,10,'2','Resume object',1,''),(1456,'2011-03-07 22:19:25',1,10,'None','Resume object',3,''),(1457,'2013-07-12 07:21:09',1,11,'435','Post object',1,''),(1458,'2014-09-02 01:52:28',1,11,'436','Post object',1,''),(1459,'2014-09-20 22:47:51',1,11,'437','Post object',1,''),(1460,'2014-10-14 07:31:37',1,11,'438','Post object',1,''),(1461,'2015-06-13 15:43:44',1,11,'439','Post object',1,''),(1462,'2015-06-13 15:44:33',1,11,'439','Post object',2,'Changed post_content.'),(1463,'2015-06-13 15:45:18',1,11,'439','Post object',2,'Changed post_content and post_content_author.'),(1464,'2015-06-13 15:45:48',1,11,'438','Post object',2,'Changed post_content and post_content_author.'),(1465,'2016-01-24 22:13:41',1,11,'440','Post object',1,''),(1466,'2016-01-24 22:14:25',1,11,'440','Post object',2,'Changed post_content_author.');
/*!40000 ALTER TABLE `django_admin_log` ENABLE KEYS */;
UNLOCK TABLES;

--
-- Table structure for table `django_content_type`
--

DROP TABLE IF EXISTS `django_content_type`;
/*!40101 SET @saved_cs_client     = @@character_set_client */;
/*!40101 SET character_set_client = utf8 */;
CREATE TABLE `django_content_type` (
  `id` int(11) NOT NULL AUTO_INCREMENT,
  `name` varchar(100) NOT NULL,
  `app_label` varchar(100) NOT NULL,
  `model` varchar(100) NOT NULL,
  PRIMARY KEY (`id`),
  UNIQUE KEY `app_label` (`app_label`,`model`)
) ENGINE=MyISAM AUTO_INCREMENT=19 DEFAULT CHARSET=latin1;
/*!40101 SET character_set_client = @saved_cs_client */;

--
-- Dumping data for table `django_content_type`
--

LOCK TABLES `django_content_type` WRITE;
/*!40000 ALTER TABLE `django_content_type` DISABLE KEYS */;
INSERT INTO `django_content_type` VALUES (1,'message','auth','message'),(2,'group','auth','group'),(3,'user','auth','user'),(4,'permission','auth','permission'),(5,'content type','contenttypes','contenttype'),(6,'session','sessions','session'),(7,'log entry','admin','logentry'),(8,'skill set','resume','skillset'),(9,'contact information','resume','contactinformation'),(10,'resume','resume','resume'),(11,'post','posts','post'),(12,'tag','posts','tag'),(13,'experience','resume','experience'),(14,'project','resume','project'),(15,'course','resume','course'),(16,'section','sections','section'),(18,'category','posts','category');
/*!40000 ALTER TABLE `django_content_type` ENABLE KEYS */;
UNLOCK TABLES;

--
-- Table structure for table `django_session`
--

DROP TABLE IF EXISTS `django_session`;
/*!40101 SET @saved_cs_client     = @@character_set_client */;
/*!40101 SET character_set_client = utf8 */;
CREATE TABLE `django_session` (
  `session_key` varchar(40) NOT NULL,
  `session_data` longtext NOT NULL,
  `expire_date` datetime NOT NULL,
  PRIMARY KEY (`session_key`)
) ENGINE=MyISAM DEFAULT CHARSET=latin1;
/*!40101 SET character_set_client = @saved_cs_client */;

--
-- Dumping data for table `django_session`
--

LOCK TABLES `django_session` WRITE;
/*!40000 ALTER TABLE `django_session` DISABLE KEYS */;
INSERT INTO `django_session` VALUES ('00af789555972dcbc39332b287bf7746','KGRwMQpTJ19hdXRoX3VzZXJfYmFja2VuZCcKcDIKUydkamFuZ28uY29udHJpYi5hdXRoLmJhY2tl\nbmRzLk1vZGVsQmFja2VuZCcKcDMKc1MnX2F1dGhfdXNlcl9pZCcKcDQKTDFMCnMuM2E3MWZmMThi\nMGZmZmEzZjVhM2JlZWViMjgxNzc2ZTc=\n','2008-10-13 21:37:42'),('d9447edd9d31178e683959c6cda6c247','KGRwMQpTJ19hdXRoX3VzZXJfYmFja2VuZCcKcDIKUydkamFuZ28uY29udHJpYi5hdXRoLmJhY2tl\nbmRzLk1vZGVsQmFja2VuZCcKcDMKc1MnX2F1dGhfdXNlcl9pZCcKcDQKTDFMCnMuM2E3MWZmMThi\nMGZmZmEzZjVhM2JlZWViMjgxNzc2ZTc=\n','2008-10-14 14:28:59'),('48bb6144f1703bfc404166685fd6bbf4','KGRwMQpTJ19hdXRoX3VzZXJfYmFja2VuZCcKcDIKUydkamFuZ28uY29udHJpYi5hdXRoLmJhY2tl\nbmRzLk1vZGVsQmFja2VuZCcKcDMKc1MnX2F1dGhfdXNlcl9pZCcKcDQKTDFMCnMuM2E3MWZmMThi\nMGZmZmEzZjVhM2JlZWViMjgxNzc2ZTc=\n','2008-10-16 23:14:23'),('fcfd877a166924c7b4ca21bfe1567795','KGRwMQpTJ19hdXRoX3VzZXJfYmFja2VuZCcKcDIKUydkamFuZ28uY29udHJpYi5hdXRoLmJhY2tl\nbmRzLk1vZGVsQmFja2VuZCcKcDMKc1MnX2F1dGhfdXNlcl9pZCcKcDQKTDFMCnMuM2E3MWZmMThi\nMGZmZmEzZjVhM2JlZWViMjgxNzc2ZTc=\n','2008-10-17 13:31:33'),('80c95f7785bf99d16f67d025e69d8fb8','KGRwMQpTJ19hdXRoX3VzZXJfYmFja2VuZCcKcDIKUydkamFuZ28uY29udHJpYi5hdXRoLmJhY2tl\nbmRzLk1vZGVsQmFja2VuZCcKcDMKc1MnX2F1dGhfdXNlcl9pZCcKcDQKTDFMCnMuM2E3MWZmMThi\nMGZmZmEzZjVhM2JlZWViMjgxNzc2ZTc=\n','2008-10-19 22:38:18'),('a747b426736691dcfff264ee1dcdcded','KGRwMQpTJ19hdXRoX3VzZXJfYmFja2VuZCcKcDIKUydkamFuZ28uY29udHJpYi5hdXRoLmJhY2tl\nbmRzLk1vZGVsQmFja2VuZCcKcDMKc1MnX2F1dGhfdXNlcl9pZCcKcDQKTDFMCnMuM2E3MWZmMThi\nMGZmZmEzZjVhM2JlZWViMjgxNzc2ZTc=\n','2008-10-20 00:40:22'),('b8e8d34385e07b6cd13b298418d356fd','KGRwMQpTJ19hdXRoX3VzZXJfYmFja2VuZCcKcDIKUydkamFuZ28uY29udHJpYi5hdXRoLmJhY2tl\nbmRzLk1vZGVsQmFja2VuZCcKcDMKc1MnX2F1dGhfdXNlcl9pZCcKcDQKTDFMCnMuM2E3MWZmMThi\nMGZmZmEzZjVhM2JlZWViMjgxNzc2ZTc=\n','2008-10-30 13:45:07'),('eb243ab8c37122e224ef5a129f7ed4e5','KGRwMQpTJ19hdXRoX3VzZXJfYmFja2VuZCcKcDIKUydkamFuZ28uY29udHJpYi5hdXRoLmJhY2tl\nbmRzLk1vZGVsQmFja2VuZCcKcDMKc1MnX2F1dGhfdXNlcl9pZCcKcDQKTDFMCnMuM2E3MWZmMThi\nMGZmZmEzZjVhM2JlZWViMjgxNzc2ZTc=\n','2008-10-21 18:22:53'),('19c3a32e8b528c7c4c2bd05e3caa8b20','KGRwMQpTJ3Rlc3Rjb29raWUnCnAyClMnd29ya2VkJwpwMwpzLmFmMmQwZjBlMmNmOGZkM2M4YzQ1\nYmFhOWViMGFhZTNl\n','2008-10-24 21:53:15'),('cca495baf9e3574c2e35967ff3802e30','KGRwMQpTJ19hdXRoX3VzZXJfYmFja2VuZCcKcDIKUydkamFuZ28uY29udHJpYi5hdXRoLmJhY2tl\nbmRzLk1vZGVsQmFja2VuZCcKcDMKc1MnX2F1dGhfdXNlcl9pZCcKcDQKTDFMCnMuM2E3MWZmMThi\nMGZmZmEzZjVhM2JlZWViMjgxNzc2ZTc=\n','2008-10-27 16:22:33'),('2cec3dbf3fbc97237ab661e9b2b90e0b','KGRwMQpTJ19hdXRoX3VzZXJfYmFja2VuZCcKcDIKUydkamFuZ28uY29udHJpYi5hdXRoLmJhY2tl\nbmRzLk1vZGVsQmFja2VuZCcKcDMKc1MnX2F1dGhfdXNlcl9pZCcKcDQKTDFMCnMuM2E3MWZmMThi\nMGZmZmEzZjVhM2JlZWViMjgxNzc2ZTc=\n','2008-10-28 12:53:44'),('83c423f824381c62c4633baff677ee55','KGRwMQpTJ3Rlc3Rjb29raWUnCnAyClMnd29ya2VkJwpwMwpzLmFmMmQwZjBlMmNmOGZkM2M4YzQ1\nYmFhOWViMGFhZTNl\n','2008-10-28 14:20:33'),('068444389e7744b8417d3e38b401e358','KGRwMQpTJ3Rlc3Rjb29raWUnCnAyClMnd29ya2VkJwpwMwpzLmFmMmQwZjBlMmNmOGZkM2M4YzQ1\nYmFhOWViMGFhZTNl\n','2008-10-29 05:56:10'),('8beb81a8a440e61ddb88a6bca72c6da5','KGRwMQpTJ19hdXRoX3VzZXJfYmFja2VuZCcKcDIKUydkamFuZ28uY29udHJpYi5hdXRoLmJhY2tl\nbmRzLk1vZGVsQmFja2VuZCcKcDMKc1MnX2F1dGhfdXNlcl9pZCcKcDQKTDFMCnMuM2E3MWZmMThi\nMGZmZmEzZjVhM2JlZWViMjgxNzc2ZTc=\n','2008-10-30 20:03:47'),('5d0d3ff3d9804257bf525c2339d9f776','KGRwMQpTJ19hdXRoX3VzZXJfYmFja2VuZCcKcDIKUydkamFuZ28uY29udHJpYi5hdXRoLmJhY2tl\nbmRzLk1vZGVsQmFja2VuZCcKcDMKc1MnX2F1dGhfdXNlcl9pZCcKcDQKTDFMCnMuM2E3MWZmMThi\nMGZmZmEzZjVhM2JlZWViMjgxNzc2ZTc=\n','2008-10-31 05:30:06'),('9b52d17da6c2fb6e31edbb7ce0b48708','KGRwMQpTJ19hdXRoX3VzZXJfYmFja2VuZCcKcDIKUydkamFuZ28uY29udHJpYi5hdXRoLmJhY2tl\nbmRzLk1vZGVsQmFja2VuZCcKcDMKc1MnX2F1dGhfdXNlcl9pZCcKcDQKTDFMCnMuM2E3MWZmMThi\nMGZmZmEzZjVhM2JlZWViMjgxNzc2ZTc=\n','2008-10-31 08:04:03'),('20e354454fab4b6d3b6bc4482e11664a','KGRwMQpTJ19hdXRoX3VzZXJfYmFja2VuZCcKcDIKUydkamFuZ28uY29udHJpYi5hdXRoLmJhY2tl\nbmRzLk1vZGVsQmFja2VuZCcKcDMKc1MnX2F1dGhfdXNlcl9pZCcKcDQKTDFMCnMuM2E3MWZmMThi\nMGZmZmEzZjVhM2JlZWViMjgxNzc2ZTc=\n','2008-11-02 09:50:10'),('19d3a32455079120efa665a480f63f7b','KGRwMQpTJ3Rlc3Rjb29raWUnCnAyClMnd29ya2VkJwpwMwpzUydfYXV0aF91c2VyX2JhY2tlbmQn\nCnA0ClMnZGphbmdvLmNvbnRyaWIuYXV0aC5iYWNrZW5kcy5Nb2RlbEJhY2tlbmQnCnA1CnNTJ19h\ndXRoX3VzZXJfaWQnCnA2CkwxTApzLjhmYTUxOGVmNjEwYzEwNWFjZDI1YTIzNmRmYWM1NjNk\n','2008-11-02 20:26:22'),('e64e553acf8fb247fe35b6df03ac8326','KGRwMQpTJ19hdXRoX3VzZXJfYmFja2VuZCcKcDIKUydkamFuZ28uY29udHJpYi5hdXRoLmJhY2tl\nbmRzLk1vZGVsQmFja2VuZCcKcDMKc1MnX2F1dGhfdXNlcl9pZCcKcDQKTDFMCnMuM2E3MWZmMThi\nMGZmZmEzZjVhM2JlZWViMjgxNzc2ZTc=\n','2008-11-03 11:14:24'),('dee52805ec26be45fa3295eb5107ff16','KGRwMQpTJ19hdXRoX3VzZXJfYmFja2VuZCcKcDIKUydkamFuZ28uY29udHJpYi5hdXRoLmJhY2tl\nbmRzLk1vZGVsQmFja2VuZCcKcDMKc1MnX2F1dGhfdXNlcl9pZCcKcDQKTDFMCnMuM2E3MWZmMThi\nMGZmZmEzZjVhM2JlZWViMjgxNzc2ZTc=\n','2008-11-03 15:25:50'),('c30c9e7321349f6816ef85e1584efa64','KGRwMQpTJ19hdXRoX3VzZXJfYmFja2VuZCcKcDIKUydkamFuZ28uY29udHJpYi5hdXRoLmJhY2tl\nbmRzLk1vZGVsQmFja2VuZCcKcDMKc1MnX2F1dGhfdXNlcl9pZCcKcDQKTDFMCnMuM2E3MWZmMThi\nMGZmZmEzZjVhM2JlZWViMjgxNzc2ZTc=\n','2008-11-04 06:25:31'),('b70f74ebb04881171fd0b0e60d3f6380','KGRwMQpTJ19hdXRoX3VzZXJfYmFja2VuZCcKcDIKUydkamFuZ28uY29udHJpYi5hdXRoLmJhY2tl\nbmRzLk1vZGVsQmFja2VuZCcKcDMKc1MnX2F1dGhfdXNlcl9pZCcKcDQKTDFMCnMuM2E3MWZmMThi\nMGZmZmEzZjVhM2JlZWViMjgxNzc2ZTc=\n','2008-11-04 14:17:12'),('ca79e26444b42dc279e850e91e79301b','KGRwMQpTJ19hdXRoX3VzZXJfYmFja2VuZCcKcDIKUydkamFuZ28uY29udHJpYi5hdXRoLmJhY2tl\nbmRzLk1vZGVsQmFja2VuZCcKcDMKc1MnX2F1dGhfdXNlcl9pZCcKcDQKTDFMCnMuM2E3MWZmMThi\nMGZmZmEzZjVhM2JlZWViMjgxNzc2ZTc=\n','2008-11-06 12:02:56'),('fa684a155457d25a865092ff2378d6ea','KGRwMQpTJ19hdXRoX3VzZXJfYmFja2VuZCcKcDIKUydkamFuZ28uY29udHJpYi5hdXRoLmJhY2tl\nbmRzLk1vZGVsQmFja2VuZCcKcDMKc1MnX2F1dGhfdXNlcl9pZCcKcDQKTDFMCnMuM2E3MWZmMThi\nMGZmZmEzZjVhM2JlZWViMjgxNzc2ZTc=\n','2008-11-07 07:34:17'),('bbf09fc14e9f748f73503a6aa53d8015','KGRwMQpTJ19hdXRoX3VzZXJfYmFja2VuZCcKcDIKUydkamFuZ28uY29udHJpYi5hdXRoLmJhY2tl\nbmRzLk1vZGVsQmFja2VuZCcKcDMKc1MnX2F1dGhfdXNlcl9pZCcKcDQKTDFMCnMuM2E3MWZmMThi\nMGZmZmEzZjVhM2JlZWViMjgxNzc2ZTc=\n','2008-11-07 14:56:05'),('76e3df6574abd931b2b7a12551fb5515','KGRwMQpTJ19hdXRoX3VzZXJfYmFja2VuZCcKcDIKUydkamFuZ28uY29udHJpYi5hdXRoLmJhY2tl\nbmRzLk1vZGVsQmFja2VuZCcKcDMKc1MnX2F1dGhfdXNlcl9pZCcKcDQKTDFMCnMuM2E3MWZmMThi\nMGZmZmEzZjVhM2JlZWViMjgxNzc2ZTc=\n','2008-11-08 10:54:01'),('11727a0777869d4cdd04f09717afcdf7','KGRwMQpTJ19hdXRoX3VzZXJfYmFja2VuZCcKcDIKUydkamFuZ28uY29udHJpYi5hdXRoLmJhY2tl\nbmRzLk1vZGVsQmFja2VuZCcKcDMKc1MnX2F1dGhfdXNlcl9pZCcKcDQKTDFMCnMuM2E3MWZmMThi\nMGZmZmEzZjVhM2JlZWViMjgxNzc2ZTc=\n','2008-11-08 19:41:05'),('69dcbb742debce189bb0442506c97ac2','KGRwMQpTJ3Rlc3Rjb29raWUnCnAyClMnd29ya2VkJwpwMwpzLmFmMmQwZjBlMmNmOGZkM2M4YzQ1\nYmFhOWViMGFhZTNl\n','2008-11-09 17:30:49'),('b1aaf40bd9d26b1c3c1f88edbf22e607','KGRwMQpTJ19hdXRoX3VzZXJfYmFja2VuZCcKcDIKUydkamFuZ28uY29udHJpYi5hdXRoLmJhY2tl\nbmRzLk1vZGVsQmFja2VuZCcKcDMKc1MnX2F1dGhfdXNlcl9pZCcKcDQKTDFMCnMuM2E3MWZmMThi\nMGZmZmEzZjVhM2JlZWViMjgxNzc2ZTc=\n','2008-11-10 06:42:51'),('a19f8484645998689ae6d72024624360','KGRwMQpTJ19hdXRoX3VzZXJfYmFja2VuZCcKcDIKUydkamFuZ28uY29udHJpYi5hdXRoLmJhY2tl\nbmRzLk1vZGVsQmFja2VuZCcKcDMKc1MnX2F1dGhfdXNlcl9pZCcKcDQKTDFMCnMuM2E3MWZmMThi\nMGZmZmEzZjVhM2JlZWViMjgxNzc2ZTc=\n','2008-11-18 17:15:44'),('a1e8d3409ab3cf677c8e2298151bfdd7','KGRwMQpTJ19hdXRoX3VzZXJfYmFja2VuZCcKcDIKUydkamFuZ28uY29udHJpYi5hdXRoLmJhY2tl\nbmRzLk1vZGVsQmFja2VuZCcKcDMKc1MnX2F1dGhfdXNlcl9pZCcKcDQKTDFMCnMuM2E3MWZmMThi\nMGZmZmEzZjVhM2JlZWViMjgxNzc2ZTc=\n','2008-11-20 06:49:02'),('68a5b2521a688401707a9203b8899ab6','KGRwMQpTJ19hdXRoX3VzZXJfYmFja2VuZCcKcDIKUydkamFuZ28uY29udHJpYi5hdXRoLmJhY2tl\nbmRzLk1vZGVsQmFja2VuZCcKcDMKc1MnX2F1dGhfdXNlcl9pZCcKcDQKTDFMCnMuM2E3MWZmMThi\nMGZmZmEzZjVhM2JlZWViMjgxNzc2ZTc=\n','2008-11-20 13:50:43'),('25d7cbc51bbc513623db904c9c72dde3','KGRwMQpTJ19hdXRoX3VzZXJfYmFja2VuZCcKcDIKUydkamFuZ28uY29udHJpYi5hdXRoLmJhY2tl\nbmRzLk1vZGVsQmFja2VuZCcKcDMKc1MnX2F1dGhfdXNlcl9pZCcKcDQKTDFMCnMuM2E3MWZmMThi\nMGZmZmEzZjVhM2JlZWViMjgxNzc2ZTc=\n','2008-11-20 14:09:06'),('544e401737d591e9077c3721e5e45c6c','KGRwMQpTJ19hdXRoX3VzZXJfYmFja2VuZCcKcDIKUydkamFuZ28uY29udHJpYi5hdXRoLmJhY2tl\nbmRzLk1vZGVsQmFja2VuZCcKcDMKc1MnX2F1dGhfdXNlcl9pZCcKcDQKTDFMCnMuM2E3MWZmMThi\nMGZmZmEzZjVhM2JlZWViMjgxNzc2ZTc=\n','2008-11-21 15:41:28'),('f56da6d1be8735f52f2eab5fa33a052a','KGRwMQpTJ19hdXRoX3VzZXJfYmFja2VuZCcKcDIKUydkamFuZ28uY29udHJpYi5hdXRoLmJhY2tl\nbmRzLk1vZGVsQmFja2VuZCcKcDMKc1MnX2F1dGhfdXNlcl9pZCcKcDQKTDFMCnMuM2E3MWZmMThi\nMGZmZmEzZjVhM2JlZWViMjgxNzc2ZTc=\n','2008-11-22 08:12:46'),('432f261c7d69efeec7c5f86a93f3ed3f','KGRwMQpTJ19hdXRoX3VzZXJfYmFja2VuZCcKcDIKUydkamFuZ28uY29udHJpYi5hdXRoLmJhY2tl\nbmRzLk1vZGVsQmFja2VuZCcKcDMKc1MnX2F1dGhfdXNlcl9pZCcKcDQKTDFMCnMuM2E3MWZmMThi\nMGZmZmEzZjVhM2JlZWViMjgxNzc2ZTc=\n','2008-11-24 01:16:49'),('d395e7b9b896f54e2eec8ecc2cafe3e7','KGRwMQpTJ19hdXRoX3VzZXJfYmFja2VuZCcKcDIKUydkamFuZ28uY29udHJpYi5hdXRoLmJhY2tl\nbmRzLk1vZGVsQmFja2VuZCcKcDMKc1MnX2F1dGhfdXNlcl9pZCcKcDQKTDFMCnMuM2E3MWZmMThi\nMGZmZmEzZjVhM2JlZWViMjgxNzc2ZTc=\n','2008-11-25 07:17:43'),('1e2dd30600027be0d90c602e319d7f03','KGRwMQpTJ19hdXRoX3VzZXJfYmFja2VuZCcKcDIKUydkamFuZ28uY29udHJpYi5hdXRoLmJhY2tl\nbmRzLk1vZGVsQmFja2VuZCcKcDMKc1MnX2F1dGhfdXNlcl9pZCcKcDQKTDFMCnMuM2E3MWZmMThi\nMGZmZmEzZjVhM2JlZWViMjgxNzc2ZTc=\n','2008-11-27 06:26:13'),('fa3ab35666bc7afa044dfeb7d3002cc6','KGRwMQpTJ19hdXRoX3VzZXJfYmFja2VuZCcKcDIKUydkamFuZ28uY29udHJpYi5hdXRoLmJhY2tl\nbmRzLk1vZGVsQmFja2VuZCcKcDMKc1MnX2F1dGhfdXNlcl9pZCcKcDQKTDFMCnMuM2E3MWZmMThi\nMGZmZmEzZjVhM2JlZWViMjgxNzc2ZTc=\n','2008-11-28 06:15:37'),('10e86a810568e6a71f438647adbb4f4d','KGRwMQpTJ19hdXRoX3VzZXJfYmFja2VuZCcKcDIKUydkamFuZ28uY29udHJpYi5hdXRoLmJhY2tl\nbmRzLk1vZGVsQmFja2VuZCcKcDMKc1MnX2F1dGhfdXNlcl9pZCcKcDQKTDFMCnMuM2E3MWZmMThi\nMGZmZmEzZjVhM2JlZWViMjgxNzc2ZTc=\n','2008-11-28 06:42:03'),('8db3ee73d31a1e63f0da2f1792e9de45','KGRwMQpTJ19hdXRoX3VzZXJfYmFja2VuZCcKcDIKUydkamFuZ28uY29udHJpYi5hdXRoLmJhY2tl\nbmRzLk1vZGVsQmFja2VuZCcKcDMKc1MnX2F1dGhfdXNlcl9pZCcKcDQKTDFMCnMuM2E3MWZmMThi\nMGZmZmEzZjVhM2JlZWViMjgxNzc2ZTc=\n','2008-11-28 12:46:31'),('c6971b3c62f73d0b2552f5ebdaa6e65f','KGRwMQpTJ19hdXRoX3VzZXJfYmFja2VuZCcKcDIKUydkamFuZ28uY29udHJpYi5hdXRoLmJhY2tl\nbmRzLk1vZGVsQmFja2VuZCcKcDMKc1MnX2F1dGhfdXNlcl9pZCcKcDQKTDFMCnMuM2E3MWZmMThi\nMGZmZmEzZjVhM2JlZWViMjgxNzc2ZTc=\n','2008-11-30 10:10:34'),('fe04ee5328ab10e48443d13c7ccc3557','KGRwMQpTJ19hdXRoX3VzZXJfYmFja2VuZCcKcDIKUydkamFuZ28uY29udHJpYi5hdXRoLmJhY2tl\nbmRzLk1vZGVsQmFja2VuZCcKcDMKc1MnX2F1dGhfdXNlcl9pZCcKcDQKTDFMCnMuM2E3MWZmMThi\nMGZmZmEzZjVhM2JlZWViMjgxNzc2ZTc=\n','2008-11-30 10:25:06'),('7a61ebeeadb539dfe140374b80cc0eea','KGRwMQpTJ19hdXRoX3VzZXJfYmFja2VuZCcKcDIKUydkamFuZ28uY29udHJpYi5hdXRoLmJhY2tl\nbmRzLk1vZGVsQmFja2VuZCcKcDMKc1MnX2F1dGhfdXNlcl9pZCcKcDQKTDFMCnMuM2E3MWZmMThi\nMGZmZmEzZjVhM2JlZWViMjgxNzc2ZTc=\n','2008-12-01 11:30:01'),('aaf82692f081cf65963c52d3fd33d8c9','KGRwMQpTJ19hdXRoX3VzZXJfYmFja2VuZCcKcDIKUydkamFuZ28uY29udHJpYi5hdXRoLmJhY2tl\nbmRzLk1vZGVsQmFja2VuZCcKcDMKc1MnX2F1dGhfdXNlcl9pZCcKcDQKTDFMCnMuM2E3MWZmMThi\nMGZmZmEzZjVhM2JlZWViMjgxNzc2ZTc=\n','2008-12-01 17:26:27'),('268724f94c51cdf3c6bfb8333bc4817a','KGRwMQpTJ3Rlc3Rjb29raWUnCnAyClMnd29ya2VkJwpwMwpzLmFmMmQwZjBlMmNmOGZkM2M4YzQ1\nYmFhOWViMGFhZTNl\n','2008-12-02 07:32:31'),('a19c83f4db32e1100a2f2122d7eb736d','KGRwMQpTJ19hdXRoX3VzZXJfYmFja2VuZCcKcDIKUydkamFuZ28uY29udHJpYi5hdXRoLmJhY2tl\nbmRzLk1vZGVsQmFja2VuZCcKcDMKc1MnX2F1dGhfdXNlcl9pZCcKcDQKTDFMCnMuM2E3MWZmMThi\nMGZmZmEzZjVhM2JlZWViMjgxNzc2ZTc=\n','2008-12-02 13:09:43'),('3195e6e2b973d35468b22a582adf61b1','KGRwMQpTJ3Rlc3Rjb29raWUnCnAyClMnd29ya2VkJwpwMwpzLmFmMmQwZjBlMmNmOGZkM2M4YzQ1\nYmFhOWViMGFhZTNl\n','2008-12-02 16:39:39'),('37e3eaa2968001be3bdc4b395a35ca0f','KGRwMQpTJ3Rlc3Rjb29raWUnCnAyClMnd29ya2VkJwpwMwpzLmFmMmQwZjBlMmNmOGZkM2M4YzQ1\nYmFhOWViMGFhZTNl\n','2008-12-03 09:30:59'),('1b847f2d4c935604848018b105746523','KGRwMQpTJ19hdXRoX3VzZXJfYmFja2VuZCcKcDIKUydkamFuZ28uY29udHJpYi5hdXRoLmJhY2tl\nbmRzLk1vZGVsQmFja2VuZCcKcDMKc1MnX2F1dGhfdXNlcl9pZCcKcDQKTDFMCnMuM2E3MWZmMThi\nMGZmZmEzZjVhM2JlZWViMjgxNzc2ZTc=\n','2008-12-03 13:04:10'),('24f44c6eac0958a46b212c316bab6741','KGRwMQpTJ19hdXRoX3VzZXJfYmFja2VuZCcKcDIKUydkamFuZ28uY29udHJpYi5hdXRoLmJhY2tl\nbmRzLk1vZGVsQmFja2VuZCcKcDMKc1MnX2F1dGhfdXNlcl9pZCcKcDQKTDFMCnMuM2E3MWZmMThi\nMGZmZmEzZjVhM2JlZWViMjgxNzc2ZTc=\n','2008-12-04 16:22:41'),('9a51910d05e0f8050950a16d5c15567c','KGRwMQpTJ19hdXRoX3VzZXJfYmFja2VuZCcKcDIKUydkamFuZ28uY29udHJpYi5hdXRoLmJhY2tl\nbmRzLk1vZGVsQmFja2VuZCcKcDMKc1MnX2F1dGhfdXNlcl9pZCcKcDQKTDFMCnMuM2E3MWZmMThi\nMGZmZmEzZjVhM2JlZWViMjgxNzc2ZTc=\n','2008-12-05 08:23:27'),('f5c48dfc3e9f66622bb8372651c22cc0','KGRwMQpTJ19hdXRoX3VzZXJfYmFja2VuZCcKcDIKUydkamFuZ28uY29udHJpYi5hdXRoLmJhY2tl\nbmRzLk1vZGVsQmFja2VuZCcKcDMKc1MnX2F1dGhfdXNlcl9pZCcKcDQKTDFMCnMuM2E3MWZmMThi\nMGZmZmEzZjVhM2JlZWViMjgxNzc2ZTc=\n','2008-12-08 07:17:42'),('36d2b660c9878fa41491707788564a12','KGRwMQpTJ19hdXRoX3VzZXJfYmFja2VuZCcKcDIKUydkamFuZ28uY29udHJpYi5hdXRoLmJhY2tl\nbmRzLk1vZGVsQmFja2VuZCcKcDMKc1MnX2F1dGhfdXNlcl9pZCcKcDQKTDFMCnMuM2E3MWZmMThi\nMGZmZmEzZjVhM2JlZWViMjgxNzc2ZTc=\n','2008-12-08 09:26:23'),('ef1a39e74ca0b2070b9a3f44db269f6c','KGRwMQpTJ19hdXRoX3VzZXJfYmFja2VuZCcKcDIKUydkamFuZ28uY29udHJpYi5hdXRoLmJhY2tl\nbmRzLk1vZGVsQmFja2VuZCcKcDMKc1MnX2F1dGhfdXNlcl9pZCcKcDQKTDFMCnMuM2E3MWZmMThi\nMGZmZmEzZjVhM2JlZWViMjgxNzc2ZTc=\n','2008-12-08 21:23:47'),('f8da87164aaa7acbf8cb9f242e351e4f','KGRwMQpTJ3Rlc3Rjb29raWUnCnAyClMnd29ya2VkJwpwMwpzLmFmMmQwZjBlMmNmOGZkM2M4YzQ1\nYmFhOWViMGFhZTNl\n','2008-12-09 14:31:55'),('898440813b04aa2f89e52d949c405615','KGRwMQpTJ19hdXRoX3VzZXJfYmFja2VuZCcKcDIKUydkamFuZ28uY29udHJpYi5hdXRoLmJhY2tl\nbmRzLk1vZGVsQmFja2VuZCcKcDMKc1MnX2F1dGhfdXNlcl9pZCcKcDQKTDFMCnMuM2E3MWZmMThi\nMGZmZmEzZjVhM2JlZWViMjgxNzc2ZTc=\n','2008-12-16 01:16:03'),('7fa00dfc4f87c59e8fad61991085fe6f','KGRwMQpTJ3Rlc3Rjb29raWUnCnAyClMnd29ya2VkJwpwMwpzLmFmMmQwZjBlMmNmOGZkM2M4YzQ1\nYmFhOWViMGFhZTNl\n','2008-12-24 20:36:10'),('269d42a9e8b10d3f42004b7740cfef90','KGRwMQpTJ19hdXRoX3VzZXJfYmFja2VuZCcKcDIKUydkamFuZ28uY29udHJpYi5hdXRoLmJhY2tl\nbmRzLk1vZGVsQmFja2VuZCcKcDMKc1MnX2F1dGhfdXNlcl9pZCcKcDQKTDFMCnMuM2E3MWZmMThi\nMGZmZmEzZjVhM2JlZWViMjgxNzc2ZTc=\n','2009-01-16 06:58:17'),('561d1ed1cad46627f0ed6b321c48ba33','KGRwMQpTJ3Rlc3Rjb29raWUnCnAyClMnd29ya2VkJwpwMwpzLmFmMmQwZjBlMmNmOGZkM2M4YzQ1\nYmFhOWViMGFhZTNl\n','2009-01-16 15:38:46'),('f6eefc7237bc5214e590fba5a1af51e2','KGRwMQpTJ19hdXRoX3VzZXJfYmFja2VuZCcKcDIKUydkamFuZ28uY29udHJpYi5hdXRoLmJhY2tl\nbmRzLk1vZGVsQmFja2VuZCcKcDMKc1MnX2F1dGhfdXNlcl9pZCcKcDQKTDFMCnMuM2E3MWZmMThi\nMGZmZmEzZjVhM2JlZWViMjgxNzc2ZTc=\n','2009-01-26 08:27:57'),('d9151dc45e876ee0538df8583ab17c69','KGRwMQpTJ19hdXRoX3VzZXJfYmFja2VuZCcKcDIKUydkamFuZ28uY29udHJpYi5hdXRoLmJhY2tl\nbmRzLk1vZGVsQmFja2VuZCcKcDMKc1MnX2F1dGhfdXNlcl9pZCcKcDQKTDFMCnMuM2E3MWZmMThi\nMGZmZmEzZjVhM2JlZWViMjgxNzc2ZTc=\n','2009-01-29 08:28:21'),('e1d95f74a79553f712efc5e64e488f37','KGRwMQpTJ19hdXRoX3VzZXJfYmFja2VuZCcKcDIKUydkamFuZ28uY29udHJpYi5hdXRoLmJhY2tl\nbmRzLk1vZGVsQmFja2VuZCcKcDMKc1MnX2F1dGhfdXNlcl9pZCcKcDQKTDFMCnMuM2E3MWZmMThi\nMGZmZmEzZjVhM2JlZWViMjgxNzc2ZTc=\n','2009-01-30 08:08:19'),('abe973d3bcc7b63c8a818501983f0473','KGRwMQpTJ19hdXRoX3VzZXJfYmFja2VuZCcKcDIKUydkamFuZ28uY29udHJpYi5hdXRoLmJhY2tl\nbmRzLk1vZGVsQmFja2VuZCcKcDMKc1MnX2F1dGhfdXNlcl9pZCcKcDQKTDFMCnMuM2E3MWZmMThi\nMGZmZmEzZjVhM2JlZWViMjgxNzc2ZTc=\n','2009-02-02 08:12:46'),('f8814553d036dc7dc71fb132119aa18b','KGRwMQpTJ19hdXRoX3VzZXJfYmFja2VuZCcKcDIKUydkamFuZ28uY29udHJpYi5hdXRoLmJhY2tl\nbmRzLk1vZGVsQmFja2VuZCcKcDMKc1MnX2F1dGhfdXNlcl9pZCcKcDQKTDFMCnMuM2E3MWZmMThi\nMGZmZmEzZjVhM2JlZWViMjgxNzc2ZTc=\n','2009-02-03 10:03:46'),('316b99f1fa66ac244951e2aede74681c','KGRwMQpTJ19hdXRoX3VzZXJfYmFja2VuZCcKcDIKUydkamFuZ28uY29udHJpYi5hdXRoLmJhY2tl\nbmRzLk1vZGVsQmFja2VuZCcKcDMKc1MnX2F1dGhfdXNlcl9pZCcKcDQKTDFMCnMuM2E3MWZmMThi\nMGZmZmEzZjVhM2JlZWViMjgxNzc2ZTc=\n','2009-02-03 13:04:20'),('8fa012764577f5e9ad2b9641b5cfdcb6','KGRwMQpTJ19hdXRoX3VzZXJfYmFja2VuZCcKcDIKUydkamFuZ28uY29udHJpYi5hdXRoLmJhY2tl\nbmRzLk1vZGVsQmFja2VuZCcKcDMKc1MnX2F1dGhfdXNlcl9pZCcKcDQKTDFMCnMuM2E3MWZmMThi\nMGZmZmEzZjVhM2JlZWViMjgxNzc2ZTc=\n','2009-02-03 17:40:05'),('a2915c2813ce4b654358740fbfacab88','KGRwMQpTJ19hdXRoX3VzZXJfYmFja2VuZCcKcDIKUydkamFuZ28uY29udHJpYi5hdXRoLmJhY2tl\nbmRzLk1vZGVsQmFja2VuZCcKcDMKc1MnX2F1dGhfdXNlcl9pZCcKcDQKTDFMCnMuM2E3MWZmMThi\nMGZmZmEzZjVhM2JlZWViMjgxNzc2ZTc=\n','2009-02-05 17:42:48'),('dcfa2da0c960dcfbcccc9f0826061768','KGRwMQpTJ19hdXRoX3VzZXJfYmFja2VuZCcKcDIKUydkamFuZ28uY29udHJpYi5hdXRoLmJhY2tl\nbmRzLk1vZGVsQmFja2VuZCcKcDMKc1MnX2F1dGhfdXNlcl9pZCcKcDQKTDFMCnMuM2E3MWZmMThi\nMGZmZmEzZjVhM2JlZWViMjgxNzc2ZTc=\n','2009-02-06 15:48:45'),('0d2a6763dd5510c10dd3ba7c37115a12','KGRwMQpTJ19hdXRoX3VzZXJfYmFja2VuZCcKcDIKUydkamFuZ28uY29udHJpYi5hdXRoLmJhY2tl\nbmRzLk1vZGVsQmFja2VuZCcKcDMKc1MnX2F1dGhfdXNlcl9pZCcKcDQKTDFMCnMuM2E3MWZmMThi\nMGZmZmEzZjVhM2JlZWViMjgxNzc2ZTc=\n','2009-02-07 12:53:01'),('d11aaac87d05e5174e0373bcad7aa21a','KGRwMQpTJ19hdXRoX3VzZXJfYmFja2VuZCcKcDIKUydkamFuZ28uY29udHJpYi5hdXRoLmJhY2tl\nbmRzLk1vZGVsQmFja2VuZCcKcDMKc1MnX2F1dGhfdXNlcl9pZCcKcDQKTDFMCnMuM2E3MWZmMThi\nMGZmZmEzZjVhM2JlZWViMjgxNzc2ZTc=\n','2009-02-08 11:09:05'),('303e4cb7f388f32602713db9a433c587','KGRwMQpTJ19hdXRoX3VzZXJfYmFja2VuZCcKcDIKUydkamFuZ28uY29udHJpYi5hdXRoLmJhY2tl\nbmRzLk1vZGVsQmFja2VuZCcKcDMKc1MnX2F1dGhfdXNlcl9pZCcKcDQKTDFMCnMuM2E3MWZmMThi\nMGZmZmEzZjVhM2JlZWViMjgxNzc2ZTc=\n','2009-02-08 21:30:06'),('8351f4632712d625338ecc4afbf30f8d','KGRwMQpTJ19hdXRoX3VzZXJfYmFja2VuZCcKcDIKUydkamFuZ28uY29udHJpYi5hdXRoLmJhY2tl\nbmRzLk1vZGVsQmFja2VuZCcKcDMKc1MnX2F1dGhfdXNlcl9pZCcKcDQKTDFMCnMuM2E3MWZmMThi\nMGZmZmEzZjVhM2JlZWViMjgxNzc2ZTc=\n','2009-02-09 07:15:45'),('f5c6219fa44512aa7cdd23aea27ff216','KGRwMQpTJ3Rlc3Rjb29raWUnCnAyClMnd29ya2VkJwpwMwpzLmFmMmQwZjBlMmNmOGZkM2M4YzQ1\nYmFhOWViMGFhZTNl\n','2009-02-10 06:39:30'),('da89e6c60ca9aa5b8e6dc228b0029095','KGRwMQpTJ3Rlc3Rjb29raWUnCnAyClMnd29ya2VkJwpwMwpzLmFmMmQwZjBlMmNmOGZkM2M4YzQ1\nYmFhOWViMGFhZTNl\n','2009-02-10 09:56:22'),('d16fe24b4bcbff85bca0d068fd622596','KGRwMQpTJ3Rlc3Rjb29raWUnCnAyClMnd29ya2VkJwpwMwpzLmFmMmQwZjBlMmNmOGZkM2M4YzQ1\nYmFhOWViMGFhZTNl\n','2009-02-16 09:49:24'),('b612d5de37859c07bbec3a675721a8e4','KGRwMQpTJ3Rlc3Rjb29raWUnCnAyClMnd29ya2VkJwpwMwpzLmFmMmQwZjBlMmNmOGZkM2M4YzQ1\nYmFhOWViMGFhZTNl\n','2009-02-17 15:34:35'),('f78f30c726d342192eba961d89b0f995','KGRwMQpTJ19hdXRoX3VzZXJfYmFja2VuZCcKcDIKUydkamFuZ28uY29udHJpYi5hdXRoLmJhY2tl\nbmRzLk1vZGVsQmFja2VuZCcKcDMKc1MnX2F1dGhfdXNlcl9pZCcKcDQKTDFMCnMuM2E3MWZmMThi\nMGZmZmEzZjVhM2JlZWViMjgxNzc2ZTc=\n','2009-02-20 06:06:47'),('8f6be3602914ae77d24972dbdf70e3bb','KGRwMQpTJ3Rlc3Rjb29raWUnCnAyClMnd29ya2VkJwpwMwpzLmFmMmQwZjBlMmNmOGZkM2M4YzQ1\nYmFhOWViMGFhZTNl\n','2009-02-20 09:08:23'),('ba5ff5c4cc30abbcaba08681d7cf7a6a','KGRwMQpTJ19hdXRoX3VzZXJfYmFja2VuZCcKcDIKUydkamFuZ28uY29udHJpYi5hdXRoLmJhY2tl\nbmRzLk1vZGVsQmFja2VuZCcKcDMKc1MnX2F1dGhfdXNlcl9pZCcKcDQKTDFMCnMuM2E3MWZmMThi\nMGZmZmEzZjVhM2JlZWViMjgxNzc2ZTc=\n','2009-02-21 16:16:31'),('cec9e4f32c06762e6372791de81a4676','gAJ9cQEoVRJfYXV0aF91c2VyX2JhY2tlbmRxAlUpZGphbmdvLmNvbnRyaWIuYXV0aC5iYWNrZW5k\ncy5Nb2RlbEJhY2tlbmRxA1UNX2F1dGhfdXNlcl9pZHEEigEBdS4xZjYzN2UyZWI4YWU0NTQyNGMw\nNjkxYjk0ODU1M2ZlOA==\n','2009-02-23 14:41:19'),('08c6c743e81c4dd18027e6da96762807','gAJ9cQEuNDVhNjA2M2EzOGRkMDhlNzdhNWM3Njg3MWRjOTA4M2Q=\n','2009-02-23 14:41:08'),('73776814e978126e476e55a7517ad57c','gAJ9cQFVCnRlc3Rjb29raWVxAlUGd29ya2VkcQNzLmM0MDViMjU4OWNhZTk0OWYzMjNjNTdkZGMz\nNDkwYmQ4\n','2009-02-24 18:55:51'),('b5decbb6d869217c549063611265aa6f','gAJ9cQEoVRJfYXV0aF91c2VyX2JhY2tlbmRxAlUpZGphbmdvLmNvbnRyaWIuYXV0aC5iYWNrZW5k\ncy5Nb2RlbEJhY2tlbmRxA1UNX2F1dGhfdXNlcl9pZHEEigEBdS4xZjYzN2UyZWI4YWU0NTQyNGMw\nNjkxYjk0ODU1M2ZlOA==\n','2009-02-23 15:45:23'),('2a2c4a8abcd2328c9516bc5a3f61e383','gAJ9cQEoVRJfYXV0aF91c2VyX2JhY2tlbmRxAlUpZGphbmdvLmNvbnRyaWIuYXV0aC5iYWNrZW5k\ncy5Nb2RlbEJhY2tlbmRxA1UNX2F1dGhfdXNlcl9pZHEEigEBdS4xZjYzN2UyZWI4YWU0NTQyNGMw\nNjkxYjk0ODU1M2ZlOA==\n','2009-03-03 18:19:24'),('5be18389733c20f2be047c6e8220a18f','gAJ9cQFVCnRlc3Rjb29raWVxAlUGd29ya2VkcQNzLmM0MDViMjU4OWNhZTk0OWYzMjNjNTdkZGMz\nNDkwYmQ4\n','2009-02-25 12:07:06'),('e0213ba9221f34984c757a39d29e29f4','gAJ9cQEoVRJfYXV0aF91c2VyX2JhY2tlbmRxAlUpZGphbmdvLmNvbnRyaWIuYXV0aC5iYWNrZW5k\ncy5Nb2RlbEJhY2tlbmRxA1UNX2F1dGhfdXNlcl9pZHEEigEBdS4xZjYzN2UyZWI4YWU0NTQyNGMw\nNjkxYjk0ODU1M2ZlOA==\n','2009-03-04 07:31:31'),('212340313016580c5af958152f3fd96a','gAJ9cQEoVRJfYXV0aF91c2VyX2JhY2tlbmRxAlUpZGphbmdvLmNvbnRyaWIuYXV0aC5iYWNrZW5k\ncy5Nb2RlbEJhY2tlbmRxA1UNX2F1dGhfdXNlcl9pZHEEigEBdS4xZjYzN2UyZWI4YWU0NTQyNGMw\nNjkxYjk0ODU1M2ZlOA==\n','2009-03-04 16:48:31'),('cc12239bcaf0d2cd05385831dfc8987d','gAJ9cQEoVRJfYXV0aF91c2VyX2JhY2tlbmRxAlUpZGphbmdvLmNvbnRyaWIuYXV0aC5iYWNrZW5k\ncy5Nb2RlbEJhY2tlbmRxA1UNX2F1dGhfdXNlcl9pZHEEigEBdS4xZjYzN2UyZWI4YWU0NTQyNGMw\nNjkxYjk0ODU1M2ZlOA==\n','2009-03-05 06:56:49'),('cf6f799999ba5e5de4064853e0f6159e','gAJ9cQEoVRJfYXV0aF91c2VyX2JhY2tlbmRxAlUpZGphbmdvLmNvbnRyaWIuYXV0aC5iYWNrZW5k\ncy5Nb2RlbEJhY2tlbmRxA1UNX2F1dGhfdXNlcl9pZHEEigEBdS4xZjYzN2UyZWI4YWU0NTQyNGMw\nNjkxYjk0ODU1M2ZlOA==\n','2009-03-06 14:51:35'),('9fe77430d62447a2c6b2e81f834f4783','gAJ9cQEuNDVhNjA2M2EzOGRkMDhlNzdhNWM3Njg3MWRjOTA4M2Q=\n','2009-03-13 22:02:09'),('e6d0435780bc494d2657e14349baaede','gAJ9cQFVCnRlc3Rjb29raWVxAlUGd29ya2VkcQNzLmM0MDViMjU4OWNhZTk0OWYzMjNjNTdkZGMz\nNDkwYmQ4\n','2009-03-20 09:42:52'),('405342002a696a56a0b274f6e21bb43f','gAJ9cQFVCnRlc3Rjb29raWVxAlUGd29ya2VkcQNzLmM0MDViMjU4OWNhZTk0OWYzMjNjNTdkZGMz\nNDkwYmQ4\n','2009-03-24 11:16:22'),('80b3dde706d809073e35a6291bc8954d','gAJ9cQEoVRJfYXV0aF91c2VyX2JhY2tlbmRxAlUpZGphbmdvLmNvbnRyaWIuYXV0aC5iYWNrZW5k\ncy5Nb2RlbEJhY2tlbmRxA1UNX2F1dGhfdXNlcl9pZHEEigEBdS4xZjYzN2UyZWI4YWU0NTQyNGMw\nNjkxYjk0ODU1M2ZlOA==\n','2009-03-23 14:04:25'),('d29311fad5af18dc02fb747c131bf3ff','gAJ9cQEoVRJfYXV0aF91c2VyX2JhY2tlbmRxAlUpZGphbmdvLmNvbnRyaWIuYXV0aC5iYWNrZW5k\ncy5Nb2RlbEJhY2tlbmRxA1UNX2F1dGhfdXNlcl9pZHEEigEBdS4xZjYzN2UyZWI4YWU0NTQyNGMw\nNjkxYjk0ODU1M2ZlOA==\n','2009-03-26 08:25:31'),('f274821e2b59703b0bb17eef02d9c9d3','gAJ9cQEuNDVhNjA2M2EzOGRkMDhlNzdhNWM3Njg3MWRjOTA4M2Q=\n','2009-03-26 00:09:31'),('8b2bded4bdbb5407d91230af05d8997f','gAJ9cQFVCnRlc3Rjb29raWVxAlUGd29ya2VkcQNzLmM0MDViMjU4OWNhZTk0OWYzMjNjNTdkZGMz\nNDkwYmQ4\n','2009-03-29 15:47:35'),('b06d3bb4edec0b5c7e0e2796a9a55248','gAJ9cQEoVRJfYXV0aF91c2VyX2JhY2tlbmRxAlUpZGphbmdvLmNvbnRyaWIuYXV0aC5iYWNrZW5k\ncy5Nb2RlbEJhY2tlbmRxA1UNX2F1dGhfdXNlcl9pZHEEigEBdS4xZjYzN2UyZWI4YWU0NTQyNGMw\nNjkxYjk0ODU1M2ZlOA==\n','2009-03-26 10:33:57'),('cb0cb5b8736fcc83d0d661279ef6bf60','gAJ9cQEoVRJfYXV0aF91c2VyX2JhY2tlbmRxAlUpZGphbmdvLmNvbnRyaWIuYXV0aC5iYWNrZW5k\ncy5Nb2RlbEJhY2tlbmRxA1UNX2F1dGhfdXNlcl9pZHEEigEBdS4xZjYzN2UyZWI4YWU0NTQyNGMw\nNjkxYjk0ODU1M2ZlOA==\n','2009-03-27 08:10:48'),('297fd48430c70d5b49ad5304d22a1a8a','gAJ9cQEoVRJfYXV0aF91c2VyX2JhY2tlbmRxAlUpZGphbmdvLmNvbnRyaWIuYXV0aC5iYWNrZW5k\ncy5Nb2RlbEJhY2tlbmRxA1UNX2F1dGhfdXNlcl9pZHEEigEBdS4xZjYzN2UyZWI4YWU0NTQyNGMw\nNjkxYjk0ODU1M2ZlOA==\n','2009-03-27 12:28:35'),('dc5d3f5124af52cf9623f9c6fbb83eec','gAJ9cQEoVRJfYXV0aF91c2VyX2JhY2tlbmRxAlUpZGphbmdvLmNvbnRyaWIuYXV0aC5iYWNrZW5k\ncy5Nb2RlbEJhY2tlbmRxA1UNX2F1dGhfdXNlcl9pZHEEigEBdS4xZjYzN2UyZWI4YWU0NTQyNGMw\nNjkxYjk0ODU1M2ZlOA==\n','2009-03-27 11:22:11'),('7b6659dbaed3e60ac1291d05fe72f900','gAJ9cQEoVRJfYXV0aF91c2VyX2JhY2tlbmRxAlUpZGphbmdvLmNvbnRyaWIuYXV0aC5iYWNrZW5k\ncy5Nb2RlbEJhY2tlbmRxA1UNX2F1dGhfdXNlcl9pZHEEigEBdS4xZjYzN2UyZWI4YWU0NTQyNGMw\nNjkxYjk0ODU1M2ZlOA==\n','2009-03-27 20:41:01'),('a8668e8e02ce8d7aab5809b248f5f8d4','gAJ9cQEoVRJfYXV0aF91c2VyX2JhY2tlbmRxAlUpZGphbmdvLmNvbnRyaWIuYXV0aC5iYWNrZW5k\ncy5Nb2RlbEJhY2tlbmRxA1UNX2F1dGhfdXNlcl9pZHEEigEBdS4xZjYzN2UyZWI4YWU0NTQyNGMw\nNjkxYjk0ODU1M2ZlOA==\n','2009-03-28 12:33:39'),('a495d7369932d8e438fe72adb9072dfb','gAJ9cQFVCnRlc3Rjb29raWVxAlUGd29ya2VkcQNzLmM0MDViMjU4OWNhZTk0OWYzMjNjNTdkZGMz\nNDkwYmQ4\n','2009-03-30 11:11:21'),('27527b3f9055b6b7521b93ab2781b7dc','gAJ9cQEoVRJfYXV0aF91c2VyX2JhY2tlbmRxAlUpZGphbmdvLmNvbnRyaWIuYXV0aC5iYWNrZW5k\ncy5Nb2RlbEJhY2tlbmRxA1UNX2F1dGhfdXNlcl9pZHEEigEBdS4xZjYzN2UyZWI4YWU0NTQyNGMw\nNjkxYjk0ODU1M2ZlOA==\n','2009-03-29 23:38:34'),('bdc97797f8508e68564eef06f5895d9e','gAJ9cQEoVRJfYXV0aF91c2VyX2JhY2tlbmRxAlUpZGphbmdvLmNvbnRyaWIuYXV0aC5iYWNrZW5k\ncy5Nb2RlbEJhY2tlbmRxA1UNX2F1dGhfdXNlcl9pZHEEigEBdS4xZjYzN2UyZWI4YWU0NTQyNGMw\nNjkxYjk0ODU1M2ZlOA==\n','2009-03-30 08:25:09'),('6b58661b776c2bae69f62b1b780863b4','gAJ9cQFVCnRlc3Rjb29raWVxAlUGd29ya2VkcQNzLmM0MDViMjU4OWNhZTk0OWYzMjNjNTdkZGMz\nNDkwYmQ4\n','2009-03-31 09:40:32'),('e25ddbf13493c52b1d6bb73cdeac81f5','gAJ9cQEuNDVhNjA2M2EzOGRkMDhlNzdhNWM3Njg3MWRjOTA4M2Q=\n','2009-04-15 08:35:19'),('5e845e97cad4ab42c6a1d354f33e2f7b','gAJ9cQEoVRJfYXV0aF91c2VyX2JhY2tlbmRxAlUpZGphbmdvLmNvbnRyaWIuYXV0aC5iYWNrZW5k\ncy5Nb2RlbEJhY2tlbmRxA1UNX2F1dGhfdXNlcl9pZHEEigEBdS4xZjYzN2UyZWI4YWU0NTQyNGMw\nNjkxYjk0ODU1M2ZlOA==\n','2009-04-01 22:55:59'),('5a7ff1aaab7b40ff446c3a2aed80efe5','gAJ9cQEoVRJfYXV0aF91c2VyX2JhY2tlbmRxAlUpZGphbmdvLmNvbnRyaWIuYXV0aC5iYWNrZW5k\ncy5Nb2RlbEJhY2tlbmRxA1UNX2F1dGhfdXNlcl9pZHEEigEBdS4xZjYzN2UyZWI4YWU0NTQyNGMw\nNjkxYjk0ODU1M2ZlOA==\n','2009-04-03 10:48:05'),('025a8a7e5d56d43881565b72cfa82a6c','gAJ9cQEoVRJfYXV0aF91c2VyX2JhY2tlbmRxAlUpZGphbmdvLmNvbnRyaWIuYXV0aC5iYWNrZW5k\ncy5Nb2RlbEJhY2tlbmRxA1UNX2F1dGhfdXNlcl9pZHEEigEBdS4xZjYzN2UyZWI4YWU0NTQyNGMw\nNjkxYjk0ODU1M2ZlOA==\n','2009-04-03 18:44:50'),('1e29490fc59f52860ec868af32168ef2','gAJ9cQEoVRJfYXV0aF91c2VyX2JhY2tlbmRxAlUpZGphbmdvLmNvbnRyaWIuYXV0aC5iYWNrZW5k\ncy5Nb2RlbEJhY2tlbmRxA1UNX2F1dGhfdXNlcl9pZHEEigEBdS4xZjYzN2UyZWI4YWU0NTQyNGMw\nNjkxYjk0ODU1M2ZlOA==\n','2009-04-03 22:55:48'),('059d5ad233b6ea6854c142c6f34b94f5','gAJ9cQEoVRJfYXV0aF91c2VyX2JhY2tlbmRxAlUpZGphbmdvLmNvbnRyaWIuYXV0aC5iYWNrZW5k\ncy5Nb2RlbEJhY2tlbmRxA1UNX2F1dGhfdXNlcl9pZHEEigEBdS4xZjYzN2UyZWI4YWU0NTQyNGMw\nNjkxYjk0ODU1M2ZlOA==\n','2009-04-05 16:18:29'),('cee2717cc08fe5ab19103d554899655c','gAJ9cQEoVRJfYXV0aF91c2VyX2JhY2tlbmRxAlUpZGphbmdvLmNvbnRyaWIuYXV0aC5iYWNrZW5k\ncy5Nb2RlbEJhY2tlbmRxA1UNX2F1dGhfdXNlcl9pZHEEigEBdS4xZjYzN2UyZWI4YWU0NTQyNGMw\nNjkxYjk0ODU1M2ZlOA==\n','2009-04-05 16:47:31'),('57b68827fda3898e5a04473019bfada8','gAJ9cQEoVRJfYXV0aF91c2VyX2JhY2tlbmRxAlUpZGphbmdvLmNvbnRyaWIuYXV0aC5iYWNrZW5k\ncy5Nb2RlbEJhY2tlbmRxA1UNX2F1dGhfdXNlcl9pZHEEigEBdS4xZjYzN2UyZWI4YWU0NTQyNGMw\nNjkxYjk0ODU1M2ZlOA==\n','2009-04-05 22:51:04'),('e316f30fba47315870a7d3ad25877eba','gAJ9cQEoVRJfYXV0aF91c2VyX2JhY2tlbmRxAlUpZGphbmdvLmNvbnRyaWIuYXV0aC5iYWNrZW5k\ncy5Nb2RlbEJhY2tlbmRxA1UNX2F1dGhfdXNlcl9pZHEEigEBdS4xZjYzN2UyZWI4YWU0NTQyNGMw\nNjkxYjk0ODU1M2ZlOA==\n','2009-04-06 10:16:29'),('b0a9ff4f8a8fc559cf4dc46f8ca9595f','gAJ9cQEoVRJfYXV0aF91c2VyX2JhY2tlbmRxAlUpZGphbmdvLmNvbnRyaWIuYXV0aC5iYWNrZW5k\ncy5Nb2RlbEJhY2tlbmRxA1UNX2F1dGhfdXNlcl9pZHEEigEBdS4xZjYzN2UyZWI4YWU0NTQyNGMw\nNjkxYjk0ODU1M2ZlOA==\n','2009-04-13 13:35:50'),('9b6f16342018ce4408896b09e41cea59','gAJ9cQFVCnRlc3Rjb29raWVxAlUGd29ya2VkcQNzLmM0MDViMjU4OWNhZTk0OWYzMjNjNTdkZGMz\nNDkwYmQ4\n','2009-04-16 17:28:23'),('b0f82f8a26319a6f4800fb87b5fc1a62','gAJ9cQEuNDVhNjA2M2EzOGRkMDhlNzdhNWM3Njg3MWRjOTA4M2Q=\n','2009-04-14 18:07:15'),('024fa3e30b440bb6b025bd8b04b23993','gAJ9cQEoVRJfYXV0aF91c2VyX2JhY2tlbmRxAlUpZGphbmdvLmNvbnRyaWIuYXV0aC5iYWNrZW5k\ncy5Nb2RlbEJhY2tlbmRxA1UNX2F1dGhfdXNlcl9pZHEEigEBdS4xZjYzN2UyZWI4YWU0NTQyNGMw\nNjkxYjk0ODU1M2ZlOA==\n','2009-04-15 09:46:39'),('52b89a9ec45498613ad7928798d0df01','gAJ9cQEoVRJfYXV0aF91c2VyX2JhY2tlbmRxAlUpZGphbmdvLmNvbnRyaWIuYXV0aC5iYWNrZW5k\ncy5Nb2RlbEJhY2tlbmRxA1UNX2F1dGhfdXNlcl9pZHEEigEBdS4xZjYzN2UyZWI4YWU0NTQyNGMw\nNjkxYjk0ODU1M2ZlOA==\n','2009-04-15 21:01:12'),('1368debd4bafcf34d52c3b4b04a7e0bf','gAJ9cQEoVRJfYXV0aF91c2VyX2JhY2tlbmRxAlUpZGphbmdvLmNvbnRyaWIuYXV0aC5iYWNrZW5k\ncy5Nb2RlbEJhY2tlbmRxA1UNX2F1dGhfdXNlcl9pZHEEigEBdS4xZjYzN2UyZWI4YWU0NTQyNGMw\nNjkxYjk0ODU1M2ZlOA==\n','2009-04-21 10:29:32'),('971aae8aa3251fe1dcfe938bd6c9c6c7','gAJ9cQEoVRJfYXV0aF91c2VyX2JhY2tlbmRxAlUpZGphbmdvLmNvbnRyaWIuYXV0aC5iYWNrZW5k\ncy5Nb2RlbEJhY2tlbmRxA1UNX2F1dGhfdXNlcl9pZHEEigEBdS4xZjYzN2UyZWI4YWU0NTQyNGMw\nNjkxYjk0ODU1M2ZlOA==\n','2009-04-18 01:26:16'),('9dd21a1724143e9c03e749c860b10d88','gAJ9cQEoVRJfYXV0aF91c2VyX2JhY2tlbmRxAlUpZGphbmdvLmNvbnRyaWIuYXV0aC5iYWNrZW5k\ncy5Nb2RlbEJhY2tlbmRxA1UNX2F1dGhfdXNlcl9pZHEEigEBdS4xZjYzN2UyZWI4YWU0NTQyNGMw\nNjkxYjk0ODU1M2ZlOA==\n','2009-04-18 11:42:25'),('2bdcf406106783d8d167f80f3a28c1c4','gAJ9cQEoVRJfYXV0aF91c2VyX2JhY2tlbmRxAlUpZGphbmdvLmNvbnRyaWIuYXV0aC5iYWNrZW5k\ncy5Nb2RlbEJhY2tlbmRxA1UNX2F1dGhfdXNlcl9pZHEEigEBdS4xZjYzN2UyZWI4YWU0NTQyNGMw\nNjkxYjk0ODU1M2ZlOA==\n','2009-04-20 13:33:48'),('d4d932e7930aeb07adcfb98fb98ff88e','gAJ9cQEoVRJfYXV0aF91c2VyX2JhY2tlbmRxAlUpZGphbmdvLmNvbnRyaWIuYXV0aC5iYWNrZW5k\ncy5Nb2RlbEJhY2tlbmRxA1UNX2F1dGhfdXNlcl9pZHEEigEBdS4xZjYzN2UyZWI4YWU0NTQyNGMw\nNjkxYjk0ODU1M2ZlOA==\n','2009-04-20 23:20:53'),('e2303656b9e93f0401aeaeb24ba62acc','gAJ9cQEuNDVhNjA2M2EzOGRkMDhlNzdhNWM3Njg3MWRjOTA4M2Q=\n','2009-04-21 08:42:30'),('882cbd0cfb3d22f717bbae2d5fa9cdc6','gAJ9cQEoVRJfYXV0aF91c2VyX2JhY2tlbmRxAlUpZGphbmdvLmNvbnRyaWIuYXV0aC5iYWNrZW5k\ncy5Nb2RlbEJhY2tlbmRxA1UNX2F1dGhfdXNlcl9pZHEEigEBdS4xZjYzN2UyZWI4YWU0NTQyNGMw\nNjkxYjk0ODU1M2ZlOA==\n','2009-04-26 20:48:32'),('326b81269b7ebbcf1599a3ba7559e76d','gAJ9cQEoVRJfYXV0aF91c2VyX2JhY2tlbmRxAlUpZGphbmdvLmNvbnRyaWIuYXV0aC5iYWNrZW5k\ncy5Nb2RlbEJhY2tlbmRxA1UNX2F1dGhfdXNlcl9pZHEEigEBdS4xZjYzN2UyZWI4YWU0NTQyNGMw\nNjkxYjk0ODU1M2ZlOA==\n','2009-04-21 10:35:36'),('10c452435cf06072148d846dd303fb23','gAJ9cQEoVRJfYXV0aF91c2VyX2JhY2tlbmRxAlUpZGphbmdvLmNvbnRyaWIuYXV0aC5iYWNrZW5k\ncy5Nb2RlbEJhY2tlbmRxA1UNX2F1dGhfdXNlcl9pZHEEigEBdS4xZjYzN2UyZWI4YWU0NTQyNGMw\nNjkxYjk0ODU1M2ZlOA==\n','2009-04-22 07:29:27'),('6aaf4c88df819a9ffb772729723a3064','gAJ9cQEoVRJfYXV0aF91c2VyX2JhY2tlbmRxAlUpZGphbmdvLmNvbnRyaWIuYXV0aC5iYWNrZW5k\ncy5Nb2RlbEJhY2tlbmRxA1UNX2F1dGhfdXNlcl9pZHEEigEBdS4xZjYzN2UyZWI4YWU0NTQyNGMw\nNjkxYjk0ODU1M2ZlOA==\n','2009-04-23 08:05:18'),('7230bed890ce86f0c6fb4a472386376c','gAJ9cQEoVRJfYXV0aF91c2VyX2JhY2tlbmRxAlUpZGphbmdvLmNvbnRyaWIuYXV0aC5iYWNrZW5k\ncy5Nb2RlbEJhY2tlbmRxA1UNX2F1dGhfdXNlcl9pZHEEigEBdS4xZjYzN2UyZWI4YWU0NTQyNGMw\nNjkxYjk0ODU1M2ZlOA==\n','2009-04-23 20:46:40'),('5f7182af3cb162e49d7f206a902a3a6e','gAJ9cQEoVRJfYXV0aF91c2VyX2JhY2tlbmRxAlUpZGphbmdvLmNvbnRyaWIuYXV0aC5iYWNrZW5k\ncy5Nb2RlbEJhY2tlbmRxA1UNX2F1dGhfdXNlcl9pZHEEigEBdS4xZjYzN2UyZWI4YWU0NTQyNGMw\nNjkxYjk0ODU1M2ZlOA==\n','2009-04-23 21:34:12'),('8ce1f26bb3dfbe02ab2b3bdecb2ef6b8','gAJ9cQEuNDVhNjA2M2EzOGRkMDhlNzdhNWM3Njg3MWRjOTA4M2Q=\n','2009-04-23 23:21:09'),('c34369c73e34fe4cc02644a876979e42','gAJ9cQEoVRJfYXV0aF91c2VyX2JhY2tlbmRxAlUpZGphbmdvLmNvbnRyaWIuYXV0aC5iYWNrZW5k\ncy5Nb2RlbEJhY2tlbmRxA1UNX2F1dGhfdXNlcl9pZHEEigEBdS4xZjYzN2UyZWI4YWU0NTQyNGMw\nNjkxYjk0ODU1M2ZlOA==\n','2009-04-27 18:24:29'),('516ec4c2abca56e47e29e50491fb35c1','gAJ9cQEoVRJfYXV0aF91c2VyX2JhY2tlbmRxAlUpZGphbmdvLmNvbnRyaWIuYXV0aC5iYWNrZW5k\ncy5Nb2RlbEJhY2tlbmRxA1UNX2F1dGhfdXNlcl9pZHEEigEBdS4xZjYzN2UyZWI4YWU0NTQyNGMw\nNjkxYjk0ODU1M2ZlOA==\n','2009-04-26 22:46:09'),('21309956ef847e9cda46a789c8fb57d3','gAJ9cQEuNDVhNjA2M2EzOGRkMDhlNzdhNWM3Njg3MWRjOTA4M2Q=\n','2009-04-27 09:14:59'),('e926ba12e3b526184b33b54e70984bf0','gAJ9cQEoVRJfYXV0aF91c2VyX2JhY2tlbmRxAlUpZGphbmdvLmNvbnRyaWIuYXV0aC5iYWNrZW5k\ncy5Nb2RlbEJhY2tlbmRxA1UNX2F1dGhfdXNlcl9pZHEEigEBdS4xZjYzN2UyZWI4YWU0NTQyNGMw\nNjkxYjk0ODU1M2ZlOA==\n','2009-04-28 23:08:57'),('1aea079bf868f09e22f36782e62019bc','gAJ9cQEoVRJfYXV0aF91c2VyX2JhY2tlbmRxAlUpZGphbmdvLmNvbnRyaWIuYXV0aC5iYWNrZW5k\ncy5Nb2RlbEJhY2tlbmRxA1UNX2F1dGhfdXNlcl9pZHEEigEBdS4xZjYzN2UyZWI4YWU0NTQyNGMw\nNjkxYjk0ODU1M2ZlOA==\n','2009-04-27 21:35:43'),('ca66f81470daf99819f464f4536e36da','gAJ9cQEoVRJfYXV0aF91c2VyX2JhY2tlbmRxAlUpZGphbmdvLmNvbnRyaWIuYXV0aC5iYWNrZW5k\ncy5Nb2RlbEJhY2tlbmRxA1UNX2F1dGhfdXNlcl9pZHEEigEBdS4xZjYzN2UyZWI4YWU0NTQyNGMw\nNjkxYjk0ODU1M2ZlOA==\n','2009-04-27 22:22:01'),('95443d087d49a8460af6ec8dafbc7399','gAJ9cQEoVRJfYXV0aF91c2VyX2JhY2tlbmRxAlUpZGphbmdvLmNvbnRyaWIuYXV0aC5iYWNrZW5k\ncy5Nb2RlbEJhY2tlbmRxA1UNX2F1dGhfdXNlcl9pZHEEigEBdS4xZjYzN2UyZWI4YWU0NTQyNGMw\nNjkxYjk0ODU1M2ZlOA==\n','2009-04-28 10:40:15'),('d56550da08ab39ed373760d9cf0015af','gAJ9cQEuNDVhNjA2M2EzOGRkMDhlNzdhNWM3Njg3MWRjOTA4M2Q=\n','2009-04-28 19:29:42'),('d61382180e8434680fe650a6b7ac85fc','gAJ9cQFVCnRlc3Rjb29raWVxAlUGd29ya2VkcQNzLmM0MDViMjU4OWNhZTk0OWYzMjNjNTdkZGMz\nNDkwYmQ4\n','2009-04-30 07:24:09'),('c50ce8311d3f07f3a5fc5ba12a188448','gAJ9cQEoVRJfYXV0aF91c2VyX2JhY2tlbmRxAlUpZGphbmdvLmNvbnRyaWIuYXV0aC5iYWNrZW5k\ncy5Nb2RlbEJhY2tlbmRxA1UNX2F1dGhfdXNlcl9pZHEEigEBdS4xZjYzN2UyZWI4YWU0NTQyNGMw\nNjkxYjk0ODU1M2ZlOA==\n','2009-04-29 08:09:00'),('3346038894a465386bc2c97de0a7a6d2','gAJ9cQEoVRJfYXV0aF91c2VyX2JhY2tlbmRxAlUpZGphbmdvLmNvbnRyaWIuYXV0aC5iYWNrZW5k\ncy5Nb2RlbEJhY2tlbmRxA1UNX2F1dGhfdXNlcl9pZHEEigEBdS4xZjYzN2UyZWI4YWU0NTQyNGMw\nNjkxYjk0ODU1M2ZlOA==\n','2009-04-29 22:14:46'),('dd7077cf38a65d78be1dd75123681921','gAJ9cQEoVRJfYXV0aF91c2VyX2JhY2tlbmRxAlUpZGphbmdvLmNvbnRyaWIuYXV0aC5iYWNrZW5k\ncy5Nb2RlbEJhY2tlbmRxA1UNX2F1dGhfdXNlcl9pZHEEigEBdS4xZjYzN2UyZWI4YWU0NTQyNGMw\nNjkxYjk0ODU1M2ZlOA==\n','2009-04-30 07:32:33'),('a2098fdbce9eab12fb7b891a61fcd13e','gAJ9cQEuNDVhNjA2M2EzOGRkMDhlNzdhNWM3Njg3MWRjOTA4M2Q=\n','2009-04-30 08:01:51'),('cc8c8ed84b42b060e313b18269b3af60','gAJ9cQFVCnRlc3Rjb29raWVxAlUGd29ya2VkcQNzLjQ5ZWRlY2QzMzI1ODg4MTA0ODNlNGNlZjg5\nZTU2MTRj\n','2009-05-02 00:44:41'),('77155c401a00b841aacd4f30e9a8d7c6','gAJ9cQFVCnRlc3Rjb29raWVxAlUGd29ya2VkcQNzLjA3ODZmM2ZiZGZiMTllMmI5MzFiODM5MDQz\nYWJiYWU4\n','2009-05-03 13:55:25'),('ab4deced26fbabd41ff6ec0793b70b40','gAJ9cQEoVRJfYXV0aF91c2VyX2JhY2tlbmRxAlUpZGphbmdvLmNvbnRyaWIuYXV0aC5iYWNrZW5k\ncy5Nb2RlbEJhY2tlbmRxA1UNX2F1dGhfdXNlcl9pZHEEigEBdS4zMTg3NjQ0NDc4NDIyMGI3ZTlh\nNDU3OWRiYTQwZTExNw==\n','2009-05-02 00:44:53'),('2423a85577ea6fbb224dce7c321a4999','gAJ9cQFVCnRlc3Rjb29raWVxAlUGd29ya2VkcQNzLjBhZjMyNzA2ZDVlMzFiNDdmYTc5YWMxNmIx\nZDYyNThm\n','2009-05-03 19:04:11'),('bfec85a383bc74d4c127704a1169cba0','gAJ9cQEoVRJfYXV0aF91c2VyX2JhY2tlbmRxAlUpZGphbmdvLmNvbnRyaWIuYXV0aC5iYWNrZW5k\ncy5Nb2RlbEJhY2tlbmRxA1UNX2F1dGhfdXNlcl9pZHEEigEBdS4wMmVjNWVkNWVlMTNhMjA1OGFh\nODIyNmFiOWVmMzg1Yw==\n','2009-05-04 00:15:45'),('abfd243b73b10621852630a306b9aa52','gAJ9cQFVCnRlc3Rjb29raWVxAlUGd29ya2VkcQNzLjBhZjMyNzA2ZDVlMzFiNDdmYTc5YWMxNmIx\nZDYyNThm\n','2009-05-03 19:38:03'),('5f0291d1cf11bcfa691ba6b8e7c2340e','gAJ9cQFVCnRlc3Rjb29raWVxAlUGd29ya2VkcQNzLjBhZjMyNzA2ZDVlMzFiNDdmYTc5YWMxNmIx\nZDYyNThm\n','2009-05-03 20:31:05'),('72f749c97ec373eeee318f84cebe8640','gAJ9cQFVCnRlc3Rjb29raWVxAlUGd29ya2VkcQNzLjBhZjMyNzA2ZDVlMzFiNDdmYTc5YWMxNmIx\nZDYyNThm\n','2009-05-04 00:25:46'),('0be682e7d24b2fc0e3b79ae56aeebd75','gAJ9cQEoVRJfYXV0aF91c2VyX2JhY2tlbmRxAlUpZGphbmdvLmNvbnRyaWIuYXV0aC5iYWNrZW5k\ncy5Nb2RlbEJhY2tlbmRxA1UNX2F1dGhfdXNlcl9pZHEEigEBdS4wMmVjNWVkNWVlMTNhMjA1OGFh\nODIyNmFiOWVmMzg1Yw==\n','2009-05-04 14:45:54'),('29047e046332f0f57c06697446037a4a','gAJ9cQEoVRJfYXV0aF91c2VyX2JhY2tlbmRxAlUpZGphbmdvLmNvbnRyaWIuYXV0aC5iYWNrZW5k\ncy5Nb2RlbEJhY2tlbmRxA1UNX2F1dGhfdXNlcl9pZHEEigEBdS4wMmVjNWVkNWVlMTNhMjA1OGFh\nODIyNmFiOWVmMzg1Yw==\n','2009-05-04 09:08:54'),('724254583d4dba1e6e973273d7df27f8','gAJ9cQEuYzMxNjFhMmRmOTczZmFjNzk2NDU4YjdlY2Q1ZWZiNzY=\n','2009-05-05 08:35:03'),('1f72da4103de4f3e520c8aeccfa8d48a','gAJ9cQEuNTlkYjZjNGEyMjliOTJmZWQ2NjBhYTVhY2I5NTQyNzk=\n','2009-05-05 16:59:43'),('39a38fb719ac8d361d5160ca142cb1d9','gAJ9cQEuNTlkYjZjNGEyMjliOTJmZWQ2NjBhYTVhY2I5NTQyNzk=\n','2009-05-05 09:21:18'),('e806845007e7719e55a309f91c452c1c','gAJ9cQFVCnRlc3Rjb29raWVxAlUGd29ya2VkcQNzLjIyMWYxYzk5Y2E1YWI4MjNmMzRiNjA3NDQ0\nNmI3ZTg5\n','2009-05-05 17:05:14'),('d379920b13e2fc14e87cf34d7fe8d210','gAJ9cQFVCnRlc3Rjb29raWVxAlUGd29ya2VkcQNzLjIyMWYxYzk5Y2E1YWI4MjNmMzRiNjA3NDQ0\nNmI3ZTg5\n','2009-05-05 17:42:56'),('7426a19f3c78edff63afb4b0081fb577','gAJ9cQFVCnRlc3Rjb29raWVxAlUGd29ya2VkcQNzLjIyMWYxYzk5Y2E1YWI4MjNmMzRiNjA3NDQ0\nNmI3ZTg5\n','2009-05-05 17:54:33'),('d7f2c10777bb5fc7a05449208942d3e6','gAJ9cQFVCnRlc3Rjb29raWVxAlUGd29ya2VkcQNzLjIyMWYxYzk5Y2E1YWI4MjNmMzRiNjA3NDQ0\nNmI3ZTg5\n','2009-05-05 21:55:37'),('73e22fde81e32dabac1cc25752a63762','gAJ9cQFVCnRlc3Rjb29raWVxAlUGd29ya2VkcQNzLjIyMWYxYzk5Y2E1YWI4MjNmMzRiNjA3NDQ0\nNmI3ZTg5\n','2009-05-05 17:42:59'),('ab927bd6e2fdbf136677b5ace688a787','gAJ9cQFVCnRlc3Rjb29raWVxAlUGd29ya2VkcQNzLjIyMWYxYzk5Y2E1YWI4MjNmMzRiNjA3NDQ0\nNmI3ZTg5\n','2009-05-05 17:43:02'),('fdf3013be0144250915a0fa40d30062e','gAJ9cQFVCnRlc3Rjb29raWVxAlUGd29ya2VkcQNzLjIyMWYxYzk5Y2E1YWI4MjNmMzRiNjA3NDQ0\nNmI3ZTg5\n','2009-05-05 17:43:27'),('7d5987b5423cf247c0893fcbe11ec7cf','gAJ9cQFVCnRlc3Rjb29raWVxAlUGd29ya2VkcQNzLjIyMWYxYzk5Y2E1YWI4MjNmMzRiNjA3NDQ0\nNmI3ZTg5\n','2009-05-05 17:43:32'),('02453b9f40780170171cd6e42ac1e014','gAJ9cQFVCnRlc3Rjb29raWVxAlUGd29ya2VkcQNzLjIyMWYxYzk5Y2E1YWI4MjNmMzRiNjA3NDQ0\nNmI3ZTg5\n','2009-05-05 17:53:18'),('aec88f7593e5b5784d42bc2d501350de','gAJ9cQFVCnRlc3Rjb29raWVxAlUGd29ya2VkcQNzLjIyMWYxYzk5Y2E1YWI4MjNmMzRiNjA3NDQ0\nNmI3ZTg5\n','2009-05-05 17:53:49'),('da9c3bbfe297ab92dcd38aa88800481a','gAJ9cQEuNTlkYjZjNGEyMjliOTJmZWQ2NjBhYTVhY2I5NTQyNzk=\n','2009-05-07 22:02:34'),('e3326d89498c50345cd07ad4ab4c4be1','gAJ9cQFVCnRlc3Rjb29raWVxAlUGd29ya2VkcQNzLjIyMWYxYzk5Y2E1YWI4MjNmMzRiNjA3NDQ0\nNmI3ZTg5\n','2009-05-05 23:43:02'),('7899a38c80512e45b199b5bc69ca67d4','gAJ9cQFVCnRlc3Rjb29raWVxAlUGd29ya2VkcQNzLjIyMWYxYzk5Y2E1YWI4MjNmMzRiNjA3NDQ0\nNmI3ZTg5\n','2009-05-05 23:45:09'),('15cb51801d60197eab8d1b126026d4f1','gAJ9cQEuNTlkYjZjNGEyMjliOTJmZWQ2NjBhYTVhY2I5NTQyNzk=\n','2009-05-06 00:12:03'),('ee5461a53ad5403d1137c727c2efdab4','gAJ9cQFVCnRlc3Rjb29raWVxAlUGd29ya2VkcQNzLjIyMWYxYzk5Y2E1YWI4MjNmMzRiNjA3NDQ0\nNmI3ZTg5\n','2009-05-06 22:16:06'),('004b2975bacc535246ade587ebb2d36c','gAJ9cQFVCnRlc3Rjb29raWVxAlUGd29ya2VkcQNzLjIyMWYxYzk5Y2E1YWI4MjNmMzRiNjA3NDQ0\nNmI3ZTg5\n','2009-05-08 13:01:56'),('f2058d523164e659f47f7a7036b34b71','gAJ9cQFVCnRlc3Rjb29raWVxAlUGd29ya2VkcQNzLjIyMWYxYzk5Y2E1YWI4MjNmMzRiNjA3NDQ0\nNmI3ZTg5\n','2009-05-08 13:11:50'),('cb97014691238c9ad358cd6782ea037d','gAJ9cQEuNTlkYjZjNGEyMjliOTJmZWQ2NjBhYTVhY2I5NTQyNzk=\n','2009-05-08 07:35:44'),('6fb5c5158a0a8508c9887fb4d9b608cd','gAJ9cQFVCnRlc3Rjb29raWVxAlUGd29ya2VkcQNzLjIyMWYxYzk5Y2E1YWI4MjNmMzRiNjA3NDQ0\nNmI3ZTg5\n','2009-05-08 09:02:31'),('1197aec1d456db40a8d22160bedb8f96','gAJ9cQEuNTlkYjZjNGEyMjliOTJmZWQ2NjBhYTVhY2I5NTQyNzk=\n','2009-05-11 07:00:10'),('affce69153f08ef5b88c459de37587a2','gAJ9cQFVCnRlc3Rjb29raWVxAlUGd29ya2VkcQNzLjIyMWYxYzk5Y2E1YWI4MjNmMzRiNjA3NDQ0\nNmI3ZTg5\n','2009-05-11 17:56:12'),('a20923f44770c712ef5e340025bc4a7c','gAJ9cQEuNTlkYjZjNGEyMjliOTJmZWQ2NjBhYTVhY2I5NTQyNzk=\n','2009-05-08 18:52:17'),('d8d9b88041151439b34711959ed67c51','gAJ9cQEuNTlkYjZjNGEyMjliOTJmZWQ2NjBhYTVhY2I5NTQyNzk=\n','2009-05-11 17:58:26'),('228900cb5b3bd14d8c3ab64b7ee4d301','gAJ9cQFVCnRlc3Rjb29raWVxAlUGd29ya2VkcQNzLjIyMWYxYzk5Y2E1YWI4MjNmMzRiNjA3NDQ0\nNmI3ZTg5\n','2009-05-13 09:56:02'),('fe4f7399638b4b40674274965d7abff5','gAJ9cQFVCnRlc3Rjb29raWVxAlUGd29ya2VkcQNzLjIyMWYxYzk5Y2E1YWI4MjNmMzRiNjA3NDQ0\nNmI3ZTg5\n','2009-05-13 15:10:19'),('23332bdf5ffe40b5251ea78873d64216','gAJ9cQEoVRJfYXV0aF91c2VyX2JhY2tlbmRxAlUpZGphbmdvLmNvbnRyaWIuYXV0aC5iYWNrZW5k\ncy5Nb2RlbEJhY2tlbmRxA1UNX2F1dGhfdXNlcl9pZHEEigEBdS5mM2U0OTZiOGU4YzgyMTAyYmEz\nMTk0N2JhYzFjMzI0ZQ==\n','2009-05-13 09:56:22'),('9d02022d803b6f5df42e6be27c58864b','gAJ9cQFVCnRlc3Rjb29raWVxAlUGd29ya2VkcQNzLjIyMWYxYzk5Y2E1YWI4MjNmMzRiNjA3NDQ0\nNmI3ZTg5\n','2009-05-18 12:05:31'),('b5ae2873fb4d073fdb80f876778e07b1','gAJ9cQEoVRJfYXV0aF91c2VyX2JhY2tlbmRxAlUpZGphbmdvLmNvbnRyaWIuYXV0aC5iYWNrZW5k\ncy5Nb2RlbEJhY2tlbmRxA1UNX2F1dGhfdXNlcl9pZHEEigEBdS5mM2U0OTZiOGU4YzgyMTAyYmEz\nMTk0N2JhYzFjMzI0ZQ==\n','2009-06-02 09:04:23'),('043494854dcef1c350382da12ff90629','gAJ9cQEoVRJfYXV0aF91c2VyX2JhY2tlbmRxAlUpZGphbmdvLmNvbnRyaWIuYXV0aC5iYWNrZW5k\ncy5Nb2RlbEJhY2tlbmRxA1UNX2F1dGhfdXNlcl9pZHEEigEBdS5mM2U0OTZiOGU4YzgyMTAyYmEz\nMTk0N2JhYzFjMzI0ZQ==\n','2009-05-23 00:01:52'),('9ec4e2abd49580dff8c7a875597b8f84','gAJ9cQFVCnRlc3Rjb29raWVxAlUGd29ya2VkcQNzLjIyMWYxYzk5Y2E1YWI4MjNmMzRiNjA3NDQ0\nNmI3ZTg5\n','2009-05-26 14:17:06'),('bf77c2f1df98241c0acccd40f4eb8173','gAJ9cQEuNTlkYjZjNGEyMjliOTJmZWQ2NjBhYTVhY2I5NTQyNzk=\n','2009-05-26 16:48:20'),('d087990a84d71769b63d8136e7b79e57','gAJ9cQFVCnRlc3Rjb29raWVxAlUGd29ya2VkcQNzLjIyMWYxYzk5Y2E1YWI4MjNmMzRiNjA3NDQ0\nNmI3ZTg5\n','2009-07-14 13:36:24'),('7a55fb7669ebec022769621b85d8723c','gAJ9cQFVCnRlc3Rjb29raWVxAlUGd29ya2VkcQNzLjIyMWYxYzk5Y2E1YWI4MjNmMzRiNjA3NDQ0\nNmI3ZTg5\n','2009-07-03 11:40:55'),('5fb0e1af7fcae366fef7cd126fde2604','gAJ9cQEuNTlkYjZjNGEyMjliOTJmZWQ2NjBhYTVhY2I5NTQyNzk=\n','2009-06-20 10:31:15'),('d358c3688005635e48d231402f2cd5ea','gAJ9cQEuNTlkYjZjNGEyMjliOTJmZWQ2NjBhYTVhY2I5NTQyNzk=\n','2009-07-03 14:53:07'),('2fbba81ee5f60cbce7d44fd4fe1c3d23','gAJ9cQEuNTlkYjZjNGEyMjliOTJmZWQ2NjBhYTVhY2I5NTQyNzk=\n','2009-07-09 23:00:58'),('ee6a3c7a5a0cc6ee89120e64ab27f2c2','gAJ9cQFVCnRlc3Rjb29raWVxAlUGd29ya2VkcQNzLjIyMWYxYzk5Y2E1YWI4MjNmMzRiNjA3NDQ0\nNmI3ZTg5\n','2009-07-14 13:35:46'),('a41c21ba7023d5b043f76353fd2d7580','gAJ9cQEoVRJfYXV0aF91c2VyX2JhY2tlbmRxAlUpZGphbmdvLmNvbnRyaWIuYXV0aC5iYWNrZW5k\ncy5Nb2RlbEJhY2tlbmRxA1UNX2F1dGhfdXNlcl9pZHEEigEBdS5mM2U0OTZiOGU4YzgyMTAyYmEz\nMTk0N2JhYzFjMzI0ZQ==\n','2009-07-14 13:36:24'),('9c8bf7add0d5e283b638569dfea04feb','gAJ9cQFVCnRlc3Rjb29raWVxAlUGd29ya2VkcQNzLjIyMWYxYzk5Y2E1YWI4MjNmMzRiNjA3NDQ0\nNmI3ZTg5\n','2009-07-14 17:36:16'),('439e48ef205ea9017bd36ef8bc7b88ad','gAJ9cQEoVRJfYXV0aF91c2VyX2JhY2tlbmRxAlUpZGphbmdvLmNvbnRyaWIuYXV0aC5iYWNrZW5k\ncy5Nb2RlbEJhY2tlbmRxA1UNX2F1dGhfdXNlcl9pZHEEigEBdS5mM2U0OTZiOGU4YzgyMTAyYmEz\nMTk0N2JhYzFjMzI0ZQ==\n','2009-12-26 10:23:52'),('c9dcb82a5e223cd59823d71e7227bf4d','gAJ9cQEuNTlkYjZjNGEyMjliOTJmZWQ2NjBhYTVhY2I5NTQyNzk=\n','2009-08-07 08:26:47'),('b1d4163eb9d933578fae3f5105bab2e0','gAJ9cQEuNTlkYjZjNGEyMjliOTJmZWQ2NjBhYTVhY2I5NTQyNzk=\n','2009-08-31 22:00:39'),('a234087129e007d4a67271b0a2e7c41b','gAJ9cQEuNTlkYjZjNGEyMjliOTJmZWQ2NjBhYTVhY2I5NTQyNzk=\n','2009-10-03 10:48:01'),('84d9db976460945931e0dd4d1a42190c','gAJ9cQFVCnRlc3Rjb29raWVxAlUGd29ya2VkcQNzLjIyMWYxYzk5Y2E1YWI4MjNmMzRiNjA3NDQ0\nNmI3ZTg5\n','2009-12-25 10:02:28'),('8654cc0196c5580113d6b58fb45e0339','gAJ9cQEuNTlkYjZjNGEyMjliOTJmZWQ2NjBhYTVhY2I5NTQyNzk=\n','2009-12-25 18:05:36'),('a4166ac9068993dd79834e68b220fad3','gAJ9cQEoVRJfYXV0aF91c2VyX2JhY2tlbmRxAlUpZGphbmdvLmNvbnRyaWIuYXV0aC5iYWNrZW5k\ncy5Nb2RlbEJhY2tlbmRxA1UNX2F1dGhfdXNlcl9pZHEEigEBdS5mM2U0OTZiOGU4YzgyMTAyYmEz\nMTk0N2JhYzFjMzI0ZQ==\n','2009-12-26 17:52:44'),('94671a874f0430ec9a8114c9792a010c','gAJ9cQEuNTlkYjZjNGEyMjliOTJmZWQ2NjBhYTVhY2I5NTQyNzk=\n','2009-12-26 17:57:54'),('226b4ddadd3239e724f254f6b71fbc1e','gAJ9cQFVCnRlc3Rjb29raWVxAlUGd29ya2VkcQNzLjIyMWYxYzk5Y2E1YWI4MjNmMzRiNjA3NDQ0\nNmI3ZTg5\n','2010-02-25 17:19:44'),('7c021e301a6de28c60f39dca7df26085','gAJ9cQFVCnRlc3Rjb29raWVxAlUGd29ya2VkcQNzLjIyMWYxYzk5Y2E1YWI4MjNmMzRiNjA3NDQ0\nNmI3ZTg5\n','2010-02-25 17:21:12'),('370ce31fbd066604604da0632fdb934d','gAJ9cQFVCnRlc3Rjb29raWVxAlUGd29ya2VkcQNzLjIyMWYxYzk5Y2E1YWI4MjNmMzRiNjA3NDQ0\nNmI3ZTg5\n','2010-09-06 16:34:33'),('0ac294e29e37d1926b3a773ccc3e6d5a','gAJ9cQFVCnRlc3Rjb29raWVxAlUGd29ya2VkcQNzLjIyMWYxYzk5Y2E1YWI4MjNmMzRiNjA3NDQ0\nNmI3ZTg5\n','2010-02-25 18:08:20'),('2b347f58cd72e792344db4a39896d976','gAJ9cQEoVRJfYXV0aF91c2VyX2JhY2tlbmRxAlUpZGphbmdvLmNvbnRyaWIuYXV0aC5iYWNrZW5k\ncy5Nb2RlbEJhY2tlbmRxA1UNX2F1dGhfdXNlcl9pZHEEigEBdS5mM2U0OTZiOGU4YzgyMTAyYmEz\nMTk0N2JhYzFjMzI0ZQ==\n','2010-02-25 18:08:42'),('2187b594d00064c037780340fe2ad1e3','gAJ9cQEoVRJfYXV0aF91c2VyX2JhY2tlbmRxAlUpZGphbmdvLmNvbnRyaWIuYXV0aC5iYWNrZW5k\ncy5Nb2RlbEJhY2tlbmRxA1UNX2F1dGhfdXNlcl9pZHEEigEBdS5mM2U0OTZiOGU4YzgyMTAyYmEz\nMTk0N2JhYzFjMzI0ZQ==\n','2010-06-17 08:34:38'),('f99bca9c6fc15c275afe5547e43c6dc2','gAJ9cQEuNTlkYjZjNGEyMjliOTJmZWQ2NjBhYTVhY2I5NTQyNzk=\n','2011-03-22 08:58:51'),('b249c50ccad997fa9858d49dddc2d1d6','gAJ9cQEuNTlkYjZjNGEyMjliOTJmZWQ2NjBhYTVhY2I5NTQyNzk=\n','2010-09-06 17:05:00'),('57c0cb006460096145fa92fd06c466a4','gAJ9cQFVCnRlc3Rjb29raWVxAlUGd29ya2VkcQNzLjIyMWYxYzk5Y2E1YWI4MjNmMzRiNjA3NDQ0\nNmI3ZTg5\n','2010-09-08 12:11:34'),('c56faadf222e65b60ae14e5914041e73','gAJ9cQEuNTlkYjZjNGEyMjliOTJmZWQ2NjBhYTVhY2I5NTQyNzk=\n','2011-01-20 07:55:57'),('b72350aad16c1662cc0f9196c44a5c8a','gAJ9cQFVCnRlc3Rjb29raWVxAlUGd29ya2VkcQNzLjIyMWYxYzk5Y2E1YWI4MjNmMzRiNjA3NDQ0\nNmI3ZTg5\n','2012-11-16 12:24:11'),('9c17f186a70aeee5d908739a786b714c','gAJ9cQEuNTlkYjZjNGEyMjliOTJmZWQ2NjBhYTVhY2I5NTQyNzk=\n','2010-09-08 14:56:11'),('595626cc4b6fcd677fab22d2aa0e2546','gAJ9cQEuNTlkYjZjNGEyMjliOTJmZWQ2NjBhYTVhY2I5NTQyNzk=\n','2010-10-05 08:18:59'),('a61443ca490929727c4b387470cd2b9a','gAJ9cQEuNTlkYjZjNGEyMjliOTJmZWQ2NjBhYTVhY2I5NTQyNzk=\n','2011-05-11 18:59:30'),('fa7807ab0ab52270c1bce4517f7305b3','gAJ9cQEuNTlkYjZjNGEyMjliOTJmZWQ2NjBhYTVhY2I5NTQyNzk=\n','2011-03-21 07:56:13'),('fbf56dd28887b07ccc0d2dea76cfe43b','gAJ9cQEuNTlkYjZjNGEyMjliOTJmZWQ2NjBhYTVhY2I5NTQyNzk=\n','2011-03-21 22:19:43'),('638aef95e140e7fdd295197a170a2629','gAJ9cQEuNTlkYjZjNGEyMjliOTJmZWQ2NjBhYTVhY2I5NTQyNzk=\n','2011-10-19 15:03:04'),('6a6898da9ceffab112034e08e24f2058','gAJ9cQFVCnRlc3Rjb29raWVxAlUGd29ya2VkcQNzLjIyMWYxYzk5Y2E1YWI4MjNmMzRiNjA3NDQ0\nNmI3ZTg5\n','2012-05-27 21:02:21'),('51f9c278ffca1ae1df7fbaa833aea77f','gAJ9cQEuNTlkYjZjNGEyMjliOTJmZWQ2NjBhYTVhY2I5NTQyNzk=\n','2012-10-05 08:12:59'),('c20145308280765b3b79ca5d549192d7','gAJ9cQFVCnRlc3Rjb29raWVxAlUGd29ya2VkcQNzLjIyMWYxYzk5Y2E1YWI4MjNmMzRiNjA3NDQ0\nNmI3ZTg5\n','2012-11-16 12:23:57'),('a7b2d1f834acb5690c22b928242cca27','gAJ9cQFVCnRlc3Rjb29raWVxAlUGd29ya2VkcQNzLjIyMWYxYzk5Y2E1YWI4MjNmMzRiNjA3NDQ0\nNmI3ZTg5\n','2012-11-22 09:17:37'),('08c7d89fd1bdfd9c07b3b4b8fbf13b6e','gAJ9cQFVCnRlc3Rjb29raWVxAlUGd29ya2VkcQNzLjIyMWYxYzk5Y2E1YWI4MjNmMzRiNjA3NDQ0\nNmI3ZTg5\n','2012-11-22 11:44:02'),('c7a4188acc68c50322de4336623c58af','gAJ9cQFVCnRlc3Rjb29raWVxAlUGd29ya2VkcQNzLjIyMWYxYzk5Y2E1YWI4MjNmMzRiNjA3NDQ0\nNmI3ZTg5\n','2012-11-22 12:39:27'),('89881cb0e97cc3f3b06993e144e968ca','gAJ9cQFVCnRlc3Rjb29raWVxAlUGd29ya2VkcQNzLjIyMWYxYzk5Y2E1YWI4MjNmMzRiNjA3NDQ0\nNmI3ZTg5\n','2012-11-22 12:40:20'),('dbdbaba37e7b31954f2519115685bf81','gAJ9cQEuNTlkYjZjNGEyMjliOTJmZWQ2NjBhYTVhY2I5NTQyNzk=\n','2012-11-22 12:40:26'),('394a04e4c608ed1cc91058ef010b7ddb','gAJ9cQFVCnRlc3Rjb29raWVxAlUGd29ya2VkcQNzLjIyMWYxYzk5Y2E1YWI4MjNmMzRiNjA3NDQ0\nNmI3ZTg5\n','2014-01-27 08:20:07'),('91874bf46c437393de7985ff85885e3b','gAJ9cQEuNTlkYjZjNGEyMjliOTJmZWQ2NjBhYTVhY2I5NTQyNzk=\n','2013-03-18 07:44:45'),('31c697ca05357270108b7fb290aa8349','gAJ9cQFVCnRlc3Rjb29raWVxAlUGd29ya2VkcQNzLjIyMWYxYzk5Y2E1YWI4MjNmMzRiNjA3NDQ0\nNmI3ZTg5\n','2013-03-26 09:27:24'),('e90d36654427ba4a894b1685db7c5f9b','gAJ9cQFVCnRlc3Rjb29raWVxAlUGd29ya2VkcQNzLjIyMWYxYzk5Y2E1YWI4MjNmMzRiNjA3NDQ0\nNmI3ZTg5\n','2014-01-27 09:31:16'),('4753731f5ca30fb80bbe7a13dca813d4','gAJ9cQEuNTlkYjZjNGEyMjliOTJmZWQ2NjBhYTVhY2I5NTQyNzk=\n','2013-07-26 07:21:29'),('c02e99285146b91e48e93449be18d1e7','gAJ9cQFVCnRlc3Rjb29raWVxAlUGd29ya2VkcQNzLjIyMWYxYzk5Y2E1YWI4MjNmMzRiNjA3NDQ0\nNmI3ZTg5\n','2014-01-27 07:41:48'),('73c10ab0ececba2ec33af5a73df5ac55','gAJ9cQFVCnRlc3Rjb29raWVxAlUGd29ya2VkcQNzLjIyMWYxYzk5Y2E1YWI4MjNmMzRiNjA3NDQ0\nNmI3ZTg5\n','2014-01-27 09:32:36'),('a3c6b95f2d081315abec6b4df494ee8d','gAJ9cQFVCnRlc3Rjb29raWVxAlUGd29ya2VkcQNzLjIyMWYxYzk5Y2E1YWI4MjNmMzRiNjA3NDQ0\nNmI3ZTg5\n','2014-01-27 09:33:45'),('0027efdf025a9e08ff9dc76c501806e9','gAJ9cQFVCnRlc3Rjb29raWVxAlUGd29ya2VkcQNzLjIyMWYxYzk5Y2E1YWI4MjNmMzRiNjA3NDQ0\nNmI3ZTg5\n','2014-01-27 09:35:10'),('5c6c21b6b21315623d8afa634b9e408a','gAJ9cQFVCnRlc3Rjb29raWVxAlUGd29ya2VkcQNzLjIyMWYxYzk5Y2E1YWI4MjNmMzRiNjA3NDQ0\nNmI3ZTg5\n','2014-01-27 09:49:40'),('d4583fbb47886c7f48d60772e54e1c87','gAJ9cQFVCnRlc3Rjb29raWVxAlUGd29ya2VkcQNzLjIyMWYxYzk5Y2E1YWI4MjNmMzRiNjA3NDQ0\nNmI3ZTg5\n','2014-01-27 09:51:33'),('5c1eff918c4f846dbc08b4ba02483b52','gAJ9cQFVCnRlc3Rjb29raWVxAlUGd29ya2VkcQNzLjIyMWYxYzk5Y2E1YWI4MjNmMzRiNjA3NDQ0\nNmI3ZTg5\n','2014-01-28 21:03:27'),('fd23541d9c9adeebaa73286fc0e3df45','gAJ9cQFVCnRlc3Rjb29raWVxAlUGd29ya2VkcQNzLjIyMWYxYzk5Y2E1YWI4MjNmMzRiNjA3NDQ0\nNmI3ZTg5\n','2014-01-28 23:56:21'),('601a4c6a3ff764a905c7b0e49573b396','gAJ9cQFVCnRlc3Rjb29raWVxAlUGd29ya2VkcQNzLjIyMWYxYzk5Y2E1YWI4MjNmMzRiNjA3NDQ0\nNmI3ZTg5\n','2014-01-28 23:56:21'),('43661ef7d6a9a1cc5e17c8057317d299','gAJ9cQFVCnRlc3Rjb29raWVxAlUGd29ya2VkcQNzLjIyMWYxYzk5Y2E1YWI4MjNmMzRiNjA3NDQ0\nNmI3ZTg5\n','2014-01-28 23:56:22'),('228c375afeb1c662e2cab8a7857467cc','gAJ9cQFVCnRlc3Rjb29raWVxAlUGd29ya2VkcQNzLjIyMWYxYzk5Y2E1YWI4MjNmMzRiNjA3NDQ0\nNmI3ZTg5\n','2014-01-28 23:56:22'),('b99fc165a589d58ec5db274550dc4f7a','gAJ9cQFVCnRlc3Rjb29raWVxAlUGd29ya2VkcQNzLjIyMWYxYzk5Y2E1YWI4MjNmMzRiNjA3NDQ0\nNmI3ZTg5\n','2014-01-28 23:56:22'),('50bef3d4968e11d9241abbb3dd44ccb4','gAJ9cQFVCnRlc3Rjb29raWVxAlUGd29ya2VkcQNzLjIyMWYxYzk5Y2E1YWI4MjNmMzRiNjA3NDQ0\nNmI3ZTg5\n','2014-01-28 23:56:22'),('d437910e5ed526694c5cfeceb21133b8','gAJ9cQFVCnRlc3Rjb29raWVxAlUGd29ya2VkcQNzLjIyMWYxYzk5Y2E1YWI4MjNmMzRiNjA3NDQ0\nNmI3ZTg5\n','2014-01-28 23:56:24'),('b2f7fc15adc48e97da47a8d5c2fcb835','gAJ9cQFVCnRlc3Rjb29raWVxAlUGd29ya2VkcQNzLjIyMWYxYzk5Y2E1YWI4MjNmMzRiNjA3NDQ0\nNmI3ZTg5\n','2014-01-28 23:56:24'),('db733862c737e4f98be83a1cf9a07916','gAJ9cQFVCnRlc3Rjb29raWVxAlUGd29ya2VkcQNzLjIyMWYxYzk5Y2E1YWI4MjNmMzRiNjA3NDQ0\nNmI3ZTg5\n','2014-01-28 23:56:24'),('98f37477123d6f1949913d156230d7fb','gAJ9cQFVCnRlc3Rjb29raWVxAlUGd29ya2VkcQNzLjIyMWYxYzk5Y2E1YWI4MjNmMzRiNjA3NDQ0\nNmI3ZTg5\n','2014-01-28 23:56:24'),('233c5c1a75c5e5b01df565faf39dfdfa','gAJ9cQFVCnRlc3Rjb29raWVxAlUGd29ya2VkcQNzLjIyMWYxYzk5Y2E1YWI4MjNmMzRiNjA3NDQ0\nNmI3ZTg5\n','2014-01-28 23:56:26'),('ae8b1569a6115eee4f10b01fad968e71','gAJ9cQFVCnRlc3Rjb29raWVxAlUGd29ya2VkcQNzLjIyMWYxYzk5Y2E1YWI4MjNmMzRiNjA3NDQ0\nNmI3ZTg5\n','2014-01-28 23:56:26'),('d2bb32bab7d349ecfcc9360bbe62ff30','gAJ9cQFVCnRlc3Rjb29raWVxAlUGd29ya2VkcQNzLjIyMWYxYzk5Y2E1YWI4MjNmMzRiNjA3NDQ0\nNmI3ZTg5\n','2014-01-28 23:56:26'),('7f5a724ede944c68f48a31f1bed8b7cc','gAJ9cQFVCnRlc3Rjb29raWVxAlUGd29ya2VkcQNzLjIyMWYxYzk5Y2E1YWI4MjNmMzRiNjA3NDQ0\nNmI3ZTg5\n','2014-01-28 23:56:26'),('69af0f4a7b043a4377582f714767d46f','gAJ9cQFVCnRlc3Rjb29raWVxAlUGd29ya2VkcQNzLjIyMWYxYzk5Y2E1YWI4MjNmMzRiNjA3NDQ0\nNmI3ZTg5\n','2014-01-28 23:56:27'),('09f11aefe2a1a73c5e8d69af9abe1daf','gAJ9cQFVCnRlc3Rjb29raWVxAlUGd29ya2VkcQNzLjIyMWYxYzk5Y2E1YWI4MjNmMzRiNjA3NDQ0\nNmI3ZTg5\n','2014-01-28 23:56:27'),('d14d8fe38b2f400e0457d099eb5480c7','gAJ9cQFVCnRlc3Rjb29raWVxAlUGd29ya2VkcQNzLjIyMWYxYzk5Y2E1YWI4MjNmMzRiNjA3NDQ0\nNmI3ZTg5\n','2014-01-28 23:56:27'),('294703f3a9cb5b80c011137329646ca1','gAJ9cQFVCnRlc3Rjb29raWVxAlUGd29ya2VkcQNzLjIyMWYxYzk5Y2E1YWI4MjNmMzRiNjA3NDQ0\nNmI3ZTg5\n','2014-01-28 23:56:27'),('8296a543d1e4de5d3d40fb450e5f6191','gAJ9cQFVCnRlc3Rjb29raWVxAlUGd29ya2VkcQNzLjIyMWYxYzk5Y2E1YWI4MjNmMzRiNjA3NDQ0\nNmI3ZTg5\n','2014-01-28 23:56:28'),('bb15c4a8cd17241ba965fe8d2df59d57','gAJ9cQFVCnRlc3Rjb29raWVxAlUGd29ya2VkcQNzLjIyMWYxYzk5Y2E1YWI4MjNmMzRiNjA3NDQ0\nNmI3ZTg5\n','2014-01-28 23:56:28'),('b593daa36b45a8b11929e6e71b1bb098','gAJ9cQFVCnRlc3Rjb29raWVxAlUGd29ya2VkcQNzLjIyMWYxYzk5Y2E1YWI4MjNmMzRiNjA3NDQ0\nNmI3ZTg5\n','2014-01-28 23:56:29'),('65a37266a30021a538f8fbb3e15aa6e7','gAJ9cQFVCnRlc3Rjb29raWVxAlUGd29ya2VkcQNzLjIyMWYxYzk5Y2E1YWI4MjNmMzRiNjA3NDQ0\nNmI3ZTg5\n','2014-01-28 23:56:29'),('2ef3671f59aa88d0b0d2d173c300f712','gAJ9cQFVCnRlc3Rjb29raWVxAlUGd29ya2VkcQNzLjIyMWYxYzk5Y2E1YWI4MjNmMzRiNjA3NDQ0\nNmI3ZTg5\n','2014-01-28 23:56:29'),('bb474c081e8b16db941b8c45cb2938a7','gAJ9cQFVCnRlc3Rjb29raWVxAlUGd29ya2VkcQNzLjIyMWYxYzk5Y2E1YWI4MjNmMzRiNjA3NDQ0\nNmI3ZTg5\n','2014-01-28 23:56:29'),('3d94a45a49db2e7d3698790bb0ebb37d','gAJ9cQFVCnRlc3Rjb29raWVxAlUGd29ya2VkcQNzLjIyMWYxYzk5Y2E1YWI4MjNmMzRiNjA3NDQ0\nNmI3ZTg5\n','2014-01-28 23:56:32'),('5da2e0c1cebc809a61d933a918153463','gAJ9cQFVCnRlc3Rjb29raWVxAlUGd29ya2VkcQNzLjIyMWYxYzk5Y2E1YWI4MjNmMzRiNjA3NDQ0\nNmI3ZTg5\n','2014-01-28 23:56:32'),('4443482568bd3f4c8486d2a1d9f18873','gAJ9cQFVCnRlc3Rjb29raWVxAlUGd29ya2VkcQNzLjIyMWYxYzk5Y2E1YWI4MjNmMzRiNjA3NDQ0\nNmI3ZTg5\n','2014-01-28 23:56:32'),('9cf2e8065fae49f24796c4a5c13f60a9','gAJ9cQFVCnRlc3Rjb29raWVxAlUGd29ya2VkcQNzLjIyMWYxYzk5Y2E1YWI4MjNmMzRiNjA3NDQ0\nNmI3ZTg5\n','2014-01-28 23:56:33'),('1d490d047971ef02fdc28e8a11fb33f9','gAJ9cQFVCnRlc3Rjb29raWVxAlUGd29ya2VkcQNzLjIyMWYxYzk5Y2E1YWI4MjNmMzRiNjA3NDQ0\nNmI3ZTg5\n','2014-01-28 23:56:33'),('d8247b78dfb7863458df43a1f6c619b6','gAJ9cQFVCnRlc3Rjb29raWVxAlUGd29ya2VkcQNzLjIyMWYxYzk5Y2E1YWI4MjNmMzRiNjA3NDQ0\nNmI3ZTg5\n','2014-01-28 23:56:33'),('1d8c2bdb932a1501891d270de6adcbc8','gAJ9cQFVCnRlc3Rjb29raWVxAlUGd29ya2VkcQNzLjIyMWYxYzk5Y2E1YWI4MjNmMzRiNjA3NDQ0\nNmI3ZTg5\n','2014-01-28 23:56:35'),('a58e34f72d124892ecb246bf65b28984','gAJ9cQFVCnRlc3Rjb29raWVxAlUGd29ya2VkcQNzLjIyMWYxYzk5Y2E1YWI4MjNmMzRiNjA3NDQ0\nNmI3ZTg5\n','2014-01-28 23:56:35'),('a41ad001a63b90fe3bde48c06e9e9553','gAJ9cQFVCnRlc3Rjb29raWVxAlUGd29ya2VkcQNzLjIyMWYxYzk5Y2E1YWI4MjNmMzRiNjA3NDQ0\nNmI3ZTg5\n','2014-01-28 23:56:36'),('c5d5645cc7c8136ca2774c353ca54494','gAJ9cQFVCnRlc3Rjb29raWVxAlUGd29ya2VkcQNzLjIyMWYxYzk5Y2E1YWI4MjNmMzRiNjA3NDQ0\nNmI3ZTg5\n','2014-01-28 23:56:36'),('660e93551611ad26a758c6f9e7baea46','gAJ9cQFVCnRlc3Rjb29raWVxAlUGd29ya2VkcQNzLjIyMWYxYzk5Y2E1YWI4MjNmMzRiNjA3NDQ0\nNmI3ZTg5\n','2014-01-28 23:56:36'),('d1263f8d7c34705c64848cc6d6b44af3','gAJ9cQFVCnRlc3Rjb29raWVxAlUGd29ya2VkcQNzLjIyMWYxYzk5Y2E1YWI4MjNmMzRiNjA3NDQ0\nNmI3ZTg5\n','2014-01-28 23:56:37'),('8739c69a4fbac77a912fbb09b7d8d925','gAJ9cQFVCnRlc3Rjb29raWVxAlUGd29ya2VkcQNzLjIyMWYxYzk5Y2E1YWI4MjNmMzRiNjA3NDQ0\nNmI3ZTg5\n','2014-01-28 23:56:38'),('06f2bae9f4a723ab94f8d341b5683751','gAJ9cQFVCnRlc3Rjb29raWVxAlUGd29ya2VkcQNzLjIyMWYxYzk5Y2E1YWI4MjNmMzRiNjA3NDQ0\nNmI3ZTg5\n','2014-01-28 23:56:38'),('ee2e95d8d345e03502b8f7a3ec8f5905','gAJ9cQFVCnRlc3Rjb29raWVxAlUGd29ya2VkcQNzLjIyMWYxYzk5Y2E1YWI4MjNmMzRiNjA3NDQ0\nNmI3ZTg5\n','2014-01-28 23:56:38'),('adb0116d721b5f68ff1ce2af952e9650','gAJ9cQFVCnRlc3Rjb29raWVxAlUGd29ya2VkcQNzLjIyMWYxYzk5Y2E1YWI4MjNmMzRiNjA3NDQ0\nNmI3ZTg5\n','2014-01-28 23:56:39'),('450846bff3bd99f381e714fc7f4c651a','gAJ9cQFVCnRlc3Rjb29raWVxAlUGd29ya2VkcQNzLjIyMWYxYzk5Y2E1YWI4MjNmMzRiNjA3NDQ0\nNmI3ZTg5\n','2014-01-28 23:56:40'),('7469193958811c909d136e0b3993279b','gAJ9cQFVCnRlc3Rjb29raWVxAlUGd29ya2VkcQNzLjIyMWYxYzk5Y2E1YWI4MjNmMzRiNjA3NDQ0\nNmI3ZTg5\n','2014-01-28 23:56:41'),('06b20c48c30c323678d8b0bd566434d5','gAJ9cQFVCnRlc3Rjb29raWVxAlUGd29ya2VkcQNzLjIyMWYxYzk5Y2E1YWI4MjNmMzRiNjA3NDQ0\nNmI3ZTg5\n','2014-01-28 23:56:41'),('5cbfc55bd5d315de0e2179d99ae66a74','gAJ9cQFVCnRlc3Rjb29raWVxAlUGd29ya2VkcQNzLjIyMWYxYzk5Y2E1YWI4MjNmMzRiNjA3NDQ0\nNmI3ZTg5\n','2014-01-28 23:56:41'),('9a4e6e00e237615bea0fc3677b3abddc','gAJ9cQFVCnRlc3Rjb29raWVxAlUGd29ya2VkcQNzLjIyMWYxYzk5Y2E1YWI4MjNmMzRiNjA3NDQ0\nNmI3ZTg5\n','2014-01-28 23:56:43'),('eb5f86620b6767914b488856bf02d037','gAJ9cQFVCnRlc3Rjb29raWVxAlUGd29ya2VkcQNzLjIyMWYxYzk5Y2E1YWI4MjNmMzRiNjA3NDQ0\nNmI3ZTg5\n','2014-01-28 23:56:44'),('e92c766afd85d55bda9c31d547aa2acb','gAJ9cQFVCnRlc3Rjb29raWVxAlUGd29ya2VkcQNzLjIyMWYxYzk5Y2E1YWI4MjNmMzRiNjA3NDQ0\nNmI3ZTg5\n','2014-01-28 23:56:44'),('26fb086dd894018650826c2913fb2b9e','gAJ9cQFVCnRlc3Rjb29raWVxAlUGd29ya2VkcQNzLjIyMWYxYzk5Y2E1YWI4MjNmMzRiNjA3NDQ0\nNmI3ZTg5\n','2014-01-28 23:56:44'),('b9f14e6db085aaf8cec93e42f744ef5a','gAJ9cQFVCnRlc3Rjb29raWVxAlUGd29ya2VkcQNzLjIyMWYxYzk5Y2E1YWI4MjNmMzRiNjA3NDQ0\nNmI3ZTg5\n','2014-01-28 23:56:44'),('86b50795269c42fe4414cf75971406d5','gAJ9cQFVCnRlc3Rjb29raWVxAlUGd29ya2VkcQNzLjIyMWYxYzk5Y2E1YWI4MjNmMzRiNjA3NDQ0\nNmI3ZTg5\n','2014-01-28 23:56:45'),('5ea1af8b7a4a132de389e74f197f6aae','gAJ9cQFVCnRlc3Rjb29raWVxAlUGd29ya2VkcQNzLjIyMWYxYzk5Y2E1YWI4MjNmMzRiNjA3NDQ0\nNmI3ZTg5\n','2014-01-28 23:56:46'),('84e276957fbcaa43306be91e4b14b953','gAJ9cQFVCnRlc3Rjb29raWVxAlUGd29ya2VkcQNzLjIyMWYxYzk5Y2E1YWI4MjNmMzRiNjA3NDQ0\nNmI3ZTg5\n','2014-01-28 23:56:46'),('6bca0dec00a692eefea78b3809d7c02f','gAJ9cQFVCnRlc3Rjb29raWVxAlUGd29ya2VkcQNzLjIyMWYxYzk5Y2E1YWI4MjNmMzRiNjA3NDQ0\nNmI3ZTg5\n','2014-01-28 23:56:49'),('feae5d9fd7e364899794c8497882cc40','gAJ9cQFVCnRlc3Rjb29raWVxAlUGd29ya2VkcQNzLjIyMWYxYzk5Y2E1YWI4MjNmMzRiNjA3NDQ0\nNmI3ZTg5\n','2014-01-28 23:56:49'),('119951894b77ddb9e7ed5806504fe456','gAJ9cQFVCnRlc3Rjb29raWVxAlUGd29ya2VkcQNzLjIyMWYxYzk5Y2E1YWI4MjNmMzRiNjA3NDQ0\nNmI3ZTg5\n','2014-01-28 23:56:49'),('685656d8cbb8bdb4771fbdac4c6b72bb','gAJ9cQFVCnRlc3Rjb29raWVxAlUGd29ya2VkcQNzLjIyMWYxYzk5Y2E1YWI4MjNmMzRiNjA3NDQ0\nNmI3ZTg5\n','2014-01-28 23:56:50'),('381439531de2a9e465b41fbd719898c6','gAJ9cQFVCnRlc3Rjb29raWVxAlUGd29ya2VkcQNzLjIyMWYxYzk5Y2E1YWI4MjNmMzRiNjA3NDQ0\nNmI3ZTg5\n','2014-02-23 22:18:55'),('fc9553bece7df7e57f72b55a0693b83d','gAJ9cQEuNTlkYjZjNGEyMjliOTJmZWQ2NjBhYTVhY2I5NTQyNzk=\n','2014-04-08 01:48:02'),('ba0eb7b362667ed0b34ed7fe7349fc75','gAJ9cQFVCnRlc3Rjb29raWVxAlUGd29ya2VkcQNzLjIyMWYxYzk5Y2E1YWI4MjNmMzRiNjA3NDQ0\nNmI3ZTg5\n','2014-04-23 02:52:19'),('e17dab554648903c6fa2a009d0cd3ce6','gAJ9cQFVCnRlc3Rjb29raWVxAlUGd29ya2VkcQNzLjIyMWYxYzk5Y2E1YWI4MjNmMzRiNjA3NDQ0\nNmI3ZTg5\n','2014-04-23 02:52:20'),('5d18a5116f0d341c76aed65f741b3e2d','gAJ9cQFVCnRlc3Rjb29raWVxAlUGd29ya2VkcQNzLjIyMWYxYzk5Y2E1YWI4MjNmMzRiNjA3NDQ0\nNmI3ZTg5\n','2014-04-23 02:52:22'),('ddfdb7276d33e4b1f94e9a3e5d0c984d','gAJ9cQFVCnRlc3Rjb29raWVxAlUGd29ya2VkcQNzLjIyMWYxYzk5Y2E1YWI4MjNmMzRiNjA3NDQ0\nNmI3ZTg5\n','2014-04-23 02:52:24'),('53894bc18d5046b79365203ed80d1af3','gAJ9cQFVCnRlc3Rjb29raWVxAlUGd29ya2VkcQNzLjIyMWYxYzk5Y2E1YWI4MjNmMzRiNjA3NDQ0\nNmI3ZTg5\n','2014-04-23 02:52:24'),('5b347dae354e3d29f2b0a0b1a22d8206','gAJ9cQFVCnRlc3Rjb29raWVxAlUGd29ya2VkcQNzLjIyMWYxYzk5Y2E1YWI4MjNmMzRiNjA3NDQ0\nNmI3ZTg5\n','2014-04-23 02:52:24'),('1afb4e771dd06e96404191aed4b4e263','gAJ9cQFVCnRlc3Rjb29raWVxAlUGd29ya2VkcQNzLjIyMWYxYzk5Y2E1YWI4MjNmMzRiNjA3NDQ0\nNmI3ZTg5\n','2014-04-23 02:52:26'),('966292b32a2021ff07211d1d54501cdb','gAJ9cQFVCnRlc3Rjb29raWVxAlUGd29ya2VkcQNzLjIyMWYxYzk5Y2E1YWI4MjNmMzRiNjA3NDQ0\nNmI3ZTg5\n','2014-04-23 02:52:26'),('33508a58e2d3cec24c1380cba992a629','gAJ9cQFVCnRlc3Rjb29raWVxAlUGd29ya2VkcQNzLjIyMWYxYzk5Y2E1YWI4MjNmMzRiNjA3NDQ0\nNmI3ZTg5\n','2014-04-23 02:52:27'),('730a512a9bd85df3bb25ce6de27321c4','gAJ9cQFVCnRlc3Rjb29raWVxAlUGd29ya2VkcQNzLjIyMWYxYzk5Y2E1YWI4MjNmMzRiNjA3NDQ0\nNmI3ZTg5\n','2014-04-23 02:52:28'),('07043b6c9945a66ce3a34093d3f7ad15','gAJ9cQFVCnRlc3Rjb29raWVxAlUGd29ya2VkcQNzLjIyMWYxYzk5Y2E1YWI4MjNmMzRiNjA3NDQ0\nNmI3ZTg5\n','2014-04-23 02:52:28'),('e2ac8bc2fe9993521d0859749d93ba4d','gAJ9cQFVCnRlc3Rjb29raWVxAlUGd29ya2VkcQNzLjIyMWYxYzk5Y2E1YWI4MjNmMzRiNjA3NDQ0\nNmI3ZTg5\n','2014-04-23 02:52:28'),('ae581e1e5b13536e50431c2906bf214d','gAJ9cQFVCnRlc3Rjb29raWVxAlUGd29ya2VkcQNzLjIyMWYxYzk5Y2E1YWI4MjNmMzRiNjA3NDQ0\nNmI3ZTg5\n','2014-04-23 02:52:29'),('7a90f6808d5d1e1854332d03efe3cd86','gAJ9cQFVCnRlc3Rjb29raWVxAlUGd29ya2VkcQNzLjIyMWYxYzk5Y2E1YWI4MjNmMzRiNjA3NDQ0\nNmI3ZTg5\n','2014-04-23 02:52:30'),('226c771913365ea7a7604187331a27bf','gAJ9cQFVCnRlc3Rjb29raWVxAlUGd29ya2VkcQNzLjIyMWYxYzk5Y2E1YWI4MjNmMzRiNjA3NDQ0\nNmI3ZTg5\n','2014-04-23 02:52:31'),('0a52c12e2347ac3ecb87b66631eb34e1','gAJ9cQFVCnRlc3Rjb29raWVxAlUGd29ya2VkcQNzLjIyMWYxYzk5Y2E1YWI4MjNmMzRiNjA3NDQ0\nNmI3ZTg5\n','2014-04-23 02:52:32'),('f75c64f64dfcae30e23568338f97b1c9','gAJ9cQFVCnRlc3Rjb29raWVxAlUGd29ya2VkcQNzLjIyMWYxYzk5Y2E1YWI4MjNmMzRiNjA3NDQ0\nNmI3ZTg5\n','2014-04-23 02:52:32'),('01a45b8363e40ab0e8cf67517ba3cca1','gAJ9cQFVCnRlc3Rjb29raWVxAlUGd29ya2VkcQNzLjIyMWYxYzk5Y2E1YWI4MjNmMzRiNjA3NDQ0\nNmI3ZTg5\n','2014-04-23 02:52:32'),('3b2331d39f9d5ee064d0e59be0bb67a7','gAJ9cQFVCnRlc3Rjb29raWVxAlUGd29ya2VkcQNzLjIyMWYxYzk5Y2E1YWI4MjNmMzRiNjA3NDQ0\nNmI3ZTg5\n','2014-04-23 02:52:33'),('6276c05b6d6962d637ece0ac960a5a89','gAJ9cQFVCnRlc3Rjb29raWVxAlUGd29ya2VkcQNzLjIyMWYxYzk5Y2E1YWI4MjNmMzRiNjA3NDQ0\nNmI3ZTg5\n','2014-04-23 02:52:33'),('ef4552482a089ef68fcb9d2cf1d5fc47','gAJ9cQFVCnRlc3Rjb29raWVxAlUGd29ya2VkcQNzLjIyMWYxYzk5Y2E1YWI4MjNmMzRiNjA3NDQ0\nNmI3ZTg5\n','2014-04-23 02:52:33'),('34e1b9b9ef461390e928b4df0fe24c83','gAJ9cQFVCnRlc3Rjb29raWVxAlUGd29ya2VkcQNzLjIyMWYxYzk5Y2E1YWI4MjNmMzRiNjA3NDQ0\nNmI3ZTg5\n','2014-04-23 02:52:34'),('b19544606946aa702676ac940c48e7a4','gAJ9cQFVCnRlc3Rjb29raWVxAlUGd29ya2VkcQNzLjIyMWYxYzk5Y2E1YWI4MjNmMzRiNjA3NDQ0\nNmI3ZTg5\n','2014-04-23 02:52:35'),('042f1e7958d546b37dc3e810049a7c02','gAJ9cQFVCnRlc3Rjb29raWVxAlUGd29ya2VkcQNzLjIyMWYxYzk5Y2E1YWI4MjNmMzRiNjA3NDQ0\nNmI3ZTg5\n','2014-04-23 02:52:35'),('14def4f53e82aa393f83f78fa7179a5d','gAJ9cQFVCnRlc3Rjb29raWVxAlUGd29ya2VkcQNzLjIyMWYxYzk5Y2E1YWI4MjNmMzRiNjA3NDQ0\nNmI3ZTg5\n','2014-04-23 02:52:35'),('b9156a2052949025325147b2f7181f18','gAJ9cQFVCnRlc3Rjb29raWVxAlUGd29ya2VkcQNzLjIyMWYxYzk5Y2E1YWI4MjNmMzRiNjA3NDQ0\nNmI3ZTg5\n','2014-04-23 02:52:35'),('a624915eb8d59c65cb8819ccac250a7f','gAJ9cQFVCnRlc3Rjb29raWVxAlUGd29ya2VkcQNzLjIyMWYxYzk5Y2E1YWI4MjNmMzRiNjA3NDQ0\nNmI3ZTg5\n','2014-04-23 02:52:38'),('e2289dae15819bd0a09d7e499036d3f7','gAJ9cQFVCnRlc3Rjb29raWVxAlUGd29ya2VkcQNzLjIyMWYxYzk5Y2E1YWI4MjNmMzRiNjA3NDQ0\nNmI3ZTg5\n','2014-04-23 02:52:38'),('f61ff5626d6ad048b1dd22f42ea56b32','gAJ9cQFVCnRlc3Rjb29raWVxAlUGd29ya2VkcQNzLjIyMWYxYzk5Y2E1YWI4MjNmMzRiNjA3NDQ0\nNmI3ZTg5\n','2014-04-23 02:52:38'),('037a073f56732aa6e00d8002e2d0c406','gAJ9cQFVCnRlc3Rjb29raWVxAlUGd29ya2VkcQNzLjIyMWYxYzk5Y2E1YWI4MjNmMzRiNjA3NDQ0\nNmI3ZTg5\n','2014-04-23 02:52:38'),('9af312a193ac217badd35482ed340b5d','gAJ9cQFVCnRlc3Rjb29raWVxAlUGd29ya2VkcQNzLjIyMWYxYzk5Y2E1YWI4MjNmMzRiNjA3NDQ0\nNmI3ZTg5\n','2014-04-23 02:52:38'),('fb56bf3249ac2a5f590c9c60d3d6aa6c','gAJ9cQFVCnRlc3Rjb29raWVxAlUGd29ya2VkcQNzLjIyMWYxYzk5Y2E1YWI4MjNmMzRiNjA3NDQ0\nNmI3ZTg5\n','2014-04-23 02:52:38'),('cfb0142f84b8e5067626a518abd7d550','gAJ9cQFVCnRlc3Rjb29raWVxAlUGd29ya2VkcQNzLjIyMWYxYzk5Y2E1YWI4MjNmMzRiNjA3NDQ0\nNmI3ZTg5\n','2014-04-23 02:52:39'),('25f78c8415a8edd87aec8c464df4c511','gAJ9cQFVCnRlc3Rjb29raWVxAlUGd29ya2VkcQNzLjIyMWYxYzk5Y2E1YWI4MjNmMzRiNjA3NDQ0\nNmI3ZTg5\n','2014-04-23 02:52:39'),('760da05e9e46c20ed5e20251051310d2','gAJ9cQFVCnRlc3Rjb29raWVxAlUGd29ya2VkcQNzLjIyMWYxYzk5Y2E1YWI4MjNmMzRiNjA3NDQ0\nNmI3ZTg5\n','2014-04-23 02:52:39'),('02b292cfd5a0d365d303bfdf61436908','gAJ9cQFVCnRlc3Rjb29raWVxAlUGd29ya2VkcQNzLjIyMWYxYzk5Y2E1YWI4MjNmMzRiNjA3NDQ0\nNmI3ZTg5\n','2014-04-23 02:52:40'),('244e480945a756ac24d7c0930ce4570a','gAJ9cQFVCnRlc3Rjb29raWVxAlUGd29ya2VkcQNzLjIyMWYxYzk5Y2E1YWI4MjNmMzRiNjA3NDQ0\nNmI3ZTg5\n','2014-04-23 02:52:40'),('1928aaa357298c6fbd5248f915157f63','gAJ9cQFVCnRlc3Rjb29raWVxAlUGd29ya2VkcQNzLjIyMWYxYzk5Y2E1YWI4MjNmMzRiNjA3NDQ0\nNmI3ZTg5\n','2014-04-23 02:52:41'),('4d2ed91e3f21adcefcba26d2a5f9cb6a','gAJ9cQFVCnRlc3Rjb29raWVxAlUGd29ya2VkcQNzLjIyMWYxYzk5Y2E1YWI4MjNmMzRiNjA3NDQ0\nNmI3ZTg5\n','2014-04-23 02:52:41'),('39d5b6be89cef1f7e2c26e9b2bff22da','gAJ9cQFVCnRlc3Rjb29raWVxAlUGd29ya2VkcQNzLjIyMWYxYzk5Y2E1YWI4MjNmMzRiNjA3NDQ0\nNmI3ZTg5\n','2014-04-23 02:52:41'),('db0d976dc0c0788d0c707b595212a7f5','gAJ9cQFVCnRlc3Rjb29raWVxAlUGd29ya2VkcQNzLjIyMWYxYzk5Y2E1YWI4MjNmMzRiNjA3NDQ0\nNmI3ZTg5\n','2014-04-23 02:52:41'),('862b4bcf7bc850a5368c8edc2b6c2691','gAJ9cQFVCnRlc3Rjb29raWVxAlUGd29ya2VkcQNzLjIyMWYxYzk5Y2E1YWI4MjNmMzRiNjA3NDQ0\nNmI3ZTg5\n','2014-04-23 02:52:42'),('ccc6f6e7acb121cf682ab92371558cbc','gAJ9cQFVCnRlc3Rjb29raWVxAlUGd29ya2VkcQNzLjIyMWYxYzk5Y2E1YWI4MjNmMzRiNjA3NDQ0\nNmI3ZTg5\n','2014-04-23 02:52:44'),('1f2fbae31fcd9364373d2b2e049e757c','gAJ9cQFVCnRlc3Rjb29raWVxAlUGd29ya2VkcQNzLjIyMWYxYzk5Y2E1YWI4MjNmMzRiNjA3NDQ0\nNmI3ZTg5\n','2014-04-23 02:52:44'),('f1d433ce427bedbc5833b20b17aae177','gAJ9cQFVCnRlc3Rjb29raWVxAlUGd29ya2VkcQNzLjIyMWYxYzk5Y2E1YWI4MjNmMzRiNjA3NDQ0\nNmI3ZTg5\n','2014-04-23 02:52:44'),('78116e7c0b4a53e2f04ec1948a76f368','gAJ9cQFVCnRlc3Rjb29raWVxAlUGd29ya2VkcQNzLjIyMWYxYzk5Y2E1YWI4MjNmMzRiNjA3NDQ0\nNmI3ZTg5\n','2014-04-23 02:52:46'),('92fe23e979a46e044899587570356f02','gAJ9cQFVCnRlc3Rjb29raWVxAlUGd29ya2VkcQNzLjIyMWYxYzk5Y2E1YWI4MjNmMzRiNjA3NDQ0\nNmI3ZTg5\n','2014-04-23 02:52:46'),('9a2a1b48cb1dc9091191659ed1f2aede','gAJ9cQFVCnRlc3Rjb29raWVxAlUGd29ya2VkcQNzLjIyMWYxYzk5Y2E1YWI4MjNmMzRiNjA3NDQ0\nNmI3ZTg5\n','2014-04-23 02:52:49'),('8d44db5df245d5756a66d0f102e85eb9','gAJ9cQFVCnRlc3Rjb29raWVxAlUGd29ya2VkcQNzLjIyMWYxYzk5Y2E1YWI4MjNmMzRiNjA3NDQ0\nNmI3ZTg5\n','2014-04-23 02:52:49'),('645ddd48ba74d837f31db4309509b39c','gAJ9cQFVCnRlc3Rjb29raWVxAlUGd29ya2VkcQNzLjIyMWYxYzk5Y2E1YWI4MjNmMzRiNjA3NDQ0\nNmI3ZTg5\n','2014-04-23 02:52:50'),('a62f3056337dedb62958d2d003abccf6','gAJ9cQFVCnRlc3Rjb29raWVxAlUGd29ya2VkcQNzLjIyMWYxYzk5Y2E1YWI4MjNmMzRiNjA3NDQ0\nNmI3ZTg5\n','2014-04-23 02:52:50'),('b65332b69f21daa06e7825c247750ebe','gAJ9cQFVCnRlc3Rjb29raWVxAlUGd29ya2VkcQNzLjIyMWYxYzk5Y2E1YWI4MjNmMzRiNjA3NDQ0\nNmI3ZTg5\n','2014-04-23 02:52:51'),('8f72ca9e5e4b32d84251f682cbba7ab4','gAJ9cQFVCnRlc3Rjb29raWVxAlUGd29ya2VkcQNzLjIyMWYxYzk5Y2E1YWI4MjNmMzRiNjA3NDQ0\nNmI3ZTg5\n','2014-04-23 02:52:51'),('5e4c216b513a25ed0843ce2065265227','gAJ9cQFVCnRlc3Rjb29raWVxAlUGd29ya2VkcQNzLjIyMWYxYzk5Y2E1YWI4MjNmMzRiNjA3NDQ0\nNmI3ZTg5\n','2014-04-23 02:52:52'),('2528ae34bd2691ef1c52d22dafc25b11','gAJ9cQFVCnRlc3Rjb29raWVxAlUGd29ya2VkcQNzLjIyMWYxYzk5Y2E1YWI4MjNmMzRiNjA3NDQ0\nNmI3ZTg5\n','2014-04-23 02:52:54'),('2c5702e802a38c7514fa17d5d5e6987c','gAJ9cQFVCnRlc3Rjb29raWVxAlUGd29ya2VkcQNzLjIyMWYxYzk5Y2E1YWI4MjNmMzRiNjA3NDQ0\nNmI3ZTg5\n','2014-04-23 02:52:55'),('5dbe0d2d262414cab7e5cab93374d8ac','gAJ9cQFVCnRlc3Rjb29raWVxAlUGd29ya2VkcQNzLjIyMWYxYzk5Y2E1YWI4MjNmMzRiNjA3NDQ0\nNmI3ZTg5\n','2014-04-23 02:53:08'),('e9eef3f701ee303f3390227cea70edcc','gAJ9cQFVCnRlc3Rjb29raWVxAlUGd29ya2VkcQNzLjIyMWYxYzk5Y2E1YWI4MjNmMzRiNjA3NDQ0\nNmI3ZTg5\n','2014-08-20 13:30:06'),('be5f0beb676daa9620502dfc3fe643eb','gAJ9cQFVCnRlc3Rjb29raWVxAlUGd29ya2VkcQNzLjIyMWYxYzk5Y2E1YWI4MjNmMzRiNjA3NDQ0\nNmI3ZTg5\n','2014-08-20 13:30:36'),('4fd2869d55608d73447e9038562ddc8c','gAJ9cQFVCnRlc3Rjb29raWVxAlUGd29ya2VkcQNzLjIyMWYxYzk5Y2E1YWI4MjNmMzRiNjA3NDQ0\nNmI3ZTg5\n','2014-08-20 13:30:37'),('e55e8ff5300ee59ba7ef9c8e88ca8762','gAJ9cQFVCnRlc3Rjb29raWVxAlUGd29ya2VkcQNzLjIyMWYxYzk5Y2E1YWI4MjNmMzRiNjA3NDQ0\nNmI3ZTg5\n','2014-08-20 13:31:06'),('04dcec4e17cf014fca30195c00056805','gAJ9cQFVCnRlc3Rjb29raWVxAlUGd29ya2VkcQNzLjIyMWYxYzk5Y2E1YWI4MjNmMzRiNjA3NDQ0\nNmI3ZTg5\n','2014-08-20 13:31:21'),('1b81e106d1c0f165c7a84d7267eb0574','gAJ9cQFVCnRlc3Rjb29raWVxAlUGd29ya2VkcQNzLjIyMWYxYzk5Y2E1YWI4MjNmMzRiNjA3NDQ0\nNmI3ZTg5\n','2014-08-20 13:32:06'),('a8556d678292df2e49cb7c3b62e465d8','gAJ9cQFVCnRlc3Rjb29raWVxAlUGd29ya2VkcQNzLjIyMWYxYzk5Y2E1YWI4MjNmMzRiNjA3NDQ0\nNmI3ZTg5\n','2014-08-20 13:32:21'),('3f7e7b17e3bbccf02a466e3d521e3108','gAJ9cQFVCnRlc3Rjb29raWVxAlUGd29ya2VkcQNzLjIyMWYxYzk5Y2E1YWI4MjNmMzRiNjA3NDQ0\nNmI3ZTg5\n','2014-08-20 13:32:21'),('8da1cb6e9c008f52ed4580016df61bb8','gAJ9cQFVCnRlc3Rjb29raWVxAlUGd29ya2VkcQNzLjIyMWYxYzk5Y2E1YWI4MjNmMzRiNjA3NDQ0\nNmI3ZTg5\n','2014-08-20 13:32:36'),('6de55702f521917b37e838748f3a9c6f','gAJ9cQFVCnRlc3Rjb29raWVxAlUGd29ya2VkcQNzLjIyMWYxYzk5Y2E1YWI4MjNmMzRiNjA3NDQ0\nNmI3ZTg5\n','2014-08-20 13:32:51'),('0694146c9f0782e1d13c08c6433735a1','gAJ9cQFVCnRlc3Rjb29raWVxAlUGd29ya2VkcQNzLjIyMWYxYzk5Y2E1YWI4MjNmMzRiNjA3NDQ0\nNmI3ZTg5\n','2014-08-20 13:33:06'),('d8c9e54bd666b16789c736c95515c99c','gAJ9cQFVCnRlc3Rjb29raWVxAlUGd29ya2VkcQNzLjIyMWYxYzk5Y2E1YWI4MjNmMzRiNjA3NDQ0\nNmI3ZTg5\n','2014-08-20 13:33:21'),('f09b0ceaec6aa0a1e2325d31948fef3c','gAJ9cQFVCnRlc3Rjb29raWVxAlUGd29ya2VkcQNzLjIyMWYxYzk5Y2E1YWI4MjNmMzRiNjA3NDQ0\nNmI3ZTg5\n','2014-08-20 13:34:07'),('8383f7ae385a8e32d94395efda35c3be','gAJ9cQFVCnRlc3Rjb29raWVxAlUGd29ya2VkcQNzLjIyMWYxYzk5Y2E1YWI4MjNmMzRiNjA3NDQ0\nNmI3ZTg5\n','2014-08-20 13:34:22'),('af0e61f271845c2c843ac61ed41b8e64','gAJ9cQFVCnRlc3Rjb29raWVxAlUGd29ya2VkcQNzLjIyMWYxYzk5Y2E1YWI4MjNmMzRiNjA3NDQ0\nNmI3ZTg5\n','2014-08-20 13:34:38'),('0e0b2275a3457b1bc5eeed7c25180606','gAJ9cQFVCnRlc3Rjb29raWVxAlUGd29ya2VkcQNzLjIyMWYxYzk5Y2E1YWI4MjNmMzRiNjA3NDQ0\nNmI3ZTg5\n','2014-08-20 13:34:38'),('ef0a16640921975204312ee1739f06df','gAJ9cQFVCnRlc3Rjb29raWVxAlUGd29ya2VkcQNzLjIyMWYxYzk5Y2E1YWI4MjNmMzRiNjA3NDQ0\nNmI3ZTg5\n','2014-08-20 13:35:10'),('15d3c42514c8fea4414016414710cb80','gAJ9cQFVCnRlc3Rjb29raWVxAlUGd29ya2VkcQNzLjIyMWYxYzk5Y2E1YWI4MjNmMzRiNjA3NDQ0\nNmI3ZTg5\n','2014-08-20 13:35:41'),('c063c7ce40702c61fd7c0118143b3046','gAJ9cQFVCnRlc3Rjb29raWVxAlUGd29ya2VkcQNzLjIyMWYxYzk5Y2E1YWI4MjNmMzRiNjA3NDQ0\nNmI3ZTg5\n','2014-08-20 13:35:58'),('889b3e8993c88a380ca9a93a14002a16','gAJ9cQFVCnRlc3Rjb29raWVxAlUGd29ya2VkcQNzLjIyMWYxYzk5Y2E1YWI4MjNmMzRiNjA3NDQ0\nNmI3ZTg5\n','2014-08-20 13:36:14'),('540c9c38f86d009d2a4467f1e89cf7f7','gAJ9cQFVCnRlc3Rjb29raWVxAlUGd29ya2VkcQNzLjIyMWYxYzk5Y2E1YWI4MjNmMzRiNjA3NDQ0\nNmI3ZTg5\n','2014-08-20 13:36:14'),('c97e73f20a963512bb47cfea3a21caaf','gAJ9cQFVCnRlc3Rjb29raWVxAlUGd29ya2VkcQNzLjIyMWYxYzk5Y2E1YWI4MjNmMzRiNjA3NDQ0\nNmI3ZTg5\n','2014-08-20 13:37:23'),('c03214c7fa0b0fdcafd86e832a2146da','gAJ9cQFVCnRlc3Rjb29raWVxAlUGd29ya2VkcQNzLjIyMWYxYzk5Y2E1YWI4MjNmMzRiNjA3NDQ0\nNmI3ZTg5\n','2014-08-20 13:37:41'),('419b6c667969aeae0c961dac5193989f','gAJ9cQFVCnRlc3Rjb29raWVxAlUGd29ya2VkcQNzLjIyMWYxYzk5Y2E1YWI4MjNmMzRiNjA3NDQ0\nNmI3ZTg5\n','2014-08-20 13:37:41'),('c71a1adab7cc6d618a61d90632d7c90e','gAJ9cQFVCnRlc3Rjb29raWVxAlUGd29ya2VkcQNzLjIyMWYxYzk5Y2E1YWI4MjNmMzRiNjA3NDQ0\nNmI3ZTg5\n','2014-08-20 13:37:59'),('4f3d9cce771f27734682d35137d5fef0','gAJ9cQFVCnRlc3Rjb29raWVxAlUGd29ya2VkcQNzLjIyMWYxYzk5Y2E1YWI4MjNmMzRiNjA3NDQ0\nNmI3ZTg5\n','2014-08-20 13:38:19'),('50c69ec7632ee6d47b6c00b94122ad05','gAJ9cQFVCnRlc3Rjb29raWVxAlUGd29ya2VkcQNzLjIyMWYxYzk5Y2E1YWI4MjNmMzRiNjA3NDQ0\nNmI3ZTg5\n','2014-08-20 13:39:59'),('5d199ab0ee6c053eb01d41a91cf6dcde','gAJ9cQFVCnRlc3Rjb29raWVxAlUGd29ya2VkcQNzLjIyMWYxYzk5Y2E1YWI4MjNmMzRiNjA3NDQ0\nNmI3ZTg5\n','2014-08-20 13:40:00'),('3c993eee294176f6a0ed22e457b72226','gAJ9cQFVCnRlc3Rjb29raWVxAlUGd29ya2VkcQNzLjIyMWYxYzk5Y2E1YWI4MjNmMzRiNjA3NDQ0\nNmI3ZTg5\n','2014-09-08 11:05:39'),('73084ebb3e9f956d285198695280963d','gAJ9cQFVCnRlc3Rjb29raWVxAlUGd29ya2VkcQNzLjIyMWYxYzk5Y2E1YWI4MjNmMzRiNjA3NDQ0\nNmI3ZTg5\n','2014-09-08 11:05:45'),('2399b4fda940cb151885d9dd5b5e5c40','gAJ9cQFVCnRlc3Rjb29raWVxAlUGd29ya2VkcQNzLjIyMWYxYzk5Y2E1YWI4MjNmMzRiNjA3NDQ0\nNmI3ZTg5\n','2014-09-08 11:05:46'),('039feee0048cd9257d2fbea3b9e49f64','gAJ9cQFVCnRlc3Rjb29raWVxAlUGd29ya2VkcQNzLjIyMWYxYzk5Y2E1YWI4MjNmMzRiNjA3NDQ0\nNmI3ZTg5\n','2014-09-08 11:05:46'),('ee09ec72f6f5c7f71d818fd6757671d9','gAJ9cQFVCnRlc3Rjb29raWVxAlUGd29ya2VkcQNzLjIyMWYxYzk5Y2E1YWI4MjNmMzRiNjA3NDQ0\nNmI3ZTg5\n','2014-09-08 11:05:46'),('6e2c4ebb9fe93a188ff829fba103160b','gAJ9cQFVCnRlc3Rjb29raWVxAlUGd29ya2VkcQNzLjIyMWYxYzk5Y2E1YWI4MjNmMzRiNjA3NDQ0\nNmI3ZTg5\n','2014-09-08 11:05:46'),('7c7576792adaf271e58b441e34419a68','gAJ9cQFVCnRlc3Rjb29raWVxAlUGd29ya2VkcQNzLjIyMWYxYzk5Y2E1YWI4MjNmMzRiNjA3NDQ0\nNmI3ZTg5\n','2014-09-08 11:05:48'),('cc1ac1f7c6e8a2dd34d741d4e336ccca','gAJ9cQFVCnRlc3Rjb29raWVxAlUGd29ya2VkcQNzLjIyMWYxYzk5Y2E1YWI4MjNmMzRiNjA3NDQ0\nNmI3ZTg5\n','2014-09-08 11:05:49'),('014d400dcd3ffa990a331e4613614fbb','gAJ9cQFVCnRlc3Rjb29raWVxAlUGd29ya2VkcQNzLjIyMWYxYzk5Y2E1YWI4MjNmMzRiNjA3NDQ0\nNmI3ZTg5\n','2014-09-08 11:05:50'),('e9107e7f81dd15b859a1cadd39b27aae','gAJ9cQFVCnRlc3Rjb29raWVxAlUGd29ya2VkcQNzLjIyMWYxYzk5Y2E1YWI4MjNmMzRiNjA3NDQ0\nNmI3ZTg5\n','2014-09-08 11:05:52'),('7cb77136fa1f031730c22581488a438b','gAJ9cQFVCnRlc3Rjb29raWVxAlUGd29ya2VkcQNzLjIyMWYxYzk5Y2E1YWI4MjNmMzRiNjA3NDQ0\nNmI3ZTg5\n','2014-09-08 11:05:52'),('e5dc12b9ef7256ecb152e9e83b791251','gAJ9cQFVCnRlc3Rjb29raWVxAlUGd29ya2VkcQNzLjIyMWYxYzk5Y2E1YWI4MjNmMzRiNjA3NDQ0\nNmI3ZTg5\n','2014-09-08 11:05:53'),('439d2039113bd1d0ab924443fda5f176','gAJ9cQFVCnRlc3Rjb29raWVxAlUGd29ya2VkcQNzLjIyMWYxYzk5Y2E1YWI4MjNmMzRiNjA3NDQ0\nNmI3ZTg5\n','2014-09-08 11:05:57'),('a287dbad2e08d1e8cd9d0ba993d28266','gAJ9cQFVCnRlc3Rjb29raWVxAlUGd29ya2VkcQNzLjIyMWYxYzk5Y2E1YWI4MjNmMzRiNjA3NDQ0\nNmI3ZTg5\n','2014-09-08 11:05:57'),('d86f222d260706c312cdb98a13a72895','gAJ9cQFVCnRlc3Rjb29raWVxAlUGd29ya2VkcQNzLjIyMWYxYzk5Y2E1YWI4MjNmMzRiNjA3NDQ0\nNmI3ZTg5\n','2014-09-08 11:05:57'),('451bdce212f0d0f25f436c8fb3c3025d','gAJ9cQFVCnRlc3Rjb29raWVxAlUGd29ya2VkcQNzLjIyMWYxYzk5Y2E1YWI4MjNmMzRiNjA3NDQ0\nNmI3ZTg5\n','2014-09-08 11:05:58'),('398edf2add3e431ac5aa58e2bfae9892','gAJ9cQFVCnRlc3Rjb29raWVxAlUGd29ya2VkcQNzLjIyMWYxYzk5Y2E1YWI4MjNmMzRiNjA3NDQ0\nNmI3ZTg5\n','2014-09-08 11:06:02'),('6a70e24c174c7e33c8fc6066a8710062','gAJ9cQFVCnRlc3Rjb29raWVxAlUGd29ya2VkcQNzLjIyMWYxYzk5Y2E1YWI4MjNmMzRiNjA3NDQ0\nNmI3ZTg5\n','2014-09-08 11:06:04'),('cc4985c5b54aeded1d58620c9fed4362','gAJ9cQFVCnRlc3Rjb29raWVxAlUGd29ya2VkcQNzLjIyMWYxYzk5Y2E1YWI4MjNmMzRiNjA3NDQ0\nNmI3ZTg5\n','2014-09-08 11:06:04'),('991399fa5222df41e9da97c415e288a7','gAJ9cQFVCnRlc3Rjb29raWVxAlUGd29ya2VkcQNzLjIyMWYxYzk5Y2E1YWI4MjNmMzRiNjA3NDQ0\nNmI3ZTg5\n','2014-09-08 11:06:04'),('51e8fc7ed88b784441754d14d2d048de','gAJ9cQFVCnRlc3Rjb29raWVxAlUGd29ya2VkcQNzLjIyMWYxYzk5Y2E1YWI4MjNmMzRiNjA3NDQ0\nNmI3ZTg5\n','2014-09-08 11:06:09'),('4d0cce7a9b00d5e6c0ba122ca34ef25f','gAJ9cQFVCnRlc3Rjb29raWVxAlUGd29ya2VkcQNzLjIyMWYxYzk5Y2E1YWI4MjNmMzRiNjA3NDQ0\nNmI3ZTg5\n','2014-09-08 11:06:09'),('16cc6f2786ea4b01e68fee3bda748e95','gAJ9cQFVCnRlc3Rjb29raWVxAlUGd29ya2VkcQNzLjIyMWYxYzk5Y2E1YWI4MjNmMzRiNjA3NDQ0\nNmI3ZTg5\n','2014-09-08 11:06:10'),('d94a18ace6e652c67e7c80f0bdcb445c','gAJ9cQFVCnRlc3Rjb29raWVxAlUGd29ya2VkcQNzLjIyMWYxYzk5Y2E1YWI4MjNmMzRiNjA3NDQ0\nNmI3ZTg5\n','2014-09-08 11:06:13'),('df8f943e7ad62deba5d48f6342aac822','gAJ9cQFVCnRlc3Rjb29raWVxAlUGd29ya2VkcQNzLjIyMWYxYzk5Y2E1YWI4MjNmMzRiNjA3NDQ0\nNmI3ZTg5\n','2014-09-08 11:06:14'),('59ebeb805826e93f719398d30477e7df','gAJ9cQFVCnRlc3Rjb29raWVxAlUGd29ya2VkcQNzLjIyMWYxYzk5Y2E1YWI4MjNmMzRiNjA3NDQ0\nNmI3ZTg5\n','2014-09-08 11:06:15'),('ce614fe103afb3221aaedd987df4e785','gAJ9cQFVCnRlc3Rjb29raWVxAlUGd29ya2VkcQNzLjIyMWYxYzk5Y2E1YWI4MjNmMzRiNjA3NDQ0\nNmI3ZTg5\n','2014-09-08 11:06:18'),('689d0a12ea53db438106408cf1998c29','gAJ9cQFVCnRlc3Rjb29raWVxAlUGd29ya2VkcQNzLjIyMWYxYzk5Y2E1YWI4MjNmMzRiNjA3NDQ0\nNmI3ZTg5\n','2014-09-08 11:06:18'),('a7ebdcbbf6d50beedfbd0866421f8b6a','gAJ9cQFVCnRlc3Rjb29raWVxAlUGd29ya2VkcQNzLjIyMWYxYzk5Y2E1YWI4MjNmMzRiNjA3NDQ0\nNmI3ZTg5\n','2014-09-08 11:06:18'),('ba89f27a7d2e6e6022eeb17d77b9964e','gAJ9cQFVCnRlc3Rjb29raWVxAlUGd29ya2VkcQNzLjIyMWYxYzk5Y2E1YWI4MjNmMzRiNjA3NDQ0\nNmI3ZTg5\n','2014-09-08 11:06:18'),('dbfad7ef808baef15b0af1b3742efacc','gAJ9cQFVCnRlc3Rjb29raWVxAlUGd29ya2VkcQNzLjIyMWYxYzk5Y2E1YWI4MjNmMzRiNjA3NDQ0\nNmI3ZTg5\n','2014-09-08 11:06:19'),('87a85d1d0c1d0b7d00d87ccc9b4271ea','gAJ9cQFVCnRlc3Rjb29raWVxAlUGd29ya2VkcQNzLjIyMWYxYzk5Y2E1YWI4MjNmMzRiNjA3NDQ0\nNmI3ZTg5\n','2014-09-08 11:06:20'),('44e6215fda306596959fbde61c953884','gAJ9cQFVCnRlc3Rjb29raWVxAlUGd29ya2VkcQNzLjIyMWYxYzk5Y2E1YWI4MjNmMzRiNjA3NDQ0\nNmI3ZTg5\n','2014-09-08 11:06:22'),('15a37a9b760988f4dcf81b3de81c80f7','gAJ9cQFVCnRlc3Rjb29raWVxAlUGd29ya2VkcQNzLjIyMWYxYzk5Y2E1YWI4MjNmMzRiNjA3NDQ0\nNmI3ZTg5\n','2014-09-08 11:06:24'),('4718b8cc3417cedd3935115e1e5aefca','gAJ9cQFVCnRlc3Rjb29raWVxAlUGd29ya2VkcQNzLjIyMWYxYzk5Y2E1YWI4MjNmMzRiNjA3NDQ0\nNmI3ZTg5\n','2014-09-08 11:06:25'),('04a4f80fae9cfc3eb695131b6b69dfef','gAJ9cQFVCnRlc3Rjb29raWVxAlUGd29ya2VkcQNzLjIyMWYxYzk5Y2E1YWI4MjNmMzRiNjA3NDQ0\nNmI3ZTg5\n','2014-09-08 11:06:25'),('043353f31ee23062f738b0e1f4bd3f51','gAJ9cQFVCnRlc3Rjb29raWVxAlUGd29ya2VkcQNzLjIyMWYxYzk5Y2E1YWI4MjNmMzRiNjA3NDQ0\nNmI3ZTg5\n','2014-09-08 11:06:25'),('77d242302c86279cda42243b7aff4732','gAJ9cQFVCnRlc3Rjb29raWVxAlUGd29ya2VkcQNzLjIyMWYxYzk5Y2E1YWI4MjNmMzRiNjA3NDQ0\nNmI3ZTg5\n','2014-09-08 11:06:25'),('13817f8747cc9ef4c8a3fe999b3b6e91','gAJ9cQFVCnRlc3Rjb29raWVxAlUGd29ya2VkcQNzLjIyMWYxYzk5Y2E1YWI4MjNmMzRiNjA3NDQ0\nNmI3ZTg5\n','2014-09-08 11:06:30'),('545055d7cc2894fdd5fb6162ba3be7fc','gAJ9cQFVCnRlc3Rjb29raWVxAlUGd29ya2VkcQNzLjIyMWYxYzk5Y2E1YWI4MjNmMzRiNjA3NDQ0\nNmI3ZTg5\n','2014-09-08 11:06:30'),('12cad4e512a7d17670599798551ad3b1','gAJ9cQFVCnRlc3Rjb29raWVxAlUGd29ya2VkcQNzLjIyMWYxYzk5Y2E1YWI4MjNmMzRiNjA3NDQ0\nNmI3ZTg5\n','2014-09-08 11:06:32'),('cf95b37488b42088f49abfac386f473f','gAJ9cQFVCnRlc3Rjb29raWVxAlUGd29ya2VkcQNzLjIyMWYxYzk5Y2E1YWI4MjNmMzRiNjA3NDQ0\nNmI3ZTg5\n','2014-09-08 11:06:32'),('4845394688c38bd67a5a7a62d2b58315','gAJ9cQFVCnRlc3Rjb29raWVxAlUGd29ya2VkcQNzLjIyMWYxYzk5Y2E1YWI4MjNmMzRiNjA3NDQ0\nNmI3ZTg5\n','2014-09-08 11:06:32'),('c6ba189a8585de3a05439c508034b2cc','gAJ9cQFVCnRlc3Rjb29raWVxAlUGd29ya2VkcQNzLjIyMWYxYzk5Y2E1YWI4MjNmMzRiNjA3NDQ0\nNmI3ZTg5\n','2014-09-08 11:06:36'),('e4356b184c3cb137610053efec6ae31b','gAJ9cQFVCnRlc3Rjb29raWVxAlUGd29ya2VkcQNzLjIyMWYxYzk5Y2E1YWI4MjNmMzRiNjA3NDQ0\nNmI3ZTg5\n','2014-09-08 11:06:36'),('36811a693c7b989625d3214cf29e1393','gAJ9cQFVCnRlc3Rjb29raWVxAlUGd29ya2VkcQNzLjIyMWYxYzk5Y2E1YWI4MjNmMzRiNjA3NDQ0\nNmI3ZTg5\n','2014-09-08 11:06:44'),('711633513c77ec6bb2676395261f4358','gAJ9cQFVCnRlc3Rjb29raWVxAlUGd29ya2VkcQNzLjIyMWYxYzk5Y2E1YWI4MjNmMzRiNjA3NDQ0\nNmI3ZTg5\n','2014-09-08 11:06:45'),('f0d0de78494f8e501aca1ab602932158','gAJ9cQFVCnRlc3Rjb29raWVxAlUGd29ya2VkcQNzLjIyMWYxYzk5Y2E1YWI4MjNmMzRiNjA3NDQ0\nNmI3ZTg5\n','2014-09-08 11:06:46'),('ca970f2e70438c786b323147b7e86b66','gAJ9cQFVCnRlc3Rjb29raWVxAlUGd29ya2VkcQNzLjIyMWYxYzk5Y2E1YWI4MjNmMzRiNjA3NDQ0\nNmI3ZTg5\n','2014-09-08 11:06:46'),('a0ae3c7307136f1fde3e8979bd62d2f3','gAJ9cQFVCnRlc3Rjb29raWVxAlUGd29ya2VkcQNzLjIyMWYxYzk5Y2E1YWI4MjNmMzRiNjA3NDQ0\nNmI3ZTg5\n','2014-09-08 11:06:53'),('bb6ba9b4f11b9db2e9ba26a58d78cc7f','gAJ9cQFVCnRlc3Rjb29raWVxAlUGd29ya2VkcQNzLjIyMWYxYzk5Y2E1YWI4MjNmMzRiNjA3NDQ0\nNmI3ZTg5\n','2014-09-08 11:06:56'),('b0923480f969263c022f9c5edc6f9867','gAJ9cQFVCnRlc3Rjb29raWVxAlUGd29ya2VkcQNzLjIyMWYxYzk5Y2E1YWI4MjNmMzRiNjA3NDQ0\nNmI3ZTg5\n','2014-09-08 11:06:59'),('e22c816430bdc502166df28b8fdd70a3','gAJ9cQFVCnRlc3Rjb29raWVxAlUGd29ya2VkcQNzLjIyMWYxYzk5Y2E1YWI4MjNmMzRiNjA3NDQ0\nNmI3ZTg5\n','2014-09-08 11:06:59'),('d1afcb2f89b427507f16e149f60df713','gAJ9cQFVCnRlc3Rjb29raWVxAlUGd29ya2VkcQNzLjIyMWYxYzk5Y2E1YWI4MjNmMzRiNjA3NDQ0\nNmI3ZTg5\n','2014-09-08 11:06:59'),('fa8cd19c37119c6a20732cad12201031','gAJ9cQFVCnRlc3Rjb29raWVxAlUGd29ya2VkcQNzLjIyMWYxYzk5Y2E1YWI4MjNmMzRiNjA3NDQ0\nNmI3ZTg5\n','2014-09-08 11:07:05'),('6b7e180e4e115de9cb349971e752b015','gAJ9cQFVCnRlc3Rjb29raWVxAlUGd29ya2VkcQNzLjIyMWYxYzk5Y2E1YWI4MjNmMzRiNjA3NDQ0\nNmI3ZTg5\n','2014-09-08 11:07:06'),('61c6caadfff622369538696a87c8d900','gAJ9cQEuNTlkYjZjNGEyMjliOTJmZWQ2NjBhYTVhY2I5NTQyNzk=\n','2014-10-04 22:48:28'),('f0523d9384f83bbe778fee588bb972a7','gAJ9cQFVCnRlc3Rjb29raWVxAlUGd29ya2VkcQNzLjIyMWYxYzk5Y2E1YWI4MjNmMzRiNjA3NDQ0\nNmI3ZTg5\n','2015-08-07 09:46:02'),('e96e6535ecbcaafadac5da07d94ab482','gAJ9cQEoVRJfYXV0aF91c2VyX2JhY2tlbmRxAlUpZGphbmdvLmNvbnRyaWIuYXV0aC5iYWNrZW5k\ncy5Nb2RlbEJhY2tlbmRxA1UNX2F1dGhfdXNlcl9pZHEEigEBdS5mM2U0OTZiOGU4YzgyMTAyYmEz\nMTk0N2JhYzFjMzI0ZQ==\n','2014-09-15 23:49:29'),('496b91f61fa9c2484b96f436f94cdfbb','gAJ9cQEuNTlkYjZjNGEyMjliOTJmZWQ2NjBhYTVhY2I5NTQyNzk=\n','2014-10-28 07:32:14'),('f040e7befa41b7243a8ad93c10e576e8','gAJ9cQFVCnRlc3Rjb29raWVxAlUGd29ya2VkcQNzLjIyMWYxYzk5Y2E1YWI4MjNmMzRiNjA3NDQ0\nNmI3ZTg5\n','2015-06-27 15:41:46'),('ae337d3568f485b5423c5466d8c03dd0','gAJ9cQEuNTlkYjZjNGEyMjliOTJmZWQ2NjBhYTVhY2I5NTQyNzk=\n','2015-06-27 15:46:06'),('8659efe69aa9876627d723e3a1d52b8f','gAJ9cQFVCnRlc3Rjb29raWVxAlUGd29ya2VkcQNzLjIyMWYxYzk5Y2E1YWI4MjNmMzRiNjA3NDQ0\nNmI3ZTg5\n','2015-08-06 07:45:45'),('a87ac8a9eed7025bae4cdd5e93d0a941','gAJ9cQFVCnRlc3Rjb29raWVxAlUGd29ya2VkcQNzLjIyMWYxYzk5Y2E1YWI4MjNmMzRiNjA3NDQ0\nNmI3ZTg5\n','2015-08-07 09:46:02'),('516b32b9a10994e73e16c768c201480b','gAJ9cQFVCnRlc3Rjb29raWVxAlUGd29ya2VkcQNzLjIyMWYxYzk5Y2E1YWI4MjNmMzRiNjA3NDQ0\nNmI3ZTg5\n','2015-08-07 10:41:42'),('f6dfc893df8329439d9b46394a52a92a','gAJ9cQFVCnRlc3Rjb29raWVxAlUGd29ya2VkcQNzLjIyMWYxYzk5Y2E1YWI4MjNmMzRiNjA3NDQ0\nNmI3ZTg5\n','2015-08-07 10:41:47'),('a5fe14a5b3c0b43c9fca96d7874ee05a','gAJ9cQFVCnRlc3Rjb29raWVxAlUGd29ya2VkcQNzLjIyMWYxYzk5Y2E1YWI4MjNmMzRiNjA3NDQ0\nNmI3ZTg5\n','2015-08-07 11:39:59'),('5f1cd0660db8c7dbd6794ec9aea5ce27','gAJ9cQFVCnRlc3Rjb29raWVxAlUGd29ya2VkcQNzLjIyMWYxYzk5Y2E1YWI4MjNmMzRiNjA3NDQ0\nNmI3ZTg5\n','2015-08-07 11:40:00'),('0339cc980cc7b5c7626cdf7f3f69f8cd','gAJ9cQFVCnRlc3Rjb29raWVxAlUGd29ya2VkcQNzLjIyMWYxYzk5Y2E1YWI4MjNmMzRiNjA3NDQ0\nNmI3ZTg5\n','2015-10-27 18:13:55'),('35fd2d751a7f7a578ab673a4bf94dd7e','gAJ9cQFVCnRlc3Rjb29raWVxAlUGd29ya2VkcQNzLjIyMWYxYzk5Y2E1YWI4MjNmMzRiNjA3NDQ0\nNmI3ZTg5\n','2015-12-11 10:10:09'),('1302fd2a6280cec0df91b20dd2cbdad9','gAJ9cQFVCnRlc3Rjb29raWVxAlUGd29ya2VkcQNzLjIyMWYxYzk5Y2E1YWI4MjNmMzRiNjA3NDQ0\nNmI3ZTg5\n','2015-12-29 20:35:44'),('aae2ec1cbc6f35601d1979ddc37a6a59','gAJ9cQFVCnRlc3Rjb29raWVxAlUGd29ya2VkcQNzLjIyMWYxYzk5Y2E1YWI4MjNmMzRiNjA3NDQ0\nNmI3ZTg5\n','2016-01-26 02:17:51'),('bc428843d2bfee49a362bae918729f50','gAJ9cQEuNTlkYjZjNGEyMjliOTJmZWQ2NjBhYTVhY2I5NTQyNzk=\n','2016-01-22 15:22:54'),('b71f392f221fcfbcda78ad7ffb19556d','gAJ9cQFVCnRlc3Rjb29raWVxAlUGd29ya2VkcQNzLjIyMWYxYzk5Y2E1YWI4MjNmMzRiNjA3NDQ0\nNmI3ZTg5\n','2016-01-25 18:51:11'),('1171d61b062a47bbda4a21d98fdb7c1a','gAJ9cQFVCnRlc3Rjb29raWVxAlUGd29ya2VkcQNzLjIyMWYxYzk5Y2E1YWI4MjNmMzRiNjA3NDQ0\nNmI3ZTg5\n','2016-01-26 02:40:43'),('48e3e2c7607ab39155f1fde353c26a60','gAJ9cQFVCnRlc3Rjb29raWVxAlUGd29ya2VkcQNzLjIyMWYxYzk5Y2E1YWI4MjNmMzRiNjA3NDQ0\nNmI3ZTg5\n','2016-01-26 03:41:07'),('2663a83fb6d968a0f8daef129855f3a7','gAJ9cQFVCnRlc3Rjb29raWVxAlUGd29ya2VkcQNzLjIyMWYxYzk5Y2E1YWI4MjNmMzRiNjA3NDQ0\nNmI3ZTg5\n','2016-01-26 03:56:48'),('14dcdac10cbb7e3f04c37de171e713b1','gAJ9cQFVCnRlc3Rjb29raWVxAlUGd29ya2VkcQNzLjIyMWYxYzk5Y2E1YWI4MjNmMzRiNjA3NDQ0\nNmI3ZTg5\n','2016-02-09 03:57:14'),('306b2047998fc9dbfdca87aa6ec51181','gAJ9cQEuNTlkYjZjNGEyMjliOTJmZWQ2NjBhYTVhY2I5NTQyNzk=\n','2016-02-07 22:14:52'),('8df41af06e0b43979a385a19f3f321ed','gAJ9cQFVCnRlc3Rjb29raWVxAlUGd29ya2VkcQNzLjIyMWYxYzk5Y2E1YWI4MjNmMzRiNjA3NDQ0\nNmI3ZTg5\n','2016-02-09 03:31:11'),('cf4741c8991ee355a95fd1d85e1505ff','gAJ9cQFVCnRlc3Rjb29raWVxAlUGd29ya2VkcQNzLjIyMWYxYzk5Y2E1YWI4MjNmMzRiNjA3NDQ0\nNmI3ZTg5\n','2016-02-09 04:28:42'),('35df2fe49fc3c48675842e5766a64d3e','gAJ9cQFVCnRlc3Rjb29raWVxAlUGd29ya2VkcQNzLjIyMWYxYzk5Y2E1YWI4MjNmMzRiNjA3NDQ0\nNmI3ZTg5\n','2016-02-09 05:16:19'),('e2362ee3d33788d798dc54899b82741f','gAJ9cQFVCnRlc3Rjb29raWVxAlUGd29ya2VkcQNzLjIyMWYxYzk5Y2E1YWI4MjNmMzRiNjA3NDQ0\nNmI3ZTg5\n','2016-02-09 05:31:34');
/*!40000 ALTER TABLE `django_session` ENABLE KEYS */;
UNLOCK TABLES;

--
-- Table structure for table `posts_category`
--

DROP TABLE IF EXISTS `posts_category`;
/*!40101 SET @saved_cs_client     = @@character_set_client */;
/*!40101 SET character_set_client = utf8 */;
CREATE TABLE `posts_category` (
  `id` int(11) NOT NULL AUTO_INCREMENT,
  `category_name` varchar(256) NOT NULL,
  `category_description` longtext NOT NULL,
  `category_heading` varchar(256) DEFAULT NULL,
  `category_content_header` longtext,
  PRIMARY KEY (`id`),
  UNIQUE KEY `category_name` (`category_name`)
) ENGINE=MyISAM AUTO_INCREMENT=7 DEFAULT CHARSET=latin1;
/*!40101 SET character_set_client = @saved_cs_client */;

--
-- Dumping data for table `posts_category`
--

LOCK TABLES `posts_category` WRITE;
/*!40000 ALTER TABLE `posts_category` DISABLE KEYS */;
INSERT INTO `posts_category` VALUES (1,'writing','all things written','I am moved by fancies that are curled  \r\nAround these images, and cling:  \r\nThe notion of some infinitely gentle  \r\nInfinitely suffering thing.','the written wrod.'),(2,'home','everything','Let me show you how it must be... This is how the story goes.',''),(3,'music','music related posts','You are the music while the music lasts','Category: music'),(4,'source','Source code etc.','Sourcery','Code snippets etc.'),(5,'about','about section','about',''),(6,'mine','my creative output :)','','my creative output :) ');
/*!40000 ALTER TABLE `posts_category` ENABLE KEYS */;
UNLOCK TABLES;

--
-- Table structure for table `posts_category_category_tags`
--

DROP TABLE IF EXISTS `posts_category_category_tags`;
/*!40101 SET @saved_cs_client     = @@character_set_client */;
/*!40101 SET character_set_client = utf8 */;
CREATE TABLE `posts_category_category_tags` (
  `id` int(11) NOT NULL AUTO_INCREMENT,
  `category_id` int(11) NOT NULL,
  `tag_id` int(11) NOT NULL,
  PRIMARY KEY (`id`),
  UNIQUE KEY `category_id` (`category_id`,`tag_id`),
  KEY `tag_id_refs_id_740adaa7` (`tag_id`)
) ENGINE=MyISAM AUTO_INCREMENT=339 DEFAULT CHARSET=latin1;
/*!40101 SET character_set_client = @saved_cs_client */;

--
-- Dumping data for table `posts_category_category_tags`
--

LOCK TABLES `posts_category_category_tags` WRITE;
/*!40000 ALTER TABLE `posts_category_category_tags` DISABLE KEYS */;
INSERT INTO `posts_category_category_tags` VALUES (288,3,8),(284,1,7),(285,1,28),(286,1,29),(287,1,31),(336,2,65),(335,2,63),(334,2,62),(333,2,61),(332,2,60),(331,2,59),(330,2,58),(329,2,57),(328,2,56),(327,2,55),(326,2,53),(325,2,51),(324,2,50),(323,2,49),(322,2,48),(321,2,47),(320,2,46),(319,2,45),(318,2,44),(317,2,43),(316,2,42),(315,2,41),(314,2,40),(313,2,39),(312,2,38),(311,2,37),(310,2,36),(309,2,35),(308,2,34),(307,2,33),(306,2,32),(305,2,31),(304,2,30),(303,2,29),(302,2,28),(293,4,67),(301,2,24),(294,4,53),(300,2,16),(299,2,11),(298,2,8),(297,2,7),(296,2,6),(289,3,6),(205,5,66),(295,2,4),(337,2,67),(338,6,4);
/*!40000 ALTER TABLE `posts_category_category_tags` ENABLE KEYS */;
UNLOCK TABLES;

--
-- Table structure for table `posts_post`
--

DROP TABLE IF EXISTS `posts_post`;
/*!40101 SET @saved_cs_client     = @@character_set_client */;
/*!40101 SET character_set_client = utf8 */;
CREATE TABLE `posts_post` (
  `id` int(11) NOT NULL AUTO_INCREMENT,
  `post_author` varchar(128) NOT NULL,
  `post_datetime` datetime NOT NULL,
  `post_heading` varchar(1024) NOT NULL,
  `post_content` longtext NOT NULL,
  `post_comments` longtext NOT NULL,
  `post_mime_type` varchar(256) NOT NULL,
  `post_url` varchar(1024) NOT NULL,
  `post_content_author` varchar(1024) DEFAULT NULL,
  PRIMARY KEY (`id`)
) ENGINE=MyISAM AUTO_INCREMENT=441 DEFAULT CHARSET=latin1;
/*!40101 SET character_set_client = @saved_cs_client */;

--
-- Dumping data for table `posts_post`
--

LOCK TABLES `posts_post` WRITE;
/*!40000 ALTER TABLE `posts_post` DISABLE KEYS */;
INSERT INTO `posts_post` VALUES (12,'nehar','2008-10-16 07:27:58','','The major sin is the sin of being born','','','beckett-the-major-sin','Samuel Beckett'),(13,'nehar','2008-10-16 07:29:17','','To-morrow, and to-morrow, and to-morrow,\r\nCreeps in this petty pace from day to day,\r\nTo the last syllable of recorded time;\r\nAnd all our yesterdays have lighted fools\r\nThe way to dusty death. Out, out, brief candle!\r\nLife\'s but a walking shadow, a poor player,\r\nThat struts and frets his hour upon the stage,\r\nAnd then is heard no more. It is a tale\r\nTold by an idiot, full of sound and fury,\r\nSignifying nothing. ','','','shakespear-tomorrow-and-tomorrow','Shakespear, \"Macbeth\"'),(14,'nehar','2008-10-19 22:06:53','','In the fight between you and the world, back the world.','','','kafka-back-the-world','Franz Kafka'),(19,'nehar','2008-10-19 10:50:46','','Well see what you wanna see. You should see it all.\r\nWell take what you want from me. You deserve it all.\r\nNine times out of ten our hearts just get dissolved.\r\nWell I want a better place or just a better way to fall.','','','modest-mouse-better-way-to-fall','Modest Mouse, \"Bukowski\"'),(15,'nehar','2008-10-16 07:47:51','','everything is a test.','','','everything-is-a-test',''),(16,'nehar','2008-10-16 07:48:43','','The first duty of a revolutionary is to get away with it.','','','fortune-hoffman-duty-of-a-revolutionary','Abbie Hoffman'),(17,'nehar','2008-10-16 07:49:35','','Life is one long struggle in the dark.','','','carus-life','Titus Lucretius Carus'),(18,'nehar','2008-10-16 07:50:31','','Were plucking the future from  the trees like ripe bananas and saying Here, the past, here is your banana of genius, now peel it and taste it  and watch out for tarantulas.','','','woot-bananas','woot.com'),(20,'nehar','2008-10-19 10:54:43','','Stand for something, or you will fall for nothing.','','','stallman-stand-for-something','Richard Stallman'),(21,'nehar','2008-10-19 10:58:45','','Fortune, on his damned quarrel smiling,\r\nShowed like a rebel\'s whore.','','','shakespeare-macbeth-fortune','Shakespear, \"Macbeth\"'),(22,'nehar','2008-10-19 11:00:14','','I\'ve lived to bury my desires,\r\nAnd see my dreams corrode with rust;\r\nNow all that\'s left are fruitless fires\r\nThat burn my empty heart to dust.','','','pushkin-empty-heart-to-dust','Aleksandr Pushkin'),(23,'nehar','2008-10-19 11:09:10','','I love all those who are heavy drops,\r\nfalling one by one out of the dark cloud\r\nthat hangs over men: they herald the\r\nadvent of lightning, and, as heralds,\r\nthey perish.','','','nietzche-heavy-drops','Friedrich Nietzche, \"Thus Spake Zarathustra\"'),(24,'nehar','2008-10-19 11:11:10','','Souvenirs we will have lest the dream may fade,\r\nThis song, a rose and - thoughts of the words we said.','','','fortune-souvenirs',''),(25,'nehar','2008-10-19 13:32:18','','Nothing ever goes  as you expect. Expect nothing, and  you will not be surprised. Expect nothing. Hope for nothing. Nothing.','','','jordan-nothing','Robert Jordan, \"Wheel of Time, Lord of Chaos\"'),(26,'nehar','2008-10-19 13:33:54','','The graveyards are full of indispensable men.','','','degaulle-indispensable-men','Charles de Gaulle'),(27,'nehar','2008-10-19 13:36:39','','We rode on the winds of the rising storm\r\nWe ran to the sounds of the thunder\r\nWe danced among the lightning bolts\r\nAnd tore the world asunder.','','','jordan-winds-of-the-rising-storm','Robert Jordan, \"Wheel of Time, Crossroads of Twilight\"'),(28,'nehar','2008-10-19 13:38:35','','No matter which way you ride, it\'s uphill and against the wind.','','','uphill-and-against-the-wind',''),(29,'nehar','2008-10-19 13:39:08','','Your actions, and your action alone, determines your worth.','','','waugh-your-actions-alone','Evelyn Waugh'),(30,'nehar','2008-10-19 13:39:59','','The consequences  of our actions  take us by  the scruff of  the neck, altogether  indifferent to  the fact  that we  have \"improved\"  in the meantime.','','','nietzsche-the-consequences-of-our-actions','Friedrich Nietzsche, \"Beyond Good or Evil\"'),(32,'nehar','2008-10-19 13:41:29','','Because I do,\r\nBecause I do not hope,\r\nBecause I do not hope to survive\r\nInjustice from the Palace, \r\ndeath from the air,\r\nBecause I do, only do,\r\nI continue...','','','pynchon-i-continue','T. S. Pynchon'),(33,'nehar','2008-10-19 13:42:26','','And here I wait so patiently\r\nWaiting to find out what price\r\nYou have to pay to get out of\r\nGoing through all of these things twice','','','bob-dylan-memphis-blues-again','Bob Dylan, \"Memphis Blues Again\" '),(34,'nehar','2008-10-19 13:46:17','','At once it  struck me what quality went to form  a man of achievement, especially   in  literature,  and which  Shakespeare   possessed  so enormously  -- I  mean negative  capability, that  is, when  a  man is capable  of being  in  uncertainties, mysteries,  doubts, without  any irritable reaching after fact and reason.','','','keats-at-once-it-struck-me','John Keats'),(35,'nehar','2008-10-19 13:47:19','','I drink to home, that is lost,\r\nTo evil life of mine,\r\nTo loneness in which were both,\r\nAnd to your future, fine, --\r\n\r\nTo lips by which I was betrayed,\r\nTo eyes that deathly cold,\r\nTo that that the world is bad and that\r\nWe were not saved by God.','','','anna-akhamatova-the-last-toast','Anna Akhamatova, \"The Last Toast\"'),(36,'nehar','2008-10-19 13:48:21','','I knew: the gods turned once, in their madness,\r\nMen into things, not killing humane senses.\r\nYou\'ve been turned in to my reminiscences\r\nTo make eternal the unearthly sadness.','','','anna-akhamatova-as-a-white-stone','Anna Akhamatova, \"As a White Stone...\"'),(37,'nehar','2008-10-19 13:52:51','','I alone have the key to this savage side show.','','','rimbaud-savage-sideshow','Arthur Rimbaud'),(38,'nehar','2008-10-19 13:53:19','','It\'s already two.\r\nNo doubt, you\'ve gone to sleep.\r\nIn the night\r\nThe Milky Way\r\nwith silver filigrees.\r\nI don\'t hurry,\r\nand there is no point in me\r\nwaking and disturbing you\r\nwith express telegrams.\r\n\r\nThe sea goes to weep.\r\nThe sea goes to sleep.\r\nAs they say,\r\nthe incident has petered out.\r\nThe love boat of life\r\nhas crashed on philistine reefs\r\nYou and I\r\nare quits.\r\nNo need to reiterate\r\nmutual injuries,\r\ntroubles\r\nand griefs.\r\n\r\nD\'you see,\r\nIn the world what a quiet sleeps.\r\nNight tributes the sky\r\nwith silver constellations.\r\nIn such an hour as this,\r\none rises and speaks\r\nto eras,\r\nhistory,\r\nand world creation.\r\n\r\nI know the power of words,\r\nI know words\' toxins.\r\nThey\'re not the kind applauded by the boxes.\r\nFrom words like these coffins burst from the earth\r\nand on their own four oaken legs stride forth.\r\nIt happens they reject you,\r\nunpublished, unprinted.\r\nBut saddle-girths tightening words gallop ahead.\r\nSee how the centuries ring and trains crawl\r\nto lick poetry\'s calloused hands.\r\nI know the power of words.\r\nSeeming trifles that fall\r\nlike petals beneath the heel-taps of dance.\r\nBut man with his soul, his lips, his bones.','','','mayakovsky-its-already-two','Vladimir Mayakovsky, \"unfinished poem from his suicide note\"'),(39,'nehar','2008-10-19 13:56:16','','Every Night and every Morn\r\nSome to Misery are born.\r\nEvery Morn and every Night\r\nSome are born to Sweet Delight,\r\nSome are born to Endless Night.','','','blake-endless-night','William Blake, \"Auguries of Innocence\"'),(40,'nehar','2008-10-19 13:57:05','','Drink to me only with thine eyes,\r\nAnd I will pledge with mine;\r\nOr leave a kiss but in the cup\r\nAnd I\'ll not look for wine.','','','ben-johnson-drink-to-me','Ben Johnson, \"To Celia\"'),(41,'nehar','2008-10-19 13:57:56','','But if you ever come to a road where danger\r\nOr guilt or anguish or shame\'s to share;\r\nBe good to the lad who loves you true,\r\nAnd the soul that was born to die for you\r\nAnd whistle and I\'ll be there.','','','housman-if-you-ever-come-to-a-road','A.E. Housman'),(42,'nehar','2008-10-19 13:58:47','','\"A power so great, it can only be used for Good or Evil!\"','','','fortune-firesign-theater-a-power-so-great','Firesign Theatre, \"The Giant Rat of Summatra\"'),(43,'nehar','2008-10-19 13:59:28','','A musician must  make music, an artist must paint,  a poet must write, if he is to be ultimately happy.  What a man can be, he must be.  This need we  may call  self-actualization....The specific form  that these needs will take will of course  vary greatly from person to person. In one  individual it may  take the  form of  the desire  to be  an ideal mother,  in another  it may  be expressed  athletically, and  in still another it  may be  expressed in painting  pictures or  in inventions.','','','maslow-self-actualization','Abraham Maslow'),(44,'nehar','2008-10-19 14:01:36','','Roses are red,\r\nViolets are blue,\r\nAll my base,\r\nAre belong to you!','','','roses-are-red',''),(45,'nehar','2008-10-19 14:01:57','','It  is  right  that he  too  should  have  his little  chronicle,  his\r\nmemories, his  reason, and be able  to recognize the good  in the bad,\r\nthe bad in  the worst, and so grow gently old  all down the unchanging\r\ndays and die one day like any other day, only shorter.','','','beckett-little-chronicle','Samuel Beckett, \"Malone Dies\"'),(46,'nehar','2008-10-19 14:04:38','','I\'m killing time, wasting space, and going through a phase.','','','killing-time-wasting-space',''),(47,'nehar','2008-10-19 14:05:30','','... Little knowing that whosoever takes unto himself a devil and goes out upon a quest, goes out upon a quest from which there is no returning - Nevermore.','','','wells-no-returning','H.G. Wells \"The Wild Asses of the Devil\"'),(48,'nehar','2008-10-19 14:06:52','','... indifference is a militant thing ... when it goes away it leaves smoking ruins, where lie citizens bayonetted through the throat.  It is not a children\'s pastime like mere highway robbery.','','','fortune-crane-indifference','Stephen Crane'),(49,'nehar','2008-10-19 14:08:11','','What we cannot speak about we must pass over in silence.','','','wittgenstein-silence','Wittgenstein'),(50,'nehar','2008-10-19 21:25:55','','There is an innocence in admiration; it is found in those to whom it\r\nhas not yet occurred that they, too, might be admired some day.','','','nietzsche-admiration','Friedrich Nietzsche'),(51,'nehar','2008-10-19 21:26:44','','You can make it illegal, but you can\'t make it unpopular.','','','fortune-make-it-illegal',''),(52,'nehar','2008-10-19 21:27:07','','Where there is much light there is also much shadow.','','','goethe-light-shadow','Goethe'),(53,'nehar','2008-10-19 21:27:36','','When we talk of tomorrow, the gods laugh.','','','fortune-the-gods-laugh',''),(54,'nehar','2008-10-19 21:28:14','','We are what we pretend to be.','','','vonnegut-pretend','Kurt Vonnegut, Jr.'),(55,'nehar','2008-10-19 21:29:02','','Sic transit gloria mundi.\r\n        [So passes away the glory of this world.]\r\n','','','fortune-kempis-glory-of-this-world','Thomas `a Kempis'),(56,'nehar','2008-10-19 21:29:37','','The only problem with seeing too much is that it makes you insane.\r\n','','','fortune-phaedrus-seeing-too-much','Phaedrus'),(57,'nehar','2008-10-19 21:30:20','','\"Life is too important to take seriously.\"\r\n','','','siegel-life','Corky Siegel'),(58,'nehar','2008-10-19 21:31:01','','Nullum magnum ingenium sine mixtura dementiae fuit.\r\n        [There is no great genius without some touch of madness.]','','','seneca-madness','Seneca'),(59,'nehar','2008-10-19 21:31:57','','If I cannot bend Heaven, I shall move Hell.','','','virgil-move-hell','Publius Vergilius Maro (Virgil)'),(60,'nehar','2008-10-19 21:32:28','','Si jeunesse savait, si vieillesse pouvait.\r\n        [If youth but knew, if old age but could.]\r\n\r\n','','','estienne-if-youth-but-knew','Henri Estienne'),(61,'nehar','2008-10-19 21:33:13','','The sirens  stand, as it  would seem,  to the ancient  and the modern,  for the impulses in life as yet immortalized, imperious longings, ecstasies, whether of love or art, or philosophy, magical voices  calling to a man from his \"Land of Heart\'s Desire,\" and  to which if he  hearken it maybe that he  will return no more -  voices, too, which, whether  a man sail  by or stay to  hearken, still sing on.','','','jane-harrison-the-sirens','Jane Harrison'),(62,'nehar','2008-10-19 21:35:02','','Cogito cogito ergo cogito sum --\r\n\"I think that I think, therefore I think that I am.\"\r\n','','','bierce-i-think-i-am','Ambrose Bierce, \"The Devil\'s Dictionary\"'),(63,'nehar','2008-10-19 21:35:47','','All things being equal, you are bound to lose.','','','fortune-all-things-being-equal',''),(64,'nehar','2008-10-19 21:36:12','','Call on God, but row away from the rocks.','','','fortune-call-on-god','Indian Proverb'),(65,'nehar','2008-10-19 21:36:45','','Ad astra per aspera.\r\n        [To the stars by aspiration.]','','','fortune-to-the-stars',''),(66,'nehar','2008-10-19 21:37:10','','Which is worse: ignorance or apathy?  Who knows?  Who cares?','','','fortune-which-is-worse',''),(67,'nehar','2008-10-19 21:37:45','','True to our past we work with an inherited, observed, and accepted vision of personal futility, and of the beauty of the world.','','','mamet-true-to-our-past','David Mamet'),(68,'nehar','2008-10-19 21:41:36','','Tis man\'s perdition to be safe, when for the truth he ought to die.','','','emerson-mans-perdition','Ralph Waldo Emerson'),(69,'nehar','2008-10-19 21:50:52','','Someday, Weederman, we\'ll look back on all this and laugh... It will probably be one of those deep, eerie ones that slowly builds to a blood-curdling maniacal scream... but still it will be a laugh.','','','fortune-boffo-someday','Mister Boffo'),(70,'nehar','2008-10-19 21:51:25','','Sailors on ships, sail on!  Even while we died, others rode out the storm.','','','fortune-sailors-on-ships',''),(71,'nehar','2008-10-19 21:55:15','','Onward through the fog.','','','fortune-onward-through-the-fog',''),(72,'nehar','2008-10-19 21:55:52','','Non-Determinism is not meant to be reasonable.','','','odonnell-non-determinism','M.J. 0\'Donnell'),(73,'nehar','2008-10-19 21:56:22','','No matter how cynical you get, it\'s impossible to keep up.','','','tomlin-cynical','Lily Tomlin'),(74,'nehar','2008-10-19 21:58:13','','Imagination is the one weapon in the war against reality.','','','gaultier-imagination','Jules de Gaultier'),(75,'nehar','2008-10-19 21:59:17','','If you are going to walk on thin ice, you may as well dance.','','','fortune-thin-ice',''),(76,'nehar','2008-10-19 21:59:49','','If I love you, what business is it of yours?','','','goethe-what-business','Goethe'),(77,'nehar','2008-10-19 22:00:34','','God is Dead.\r\n                -- Nietzsche\r\nNietzsche is Dead.\r\n                -- God\r\nNietzsche is God.\r\n                -- Dead','','','fortune-god-nietzsche-dead',''),(78,'nehar','2008-10-19 22:01:01','','From a certain point onward there is no longer any turning back. That is the point that must be reached.','','','kafka-point-of-no-return','Franz Kafka'),(79,'nehar','2008-10-19 22:03:04','','Atlas was permitted the opinion that he was at liberty, if he wished, to drop the Earth and creep away; but this opinion was all that he was permitted. ','','','kafka-atlas-opinion','Franz Kafka'),(80,'nehar','2008-10-19 22:10:26','','Flame on!','','','johnny-storm-flame-on','Johnny Storm'),(81,'nehar','2008-10-19 22:11:01','','Every word is like an unnecessary stain on silence and nothingness.','','','beckett-stain','Samuel Beckett'),(82,'nehar','2008-10-19 22:13:19','','Chaos is King and Magic is loose in the world.','','','fortune-chaos-is-king',''),(83,'nehar','2008-10-19 22:17:35','','\"Necessity is the plea of every infringement of human freedom. It is the argument of tyrants; it is the creed of slaves.\"\r\n ','','','pitt-necessity','William Pitt'),(84,'nehar','2008-10-19 22:18:22','','\"Just because I don\'t care doesn\'t mean I don\'t understand.\"','\r\n','','simpsons-just-because','Homer Simpson'),(85,'nehar','2008-10-19 22:19:20','','\"Civilization is just a temporary failure of entropy.\"','','','nelson-civilization-entropy','Christine Nelson'),(86,'nehar','2008-10-19 22:22:18','','\"In the Beginning there was nothing, which exploded.\"\r\n','','','pratchett-lords-and-ladies-in-the-beginning','Terry Pratchett, \"Lords and Ladies\"'),(87,'nehar','2008-10-19 22:33:19','','You never have to change anything you got up in the middle of the night to write.','','','saul-bellow-never-have-to-change','Saul Bellow'),(88,'nehar','2008-10-19 22:33:59','','You may my glories and my state dispose,\r\nBut not my griefs; still am I king of those.','','','shakespeare-richard-second-king-of-those','William Shakespeare, \"Richard II\"'),(89,'nehar','2008-10-19 22:35:33','','\"...The name of the song is called \'Haddocks\' Eyes\'!\"\r\n\"Oh, that\'s the name of the song, is it?\" Alice said, trying to\r\nfeel interested.\r\n        \"No, you don\'t understand,\" the Knight said, looking a little\r\nvexed.  \"That\'s what the name is called.  The name really is, \'The Aged\r\nAged Man.\'\"\r\n        \"Then I ought to have said \"That\'s what the song is called\'?\"\r\nAlice corrected herself.\r\n        \"No, you oughtn\'t: that\'s quite another thing!  The song is\r\ncalled \'Ways and Means\':  but that\'s only what it is called you know!\"\r\n        \"Well, what is the song then?\" said Alice, who was by this\r\ntime completely bewildered.\r\n        \"I was coming to that,\" the Knight said.  \"The song really is\r\n\"A-sitting on a Gate\": and the tune\'s my own invention.\"','','','lewis-carrol-through-the-looking-glass','Lewis Carroll, \"Through the Looking Glass\"'),(90,'nehar','2008-10-19 22:36:26','','Things past redress and now with me past care.\r\n','','','shakespeare-richard-second-past-care','William Shakespeare, \"Richard II\"'),(91,'nehar','2008-10-19 22:38:15','','The lunatic, the lover, and the poet,\r\nAre of imagination all compact...','','','shakespeare-midsummer-nights-dream-compact','William Shakespeare, \"A Midsummer Night\'s Dream\"'),(92,'nehar','2008-10-19 22:39:42','','The bay-trees in our country are all wither\'d\r\nAnd meteors fright the fixed stars of heaven;\r\nThe pale-faced moon looks bloody on the earth\r\nAnd lean-look\'d prophets whisper fearful change.\r\nThese signs forerun the death or fall of kings.','','','shakespeare-richard-second-fall-of-kings','William Shakespeare, \"Richard II\"'),(93,'nehar','2008-10-19 22:40:04','','Swerve me?  The path to my fixed purpose is laid with iron rails, whereon my soul is grooved to run. Over unsounded gorges, through the rifled hearts of mountains, under torrents\' beds, unerringly I rush!\r\n','','','melville-moby-dick-swerve-me','Herman Melville \"Captain Ahab, Moby Dick\"'),(94,'nehar','2008-10-19 22:43:04','','\"Speak, thou vast and venerable head,\" muttered Ahab, \"which, though ungarnished with a beard, yet here and there lookest hoary with mosses; speak, mighty head, and tell us the secret thing that is in thee.  Of all divers, thou has dived the deepest.  That head upon which the upper sun now gleams has moved amid the world\'s foundations.  Where unrecorded names and navies rust, and untold hopes and anchors rot; where in her murderous hold this frigate earth is ballasted with bones of millions of the drowned; there, in that awful water-land, there was thy most familiar home.  Thou hast been where bell or diver never went; has slept by many a sailer\'s side, where sleepless mothers would give their lives to lay them down. Thou saw\'st the locked lovers when leaping from their flaming ship; heart to heart they sank beneath the exulting wave; true to each other, when heaven seemed false to them.  Thou saw\'st the murdered mate when tossed by pirates from the midnight deck; for hours he fell into the deeper midnight of the insatiate maw; and his murderers still sailed on unharmed -- while swift lightnings shivered the neighboring ship that would have borne a righteous husband to outstretched, longing arms.  O head! thou has seen enough to split the planets and make an infidel of Abraham, and not one syllable is thine!\"','','','melville-moby-dick-speak','Herman Melville, \"Moby Dick\"'),(95,'nehar','2008-10-19 22:44:48','','Seeing that death, a necessary end,\r\nWill come when it will come.\r\n','','','shakespeare-caesar-a-necessary-end','William Shakespeare, \"Julius Caesar\"'),(96,'nehar','2008-10-19 22:45:18','','*ROMEO:* Courage, man; the hurt cannot be much.\r\n*MERCUTIO:* No, \'tis not so deep as a well, nor so wide as a church-door; but \'tis enough, \'twill serve.','','','shakespeare-romeo-juliet-twill-serve','William Shakespeare, \"Romeo and Juliet\"'),(97,'nehar','2008-10-19 22:46:57','','For the fashion of Minas Tirith was such that it was built on seven levels, each delved into a hill, and about each was set a wall, and in each wall was a gate.','[Quoted in \"VMS Internals and Data Structures\", V4.4, when referring to system overview.]','','fortune-tolkein-fashion-of-minas-tirith','J.R.R. Tolkien, \"The Return of the King\"'),(98,'nehar','2008-10-19 22:49:40','','All I know is what the words know, and dead things, and that makes a handsome little sum, with a beginning and a middle and an end, as in the well-built phrase and the long sonata of the dead.','','','beckett-sonata-of-the-dead','Samuel Beckett'),(99,'nehar','2008-10-19 22:51:05','','\"...\'fire\' does not matter, \'earth\' and \'air\' and \'water\' do not matter.  \'I\' do not matter.  No word matters. But man forgets reality and remembers words.  The more words he remembers, the cleverer do his fellows esteem him. He looks upon the great transformations of the world, but he does not see them as they were seen when man looked upon reality for the first time. Their names come to his lips and he smiles as he tastes them, thinking he knows them in the naming.\"\r\n','','','zelazny-lord-of-light-knowing','Roger Zelazny - Siddartha, \"Lord of Light\"'),(100,'nehar','2008-10-19 22:51:54','','\"Don\'t talk to me about disclaimers!  I invented disclaimers!\"','','','fortune-disclaimers','The Censored Hacker'),(101,'nehar','2008-10-19 22:53:03','','On the subject of C program indentation:\r\n\"In My Egotistical Opinion, most people\'s C programs should be indented\r\n six feet downward and covered with dirt.\"','','','fortune-c-indentation','Blair P. Houghton'),(102,'nehar','2008-10-19 22:54:01','','\"Jesus saves...but Gretzky gets the rebound!\"','','','fortune-jesus-saves',''),(103,'nehar','2008-10-19 22:55:32','','\"Who alone has reason to *lie himself out* of actuality?  He who *suffers* from it.\"','','','nietzsche-actuality','Friedrich Nietzsche'),(104,'nehar','2008-10-19 22:55:59','','\"The voters have spoken, the bastards...\"','','','fortune-voters',''),(105,'nehar','2008-10-19 22:56:43','','\"The good Christian should beware of mathematicians and all those who make empty prophecies.  The danger already exists that mathematicians have made a covenant with the devil to darken the spirit and confine man in the bonds of Hell.\"','it wasn\'t meant as a joke either.','','fortune-augustine-mathematician','Saint Augustine'),(106,'nehar','2008-10-19 22:58:19','','SHOP OR DIE, people of Earth!\r\n[offer void where prohibited]','','','fortune-shop-or-die','Capitalists from outer space, from Justice League Int\'l comics'),(107,'nehar','2008-10-19 22:59:31','','\"Whoever undertakes to set himself up as a judge of Truth and Knowledge is shipwrecked by the laughter of the gods.\"','','','fortune-laughter-of-the-gods','Albert Einstein'),(108,'nehar','2008-10-19 22:59:58','','\"The triumph of libertarian anarchy is nearly (in historical terms) at hand... *if* we can keep the Left from selling us into slavery and the Right from blowing us up for, say, the next twenty years.\"','','','fortune-libertarian-anarchy','Eric Rayman, usenet guy, about nanotechnology'),(109,'nehar','2008-10-19 23:00:53','','No one is fit to be trusted with power. ... No one. ... Any man who has lived at all knows the follies and wickedness he\'s capabe of. ... And if he does know it, he knows also that neither he nor any man ought to be allowed to decide a single human fate.\r\n','','','snow-light-and-dark','C. P. Snow, \"The Light and the Dark\"'),(110,'nehar','2008-10-19 23:01:15','','We have art that we do not die of the truth.','','','nietzche-art','Friedrich Nietzche'),(111,'nehar','2008-10-19 23:01:55','','Wear me as a seal upon your heart, as a seal upon your arm; for love is strong as death, passion cruel as the grave; it blazes up like blazing fire, fiercer than any flame.','','','song-of-solomon','[Song of Solomon 8:6 (NEB)]'),(112,'nehar','2008-10-19 23:03:02','','Perhaps no person can be a poet, or even enjoy poetry without a certain unsoundness of mind.\r\n','','','macaulay-poetry','Thomas Macaulay'),(113,'nehar','2008-10-19 23:03:33','','I went to a Grateful Dead Concert and they played for SEVEN hours.  Great song.','','','fortune-reuss-grateful-dead','Fred Reuss'),(114,'nehar','2008-10-19 23:04:22','','I believe that the moment is near when by a procedure of active paranoiac thought, it will be possible to systematize confusion and contribute to the total discrediting of the world of reality.','','','dali-confusion','Salvador Dali'),(115,'nehar','2008-10-19 23:04:52','','Holy Dilemma!  Is this the end for the Caped Crusader and the Boy Wonder?\r\nWill the Joker and the Riddler have the last laugh?\r\n\r\n        Tune in again tomorrow:\r\n        same Bat-time, same Bat-channel!\r\n','\r\n','','fortune-batman',''),(116,'nehar','2008-10-19 23:05:52','','And he climbed with the lad up the Eiffelberg Tower.\r\n\"This,\" cried the Mayor, \"is your town\'s darkest hour!\r\nThe time for all Whos who have blood that is red\r\nto come to the aid of their country!\" he said.\r\n\"We\'ve GOT to make noises in greater amounts!\r\nSo, open your mouth, lad!  For every voice counts!\"\r\nThus he spoke as he climbed.  When they got to the top,\r\nthe lad cleared his throat and he shouted out, \"YOPP!\"\r\nAnd that Yopp...  That one last small, extra Yopp put it over!\r\nFinally, at last!  From the speck on that clover\r\ntheir voices were heard! They rang out clear and clean.\r\nAnd the elephant smiled.  \"Do you see what I mean?\r\n\"They\'ve proved they ARE persons, no matter how small.\r\nAnd their whole world was saved by the smallest of All!\"\r\n\"How true!  Yes, how true,\" said the big kangaroo.\r\n\"And, from now on, you know what I\'m planning to do?\r\nFrom now on, I\'m going to protect them with you!\"\r\nAnd the young kangaroo in her pouch said, \"ME TOO!\r\nFrom the sun in the summer.  From rain when it\'s fall-ish,\r\nI\'m going to protect them.  No matter how small-ish!\"','','','dr-seuss-horton-hears-a-hoo','Dr. Seuss \"Horton Hears a Who\"'),(117,'nehar','2008-10-19 23:06:31','','Who made the world I cannot tell;\r\n\'Tis made, and here am I in hell.\r\nMy hand, though now my knuckles bleed,\r\nI never soiled with such a deed.','','','housman-who-made-the-world','A.E. Housman'),(118,'nehar','2008-10-19 23:07:03','','You\'ll always be,\r\nWhat you always were,\r\nWhich has nothing to do with,\r\nAll to do, with her.','','','fortune-youll-always-be','Bad Company'),(119,'nehar','2008-10-19 23:07:54','','While I nodded, nearly napping, suddenly there came a tapping,\r\nAs of some one gently rapping, rapping at my chamber door.\r\n                -- Edgar Allan Poe, \"The Raven\"\r\n\r\n        [Quoted in \"VMS Internals and Data Structures\", V4.4, when\r\n         referring to hardware interrupts.]\r\n\r\nAnd now I see with eye serene\r\nThe very pulse of the machine.\r\n                -- William Wordsworth, \"She Was a Phantom of Delight\"\r\n\r\n        [Quoted in \"VMS Internals and Data Structures\", V4.4, when\r\n         referring to software interrupts.]','','','fortune-while-i-nodded',''),(120,'nehar','2008-10-19 23:08:47','','What, still alive at twenty-two,\r\nA clean upstanding chap like you?\r\nSure, if your throat \'tis hard to slit,\r\nSlit your girl\'s, and swing for it.\r\nLike enough, you won\'t be glad,\r\nWhen they come to hang you, lad:\r\nBut bacon\'s not the only thing\r\nThat\'s cured by hanging from a string.\r\nSo, when the spilt ink of the night\r\nSpreads o\'er the blotting pad of light,\r\nLads whose job is still to do\r\nShall whet their knives, and think of you.','','','hugh-kingsmill-still-alive-at-twenty-two','Hugh Kingsmill'),(121,'nehar','2008-10-19 23:09:32','','Whether you can hear it or not, The Universe is laughing behind your back.','','','deteriorata-laughing-behind-your-back','National Lampoon, \"Deteriorata\"'),(122,'nehar','2008-10-19 23:10:03','','When oxygen Tech played Hydrogen U.\r\nThe Game had just begun,\r\n when Hydrogen scored two fast points\r\nAnd Oxygen still had none\r\nThen Oxygen scored a single goal\r\nAnd thus it did remain,\r\nAt Hydrogen 2 and Oxygen 1\r\nCalled because of rain.\r\n','','','fortune-eh-two-oh',''),(123,'nehar','2008-10-19 23:10:43','','What awful irony is this?\r\nWe are as gods, but know it not.','','','fortune-we-are-as-gods',''),(124,'nehar','2008-10-19 23:11:40','','Time washes clean\r\nLove\'s wounds unseen.\r\nThat\'s what someone told me;\r\nBut I don\'t know what it means.','','','ronstadt-time-washes-clean','Linda Ronstadt, \"Long Long Time\"'),(125,'nehar','2008-10-19 23:12:21','','Well, some take delight in the carriages a-rolling,\r\nAnd some take delight in the hurling and the bowling,\r\nBut I take delight in the juice of the barley,\r\nAnd courting pretty fair maids in the morning bright and early.','','','whiskey-in-the-jar',''),(126,'nehar','2008-10-19 23:12:59','','Three Rings for the Elven-kings under the sky,\r\nSeven for the Dwarf-lords in their halls of stone,\r\nNine for Mortal Men doomed to die,\r\nOne for the Dark Lord on his dark throne\r\nIn the Land of Mordor where the Shadows lie.\r\nOne Ring to rule them all, One Ring to find them,\r\nOne Ring to bring them all and in the darkness bind them\r\nIn the Land of Mordor where the Shadows lie.','','','tolkein-one-ring','J.R.R. Tolkien, \"The Lord of the Rings\"'),(127,'nehar','2008-10-19 23:15:38','','Thinks\'t thou existence doth depend on time?\r\nIt doth; but actions are our epochs; mine\r\nHave made my days and nights imperishable,\r\nEndless, and all alike, as sands on the shore,\r\nInnumerable atoms; and one desert,\r\nBarren and cold, on which the wild waves break,\r\nBut nothing rests, save carcasses and wrecks,\r\nRocks, and the salt-surf weeds of bitterness.','','','shakespeare-thinkst-thou','Shakespeare'),(128,'nehar','2008-10-19 23:16:33','','There\'s little in taking or giving,\r\n        There\'s little in water or wine:\r\nThis living, this living, this living,\r\n        Was never a project of mine.\r\nOh, hard is the struggle, and sparse is\r\n        The gain of the one at the top,\r\nFor art is a form of catharsis,\r\n        And love is a permanent flop,\r\nAnd work is the province of cattle,\r\n        And rest\'s for a clam in a shell,\r\nSo I\'m thinking of throwing the battle --\r\n        Would you kindly direct me to hell?\r\n','','','dorothy-parker-direct-me-to-hell','Dorothy Parker'),(129,'nehar','2008-10-19 23:18:17','','This is the way the world ends,\r\nThis is the way the world ends,\r\nThis is the way the world ends,\r\nNot with a bang but with a whimper.\r\n','','','tseliot-this-is-the-way-the-world-ends','T.S. Eliot, \"The Hollow Men\"'),(130,'nehar','2008-10-19 23:19:32','','There is in certain living souls\r\nA quality of loneliness unspeakable,\r\nSo great it must be shared\r\nAs company is shared by lesser beings.\r\nSuch a loneliness is mine; so know by this\r\nThat in immensity\r\nThere is one lonelier than you.','google for this - you can read it online.','','sturgeon-lonlier-than-you','Theodore Sturgeon, \"A Saucer of Loneliness\"'),(131,'nehar','2008-10-19 23:20:05','','The soldier came knocking upon the queen\'s door.\r\nHe said, \"I am not fighting for you any more.\"\r\nThe queen knew she had seen his face someplace before,\r\nAnd slowly she let him inside.\r\n\r\nHe said, \"I see you now, and you\'re so very young,\r\nBut I\'ve seen more battles lost than I have battles won,\r\nAnd I have this intuition that it\'s all for your fun.\r\nAnd now will you tell me why?\"','','','the-queen-and-the-soldier','Suzanne Vega, \"The Queen and The Soldier\"'),(132,'nehar','2008-10-19 23:20:48','','There is something in the pang of change More than the heart can bear, Unhappiness remembering happiness.','','','euripides-pang-of-change','Euripides'),(133,'nehar','2008-10-19 23:21:17','','The Road goes ever on and on\r\nDown from the door where it began.\r\nNow far ahead the Road has gone,\r\nAnd I must follow, if I can,\r\nPursuing it with eager feet,\r\nUntil it joins some larger way\r\nWhere many paths and errands meet.\r\nAnd whither then?  I cannot say.','','','tolkein-the-road-goes-ever-on-and-on','J. R. R. Tolkien'),(134,'nehar','2008-10-19 23:33:21','','The Moving Finger writes; and, having writ,\r\n        Moves on: nor all thy Piety nor Wit\r\nShall lure it back to cancel half a Line,\r\n        Nor all thy Tears wash out a Word of it.','','','the-moving-finger-writes',''),(135,'nehar','2008-10-19 23:34:19','','The bank called to tell me that I\'m overdrawn,\r\nSome freaks are burning crosses out on my front lawn,\r\nAnd I *can\'t believe* it, all the Cheetos are gone,\r\nIt\'s just ONE OF THOSE DAYS!\r\n','','','weird-al-yankovic-one-of-those-days','Weird Al Yankovic, \"One of Those Days\"'),(136,'nehar','2008-10-19 23:35:39','','Tell me why the stars do shine,\r\nTell me why the ivy twines,\r\nTell me why the sky\'s so blue,\r\nAnd I will tell you just why I love you.\r\n\r\n          Nuclear fusion makes stars to shine,\r\n          Phototropism makes ivy twine,\r\n          Rayleigh scattering makes sky so blue,\r\n          Sexual hormones are why I love you.','','','fortune-tell-me-why-the-stars-do-shine',''),(137,'nehar','2008-10-19 23:36:24','','Snow-white!  Snow-white!  O Lady clear!\r\nO Queen beyond the Western Sea!\r\nO Light to us that wander here\r\nAmid the world of woven trees!\r\n   \r\nGilthoniel!  O Elbereth!\r\nClear are thy eyes and bright thy breath!\r\nSnow-white!  Snow-white!  We sing to thee\r\nIn a far land beyond the Sea.\r\n\r\nO stars that in the Sunless Year\r\nWith shining hand by her were sown,\r\nIn windy fields now bright and clear\r\nWe see you silver blossom blown!\r\n\r\nO Elbereth!  Gilthoniel!\r\nWe still remember, we who dwell\r\nIn this far land beneath the trees,\r\nThy starlight on the Western Seas.','','','tolkein-we-still-remember','J. R. R. Tolkien'),(138,'nehar','2008-10-19 23:36:45','','Seduced, shaggy Samson snored.\r\nShe scissored short.  Sorely shorn,\r\nSoon shackled slave, Samson sighed,\r\nSilently scheming,\r\nSightlessly seeking\r\nSome savage, spectacular suicide.','','','stanislaw-lem-seduced-shaggy-samson','Stanislaw Lem, \"Cyberiad\"'),(139,'nehar','2008-10-19 23:37:23','','Remove me from this land of slaves,\r\nWhere all are fools, and all are knaves,\r\nWhere every knave and fool is bought,\r\nYet kindly sells himself for nought.','','','swift-remove-me-from-this-land','Jonathan Swift'),(140,'nehar','2008-10-19 23:38:42','','Remember thee\r\nAy, thou poor ghost while memory holds a seat\r\nIn this distracted globe.  Remember thee!\r\nYea, from the table of my memory\r\nI\'ll wipe away all trivial fond records,\r\nAll saws of books, all forms, all pressures past,\r\nThat youth and observation copied there.','','','shakespeare-hamlet-remember-thee','William Shakespeare, \"Hamlet\"'),(141,'nehar','2008-10-19 23:39:20','','Reach into the thoughts of friends,\r\nAnd find they do not know your name.\r\nSqueeze the teddy bear too tight,\r\nAnd watch the feathers burst the seams.\r\nTouch the stained glass with your cheek,\r\nAnd feel its chill upon your blood.\r\nHold a candle to the night,\r\nAnd see the darkness bend the flame.\r\nTear the mask of peace from God,\r\nAnd hear the roar of souls in hell.\r\nPluck a rose in name of love,\r\nAnd watch the petals curl and wilt.\r\nLean upon the western wind,\r\nAnd know you are alone.','','','dru-mims-know-you-are-alone','Dru Mims'),(142,'nehar','2008-10-19 23:40:15','','Oh, I have slipped the surly bonds of earth,\r\nAnd danced the skies on laughter silvered wings;\r\nSunward I\'ve climbed and joined the tumbling mirth\r\nOf sun-split clouds and done a hundred things\r\nYou have not dreamed of --\r\nWheeled and soared and swung\r\nHigh in the sunlit silence.\r\nHovering there\r\nI\'ve chased the shouting wind along and flung\r\nMy eager craft through footless halls of air.\r\nUp, up along delirious, burning blue\r\nI\'ve topped the wind-swept heights with easy grace,\r\nWhere never lark, or even eagle flew;\r\nAnd, while with silent, lifting mind I\'ve trod\r\nThe high untrespassed sanctity of space,\r\nPut out my hand, and touched the face of God.','','','fortune-i-have-slipped-the-surly-bonds','John Gillespie Magee Jr., \"High Flight\"'),(143,'nehar','2008-10-19 23:40:40','','O slender as a willow-wand!  O clearer than clear water!\r\nO reed by the living pool!  Fair river-daughter!\r\nO spring-time and summer-time, and spring again after!\r\nO wind on the waterfall, and the leaves\' laughter!','','','tolkein-o-slender-as-a-willow-wand','J. R. R. Tolkien'),(144,'nehar','2008-10-19 23:41:11','','Now I lay me down to study,\r\nI pray the Lord I won\'t go nutty.\r\nAnd if I fail to learn this junk,\r\nI pray the Lord that I won\'t flunk.\r\nBut if I do, don\'t pity me at all,\r\nJust lay my bones in the study hall.\r\nTell my teacher I\'ve done my best,\r\nThen pile my books upon my chest.','','','fortune-now-i-lay-me-down',''),(145,'nehar','2008-10-19 23:41:45','','My pen is at the bottom of a page,\r\nWhich, being finished, here the story ends;\r\n\'Tis to be wished it had been sooner done,\r\nBut stories somehow lengthen when begun.','','','byron-my-pen','Byron'),(146,'nehar','2008-10-19 23:42:29','','Love, which is quickly kindled in a gentle heart,\r\n        seized this one for the fair form\r\n        that was taken from me-and the way of it afflicts me still.\r\nLove, which absolves no loved one from loving,\r\n        seized me so strongly with delight in him,\r\n        that, as you see, it does not leave me even now.\r\nLove brought us to one death.','','','dante-love-brought-us-to-one-death','Dante Alighieri, \"La Divina Commedia: Inferno V, vv. 100-06\"'),(147,'nehar','2008-10-19 23:43:28','','O love, could thou and I with fate conspire\r\nTo grasp this sorry scheme of things entire,\r\nMight we not smash it to bits\r\nAnd mould it closer to our hearts\' desire?','','','omar-khyyam-could-you-and-i-with-fate-conspire','Omar Khayyam, \" translation FitzGerald\"'),(148,'nehar','2008-10-19 23:44:16','','Lighten up, while you still can,\r\nDon\'t even try to understand,\r\nJust find a place to make your stand,\r\nAnd take it easy.','','','eagles-take-it-easy','The Eagles, \"Take It Easy\"'),(149,'nehar','2008-10-19 23:44:49','','The story of the butterfly:\r\n\"I was in Bogota and waiting for a lady friend. I was in love, a long time ago. I waited three days. I was hungry but could not go out for food, lest she come and I not be there to greet her. Then, on the third day, I heard a knock.\" \"I hurried along the old passage and there, in the sunlight, there was nothing.\" \"Just,\" Vance Joy said, \"a butterfly, flying away.\"','','','fortune-peter-carey-bliss','Peter Carey, BLISS'),(150,'nehar','2008-10-19 23:45:46','','Let us go, through certain half-deserted streets,\r\nThe muttering retreats\r\nOf restless nights in one-night cheap hotels\r\nAnd sawdust restaurants with oyster-shells:\r\nStreets that follow like a tedious argument\r\nOf insidious intent\r\nTo lead you to an overwhelming question...\r\nOh, do not ask, \"What is it?\"','','','tseliot-let-us-go','T.S. Eliot, \"Love song of J. Alfred Prufrock\"'),(151,'nehar','2008-10-19 23:46:33','','I must Create a System, or be enslav\'d by another Man\'s;\r\nI will not Reason and Compare; my business is to Create.','','','blake-jerusalem','William Blake, \"Jerusalem\"'),(152,'nehar','2008-10-19 23:47:30','','Love alters not with his brief hours and weeks,\r\nBut bears it out even to the edge of doom.\r\nIf this be error and upon me proved,\r\nI never writ, nor no man ever loved.','yeah fuckin right!','','shakespeare-love-alters-not','William Shakespeare'),(153,'nehar','2008-10-19 23:48:06','','It used to be the fun was in\r\nThe capture and kill.\r\nIn another place and time\r\nI did it all for thrills.','','','lust-to-love','Lust to Love'),(154,'nehar','2008-10-19 23:48:31','','Oh, when I was in love with you,\r\nThen I was clean and brave,\r\nAnd miles around the wonder grew\r\nHow well did I behave.\r\n\r\nAnd now the fancy passes by,\r\nAnd nothing will remain,\r\nAnd miles around they\'ll say that I\r\nAm quite myself again.\r\n','','','housman-oh-when-i-was-in-love-with-you','A. E. Housman'),(155,'nehar','2008-10-19 23:49:27','','In Xanadu did Kubla Khan\r\nA stately pleasure dome decree:\r\nWhere Aleph, the sacred river, ran\r\nThrough caverns measureless to man\r\nDown to a sunless sea.\r\nSo twice five miles of fertile ground\r\nWith walls and towers were girdled round:\r\nAnd there were gardens bright with sinuous rills,\r\nWhere blossomed many an incense-bearing tree;\r\nAnd here were forest ancient as the hills,\r\nEnfolding sunny spots of greenery.','','','coleridge-kubla-khan','S.T. Coleridge, \"Kubla Kahn\"'),(156,'nehar','2008-10-19 23:50:58','','I\'ll learn to play the Saxophone,\r\nI play just what I feel.\r\nDrink Scotch whiskey all night long,\r\nAnd die behind the wheel.\r\nThey got a name for the winners in the world,\r\nI want a name when I lose.\r\nThey call Alabama the Crimson Tide,\r\nCall me Deacon Blues.','','','steely-dan-deacon-blues','Steely Dan, \"Deacon Blues\"'),(157,'nehar','2008-10-19 23:51:20','','I have no doubt the Devil grins,\r\nAs seas of ink I spatter.\r\nYe gods, forgive my \"literary\" sins--\r\nThe other kind don\'t matter.\r\n','','','robert-service-literary-sins','Robert W. Service'),(158,'nehar','2008-10-19 23:52:06','','When your life is a leaf that the seasons tear off and condemn\r\nThey will bind you with love that is graceful and green as a stem.','','','leonard-cohen-sisters-of-mercy','Leonard Cohen, \"Sisters of Mercy\"'),(159,'nehar','2008-10-19 23:52:25','','Everybody knows that the dice are loaded.  Everybody rolls with their fingers crossed.  \r\nEverybody knows the war is over.  Everybody knows the good guys lost. \r\nEverybody knows the fight was fixed: the poor stay poor, the rich get rich.\r\nThat\'s how it goes.  Everybody knows.\r\n\r\nEverybody knows that the boat is leaking.  Everybody knows the captain lied.\r\nEverybody got this broken feeling like their father or their dog just died.\r\n\r\nEverybody talking to their pockets.  Everybody wants a box of chocolates and long stem rose.  Everybody knows.\r\n\r\nEverybody knows that you love me, baby.  Everybody knows that you really do.\r\nEverybody knows that you\'ve been faithful, give or take a night or two.\r\nEverybody knows you\'ve been discreet, but there were so many people you just had to meet without your clothes.  And everybody knows.\r\n\r\nAnd everybody knows it\'s now or never.  Everybody knows that it\'s me or you.\r\n\r\nAnd everybody knows that you live forever when you\'ve done a line or two.\r\nEverybody knows the deal is rotten: Old Black Joe\'s still pickin\' cotton\r\nfor you ribbons and bows.  And everybody knows.','','','leonard-cohen-everybody-knows','Leonard Cohen, \"Everybody Knows\"'),(160,'nehar','2008-10-19 23:54:47','','That\'s life for you, said McDunn. Someone always waiting for someone who never comes home. Always someone loving something more than that thing loves them. And after awhile you want to destroy whatever that thing is, so it can\'t hurt you no more.\r\n','','','bradbury-thats-life','R. Bradbury, \"The Fog Horn\"'),(161,'nehar','2008-10-19 23:55:42','','Even in the moment of our earliest kiss,\r\nWhen sighed the straitened bud into the flower,\r\nSat the dry seed of most unwelcome this;\r\nAnd that I knew, though not the day and hour.\r\nToo season-wise am I, being country-bred,\r\nTo tilt at autumn or defy the frost:\r\nSnuffing the chill even as my fathers did,\r\nI say with them, \"What\'s out tonight is lost.\"\r\nI only hoped, with the mild hope of all\r\nWho watch the leaf take shape upon the tree,\r\nA fairer summer and a later fall\r\nThan in these parts a man is apt to see,\r\nAnd sunny clusters ripened for the wine:\r\nI tell you this across the blackened vine.','','','millay-even-in-the-moment','Edna St. Vincent Millay, \"Even in the Moment of Our Earliest Kiss\", 1931'),(162,'nehar','2008-10-19 23:56:31','','Come fill the cup and in the fire of spring\r\nYour winter garment of repentance fling.\r\nThe bird of time has but a little way\r\nTo flutter -- and the bird is on the wing.\r\n','','','omar-khyyam-come-fill-the-cup','Omar Khayyam, \" translation FitzGerald\"'),(163,'nehar','2008-10-19 23:56:47','','Endless the world\'s turn, endless the sun\'s spinning\r\nEndless the quest;\r\nI turn again, back to my own beginning,\r\nAnd here, find rest.\r\n','','','fortune-endless-the-worlds-turn',''),(164,'nehar','2008-10-19 23:57:15','','Despising machines to a man,\r\nThe Luddites joined up with the Klan,\r\nAnd ride out by night\r\nIn a sheeting of white\r\nTo lynch all the robots they can.','','','fortune-lynch-all-the-robots-they-can','C. M. and G. A. Maxson'),(165,'nehar','2008-10-19 23:58:08','','Love is a snowmobile racing across the tundra, which suddenly flips over, pinning you underneath. At night the ice weasels come.','','','groening-love-is-hell','Matt Groening, \"Love is Hell\"'),(166,'nehar','2008-10-19 23:58:54','','Death comes on every passing breeze,\r\nHe lurks in every flower;\r\nEach season has its own disease,\r\nIts peril -- every hour.','','','reginald-heber-death-comes-on-every-passing-breeze','Reginald Heber'),(167,'nehar','2008-10-19 23:59:37','','Come, you spirits\r\nThat tend on mortal thoughts, unsex me here,\r\nAnd fill me, from the crown to the toe, top-full\r\nOf direst cruelty! make thick my blood,\r\nStop up the access and passage to remorse\r\nThat no compunctious visiting of nature\r\nShake my fell purpose, not keep peace between\r\nThe effect and it! Come to my woman\'s breasts,\r\nAnd take my milk for gall, you murdering ministers,\r\nWherever in your sightless substances\r\nYou wait on nature\'s mischief! Come, thick night,\r\nAnd pall the in the dunnest smoke of hell,\r\nThat my keen knife see not the wound it makes,\r\nNor heaven peep through the blanket of the dark,\r\nTo cry `Hold, hold!\'\r\n','','','shakespeare-macbeth-come-you-spirits','William Shakespeare, \"Macbeth, Lady Macbeth\"'),(168,'nehar','2008-10-20 00:00:11','','Come, landlord, fill the flowing bowl until it does run over,\r\nTonight we will all merry be -- tomorrow we\'ll get sober.','','','fletcher-come-landlord','John Fletcher, \"The Bloody Brother\", II, 2'),(169,'nehar','2008-10-20 00:00:38','','Cold be hand and heart and bone,\r\nand cold be sleep under stone;\r\nnever more to wake on stony bed,\r\nnever, till the Sun fails and the Moon is dead.\r\n\r\nIn the black wind the stars shall die,\r\nand still on gold here let them lie,\r\ntill the dark lord lifts his hand\r\nover dead sea and withered land.','','','tolkein-cold-be-hand-and-heart-and-bone','J. R. R. Tolkien'),(170,'nehar','2008-10-20 00:00:55','','Big M, Little M, many mumbling mice\r\nAre making midnight music in the moonlight,\r\nMighty nice!','','','fortune-big-m-little-m',''),(171,'nehar','2008-10-20 00:01:18','','Love cannot be much younger than the lust for murder.','','','freud-lust-for-murder','Sigmund Freud'),(172,'nehar','2008-10-20 00:01:58','','Between the idea\r\nAnd the reality\r\nBetween the motion\r\nAnd the act\r\nFalls the Shadow.','','','tseliot-hollowman-falls-the-shadow','T.S. Eliot, \"The Hollow Man\"'),(173,'nehar','2008-10-20 00:02:22','','And the silence came surging softly backwards\r\nWhen the plunging hooves were gone...','','','de-la-mere-the-listeners','Walter de La Mare, \"The Listeners\"'),(174,'nehar','2008-10-20 00:02:52','','Bring me my bow of burning gold!\r\nBring me my arrows of desire!\r\nBring me my spears!  O clouds unfold!\r\nBring me my chariot of fire!','','','blake-bow-of-burning-gold','William Blake, \"Jerusalem\"'),(175,'nehar','2008-10-20 00:04:25','','Ah, but the choice of dreams to live,\r\nthere\'s the rub.\r\n\r\nFor all dreams are not equal,\r\nsome exit to nightmare\r\nmost end with the dreamer\r\n\r\nBut at least one must be lived ... and died.\r\n','','','shapespeare-hamlet-choice-of-dreams',''),(176,'nehar','2008-10-20 00:04:58','','I loved her with a love thirsty and desperate. I felt that we two might commit some act so atrocious that the world, seeing us, would find it irresistible.','','','wolfe-shadow-of-the-torturer-love','Gene Wolfe, \"The Shadow of the Torturer\"'),(177,'nehar','2008-10-20 00:05:28','','Ah, but a man\'s grasp should exceed his reach, Or what\'s a heaven for ?','','','browning-andrea-del-sarto','Robert Browning, \"Andrea del Sarto\"'),(178,'nehar','2008-10-20 00:05:48','','After all my erstwhile dear,\r\nMy no longer cherished,\r\nNeed we say it was not love,\r\nJust because it perished?','','','millay-no-longer-cherished','Edna St. Vincent Millay'),(179,'nehar','2008-10-20 00:06:07','','\"No, I understand now,\" Auberon said, calm in the woods -- it was so simple, really. \"I didn\'t, for a long time, but I do now. You just can\'t hold people, you can\'t own them. I mean it\'s only natural, a natural process really. Meet. Love. Part. Life goes on. There was never any reason to expect her to stay always the same -- I mean `in love,\' you know.\" There were those doubt-quotes of Smoky\'s, heavily indicated. \"I don\'t hold a grudge. I can\'t.\"\r\n\r\n\"You do,\" Grandfather Trout said. \"And you don\'t understand.\"','','','crowley-little-big-i-understand','John Crowley, \"Little, Big\"'),(180,'nehar','2008-10-20 00:07:42','','Yours is not to reason why,\r\nJust to Sail Away.\r\nAnd when you find you have to throw\r\nYour Legacy away;\r\nRemember life was as it is,\r\nAnd is as it were;\r\nChasing sounds across the galaxy\r\n\'Till silence is but a blur.','','','fortune-yours-not-to-reason-why','QYX.'),(181,'nehar','2008-10-20 00:08:10','','Beauty is truth, truth beauty, that is all\r\nYe know on earth, and all ye need to know.','','','keats-all-ye-need-to-know','John Keats'),(182,'nehar','2008-10-20 00:08:53','','What thou lovest well is\r\nthy true heritage\r\nwhat thou lovest well shall\r\nnot be reft from thee.','','','pound-heritage','Ezra Pound'),(183,'nehar','2008-10-20 00:09:23','','A little later,  remembering man\'s earthly origin, \'dust thou  art and to dust thou shalt return,\' they  liked to  fancy themselves  bubbles of  earth. When alone in the fields,  with no one to see them, they  would hop, skip and jump, touching  the ground  as lightly  as possible  and crying  \'We are  bubbles of earth! Bubbles of earth! Bubbles of earth!\'','','','thompson-lark-rise-bubbles-of-earth','Flora Thompson, \"Lark Rise\"'),(184,'nehar','2008-10-20 00:10:33','','Doubt thou the stars are fire,\r\nDoubt that the sun doth move,\r\nDoubt truth to be a liar,\r\nBut never doubt I love.','','','shapespeare-hamlet-doubt-thou','William Shakespeare \"Hamlet\"'),(185,'nehar','2008-10-20 00:11:15','','I wrote at the start that this  was a record of hate, and walking there beside Henery towards the  evening glass of beer, I found the  one prayer that seemed to serve the winter  mood: O  God, You\'ve  done enough,  You\'ve robbed  me of enough, I\'m too tired and old to learn to love, leave me alone forever.\r\n','','','greene-end-of-the-affair','Graham Greene \"The End of the Affair\"'),(186,'nehar','2008-10-20 00:11:49','','And as we stand on the edge of darkness\r\nLet our chant fill the void\r\nThat others may know\r\n\r\nIn the land of the night\r\nThe ship of the sun\r\nIs drawn by\r\nThe grateful dead.','','','book-of-the-dead-grateful-dead','Tibetan \"Book of the Dead,\" ca. 4000 BC.'),(187,'nehar','2008-10-20 00:12:19','','The garden is in mourning;\r\nThe rain falls cool among the flowers.\r\nSummer shivers quietly\r\nOn its way towards its end.\r\n\r\nGolden leaf after leaf\r\nFalls from the tall acacia.\r\nSummer smiles, astonished, feeble,\r\nIn this dying dream of a garden.\r\n\r\nFor a long while, yet, in the roses,\r\nShe will linger on, yearning for peace,\r\nAnd slowly\r\nClose her weary eyes.','','','hess-september','Hermann Hesse, \"September\"'),(188,'nehar','2008-09-03 07:44:03','',' Two heads are more numerous than one.','','','two-heads',''),(189,'nehar','2008-11-07 07:54:40','','Sister Mary headed through the night-time hospital with the Adversary, Destroyer of Kings, Angel of the Bottomless Pit, Great Beast that is called Dragon, Prince of This World, Father of Lies, Spawn of Satan and Lord of Darkness safely in her arms. She found a bassinet and laid him down in it. He gurgled. She gave him a tickle.','','','pratchett-good-omens-the-antichrist','Terry Pratchett & Neil Gaiman, \"Good Omens\"'),(190,'nehar','2008-11-07 07:56:34','','\'Where do shadows come from? That\'s where the wind is blowing!\'','','','pratchett-colour-shadows','Terry Pratchett, \"Colour of Magic\"'),(191,'nehar','2008-11-07 07:57:49','','DEATH: I CAN BE ROBBED BUT NEVER DENIED, I TOLD MYSELF. WHY WORRY?\r\n\r\n\'I too cannot be cheated,\' snapped Fate.\r\n\r\nDEATH: SO I HAVE HEARD.','','','pratchett-colour-of-magic-fate-denied','Terry Pratchett, \"Colour of Magic\"'),(192,'nehar','2008-11-07 07:58:45','','And there were all the stars, looking remarkably like powdered diamonds spilled on  black velvet,  the  stars that  lured  and ultimately called the  boldest towards them...','','','pratchett-colour-of-magic-stars','Terry Pratchett, \"Colour of Magic\"'),(193,'nehar','2008-11-07 07:59:12','','THE DEATH OF A WARRIOR OR THE  OLD MAN OR THE LITTLE CHILD, THIS I UNDERSTAND, AND I  TAKE AWAY  THE PAIN  AND END THE  SUFFERING. I  DO NOT  UNDERSTAND THIS DEATH-OF-THE-MIND.','','','pratchett-light-fantastic-death-of-the-mind','Terry Pratchett, \"The Light Fantastic\"'),(194,'nehar','2008-11-07 08:00:00','','\'Listen\', said Rincewind. \'It\'s all over, do you see? You can\'t put the spells back in the book, you can\'t unsay what\'s been said, you can\'t-\' \'You can try!\'','','','pratchett-light-fantastic-try','Terry Pratchett, \"The Light Fantastic\"'),(195,'nehar','2008-11-07 08:01:06','','People don\'t alter history any more than birds alter the sky, they just make brief patterns on it.\r\n\r\n\'Everything will be all right. From History\'s point of view, that is. There really isn\'t any other.\'\r\n','','','pratchett-mort-history','Terry Pratchett, \"Mort\"'),(196,'nehar','2008-11-07 08:02:02','','He remembered the knowledge. He remembered feeling his mind as cold as ice and limitless  as the night  sky.  He remembered  being  summoned into  reluctant existence at  the moment  the first creature  lived, in the  certain knowledge that he would outlive life until the  last being in the universe passed to its reward, when it would be his  job, figuratively speaking, to put the chairs on the tables and turn all the lights off.  He remembered the loneliness.','','','pratchett-mort-mort-remembers','Terry Pratchett, \"Mort\"'),(197,'nehar','2008-11-07 08:02:21','','NOTHING IS  FINAL. NOTHING IS ABSOLUTE.  EXCEPT ME, OF  COURSE. SUCH TINKERING WITH DESTINY  COULD MEAN THE  DOWNFALL OF THE  WORLD. THERE MUST BE  A CHANCE, HOWEVER SMALL. THE  LAWYERS  OF FATE  DEMAND  A LOOPHOLE  IN EVERY  PROPHECY.','','','pratchett-sourcery-nothing-is-final','Terry Pratchett, \"Sourcery\"'),(198,'nehar','2008-11-07 08:03:24','','\'The gods,\' he said. \'Imprisoned in a thought. And perhaps they were never more than a dream.\'','','','pratchett-sourcery-the-gods','Terry Pratchett, \"Sourcery\"'),(199,'nehar','2008-11-07 08:04:00','','\'It\'s vital  to remember who you really  are. It\'s very important.  It isn\'t a good idea to  rely on other people or  things to do it for you,  you see. They always get it wrong.\'','','','pratchett-sourcery-who-you-are','Terry Pratchett, \"Sourcery\"'),(200,'nehar','2008-11-07 08:04:28','','\'Is it heroic to die like this?\' said Conina.\r\n\r\n\'I think it is,\' he said, \'and when it comes to dying, there\'s only one opinion that matters.\'','','','pratchett-sourcery-dying','Terry Pratchett, \"Sourcery\"'),(201,'nehar','2008-11-07 08:04:53','','This man was clearly mad, but at the heart of his madness was a cold, dreadful sanity, a  core of pure interstellar ice  in the centre of  the furnace. She\'d thought him  weak under a thin  shell of strength,  but it went a  lot further than that. Somewhere deep inside  his mind, somewhere beyond the event horizon of rationality, the  sheer pressure of insanity had  hammered his madness into something harder than diamond.','pratcett','','pratchett-wyrd-sisters-madness','Terry Pratchett, \"Wyrd Sisters\"'),(202,'nehar','2008-11-07 08:05:48','','\'I cannot! He has been kindness itself to me!\'\r\n\'And you can be Death itself to him.\'','','','pratchett-wyrd-sisters-kindess','Terry Pratchett, \"Wyrd Sisters\"'),(203,'nehar','2008-11-07 08:06:10','','\'What can I do? I\'m only human,\' he said aloud.\r\nSomeone said, Not all of you.','','','pratchett-pyramids-human','Terry Pratchett, \"Pyramids\"'),(204,'nehar','2008-11-07 08:06:42','','Chefet, Chefet, thought Dios. Maker of rings, weaver of metal. Now he\'s out of our heads, and see how his nails grow into claws...','','','pratchett-pyramids-chefet-chefet','Terry Pratchett, \"Pyramids\"'),(205,'nehar','2008-11-07 08:12:31','','\'They were myths and they were real,\' he said loudly. \'Both a wave and a particle.\'','','','pratchett-guards-guards-wave-particle','Terry Pratchett, \"Guards! Guards!\"'),(206,'nehar','2008-11-07 08:13:45','','Thunder rolled...\r\n\r\nIt is said that the gods play games with the fates of men. But what games, and why, and the  identities of the actual  pawns, and what the game  is, and what the rules are - who knows?  Best not to speculate.\r\n\r\nThunder  rolled...  It rolled a six.','','','pratchett-guards-guards-thunder-rolled','Terry Pratchett, \"Guards! Guards!\"'),(207,'nehar','2008-11-07 08:14:57','','Knowledge equals power...\r\n\r\n(...)\r\n\r\nPower equals energy...\r\n\r\nPeople were stupid, sometimes. They  thought the Library was a dangerous place because of  all the magical books, which  was true  enough, but what  made it really one  of the most  dangerous places there could ever be was  the simple fact that it was a library.\r\n\r\nEnergy equals matter...\r\n\r\n(...)\r\n\r\nMatter equals mass.\r\n\r\nAnd mass distorts space. It distorts it into polyfractal L-Space.','','','pratchett-guards-guards-knowledge-equals-power','Terry Pratchett, \"Guards! Guards!\"'),(208,'nehar','2008-11-07 08:16:15','','\'I believe you find  life such a problem because you think there are the good people and the bad people,\' said the man. \'You  are wrong, of course. There are, always and only, the bad people, but some of them are on opposite sides.\'','','','pratchett-guards-guards-cynicism','Terry Pratchett, \"Guards! Guards!\"'),(209,'nehar','2008-11-07 08:17:08','','Forever was over. All the sands had fallen. The great race between entropy and energy had been run, and the favorite had been the winner after all.\r\n\r\nPerhaps he ought to sharpen the blade again?\r\n\r\nNo.\r\n\r\nNot much point, really.','','','pratchett-eric-entropy-wins','Terry Pratchett, \"Eric\"'),(210,'nehar','2008-11-07 08:18:26','','Real magic is the hand around the bandsaw, the thrown spark in the powder keg, the dimension-warp linking you straight into the heart of a star, the flaming sword that burns all the way to the pommel.','','','pratchett-moving-pictures-real-magic','Terry Pratchett, \"Moving Pictures\"'),(211,'nehar','2008-11-07 08:19:14','','\'Why is it all Mr Dibbler\'s films are set against the background of a world gone mad?\' said the dwarf. Soll\'s eyes narrowed. \'Because Mr Dibbler,\' he growled, \'is a very observant man.\'','','','pratchett-moving-pictures-world-gone-mad','Terry Pratchett, \"Moving Pictures\"'),(212,'nehar','2008-11-07 08:19:42','','THERE\'S JUST ME, said Death. THE FINAL FRONTIER.','','','pratchett-moving-pictures-final-frontier','Terry Pratchett, \"Moving Pictures\"'),(213,'nehar','2008-11-07 08:20:37','','Something wonderful, if you took the long view, was about to happen. If you took the short or medium view, something horrible was about to happen.\r\n\r\nIt\'s like the difference between seeing a beautiful new star in the winter sky and actually being close  to the supernova. It\'s the difference between the beauty of morning dew on a cobweb and actually being a fly.','','','pratchett-reaper-man-something-wonderful','Terry Pratchett, \"Reaper Man\"'),(214,'nehar','2008-11-07 08:21:21','','The new Death raised his cowl.\r\nThere was no face there. There was not even a skull. \r\nSmoke curled formlessly between the robe and a golden crown.\r\n\r\nBill Door raised himself on his elbows.\r\nA CROWN? His voice shook with rage. I NEVER WORE A CROWN!\r\n\r\nYou never wanted to rule.','','','pratchett-reaper-man-crown','Terry Pratchett, \"Reaper Man\"'),(215,'nehar','2008-11-07 08:21:36','','LORD, WE KNOW THERE IS NO GOOD ORDER EXCEPT THAT WHICH WE CREATE...\r\nTHERE IS NO HOPE BUT US. THERE IS NO MERCY BUT US. THERE IS NO JUSTICE. THERE IS JUST US.\r\n\r\nALL THINGS THAT ARE, ARE OURS. BUT WE  MUST CARE. FOR IF WE DO NOT CARE, WE DO NOT EXIST. IF WE DO NOT EXIST, THEN THERE IS NOTHING BUT BLIND OBLIVION.\r\n\r\nAND EVEN  OBLIVION MUST END  ONE DAY.  LORD, WILL YOU  GRANT ME JUST  A LITTLE TIME? FOR THE PROPER BALANCE OF THINGS. TO RETURN WHAT WAS GIVEN. FOR THE SAKE OF PRISONERS AND THE FLIGHT OF BIRDS.\r\n\r\nLORD, WHAT CAN THE HARVEST HOPE FOR, IF NOT THE CARE OF THE REAPER MAN?\r\n','crown','','pratchett-reaper-man-care-of-the-reaper-man','Terry Pratchett, \"Reaper Man\"'),(216,'nehar','2008-11-07 08:23:02','','\'And stars don\'t  care what you wish, and magic don\'t  make things better, and no-one doesn\'t get burned who sticks their hand in a fire.\'','','','pratchett-witches-abroad-stars-dont-care','Terry Pratchett, \"Witches Abroad\"'),(217,'nehar','2008-11-07 08:23:33','','For a very few, the sky\'s the limit. And, sometimes, not even that.','','','pratchett-small-gods-skys-the-limit','Terry Pratchett, \"Small Gods\"'),(218,'nehar','2008-11-07 08:24:12','','When the least they could do to you was everything, then the most they could do to you suddenly held no terror.','','','pratchett-small-gods-the-least-they-can-do','Terry Pratchett, \"Small Gods\"'),(219,'nehar','2008-11-07 08:24:35','','\'Yes, but humans are more important than animals,\' said Brutha.\r\n\r\n\'This is a point of view often expressed by humans,\' said Om.','','','pratchett-small-gods-point-of-view','Terry Pratchett, \"Small Gods\"'),(220,'nehar','2008-11-07 08:25:03','','\'Just because you can explain it doesn\'t mean it\'s not still a miracle.\'','','','pratchett-small-gods-miracle','Terry Pratchett, \"Small Gods\"'),(221,'nehar','2008-11-07 08:25:24','','\'I think, if you want thousands, you\'ve got to fight for one.\'','','','pratchett-small-gods-fight-for-one','Terry Pratchett, \"Small Gods\"'),(222,'nehar','2008-11-07 08:25:56','','\"That\'s right,\" he said. \"We\'re philosophers. We think, therefore we am.\"','','','pratchett-small-gods-we-think-we-am','Terry Pratchett, \"Small Gods\"'),(223,'nehar','2008-11-07 08:26:34','','\"You\'re not one of us.\"\r\n\r\n\"I don\'t think I\'m one of them, either,\" said Brutha. \"I\'m one of mine.\"','','','pratchett-small-gods-one-of-mine','Terry Pratchett, \"Small Gods\"'),(224,'nehar','2008-11-07 08:27:07','','\"Now we\'ve got a truth to die for!\"\r\n\r\n\"No. Men should die for lies. But the truth is too precious to die for.\"','','','pratchett-small-gods-die-for-the-truth','Terry Pratchett, \"Small Gods\"'),(225,'nehar','2008-11-07 08:27:45','','The universe doesn\'t  much care if you tread on a  butterfly. There are plenty more butterflies. Gods might note the fall  of a sparrow but  they don\'t make any effort to catch them.\r\n','','','pratchett-lords-and-ladies-sparrow','Terry Pratchett, \"Lords and Ladies\"'),(226,'nehar','2008-11-07 08:28:23','','Up the airy mountains, down the rushy glen...\r\nFrom ghosties and bogles and long-leggity beasties...\r\nMy mother said I never should...\r\nWe dare not go a-hunting for fear...\r\nAnd things that go bump...\r\nPlay with the fairies in the wood...','','','pratchett-lords-and-ladies-things-that-go-bump','Terry Pratchett, \"Lords and Ladies\"'),(227,'nehar','2008-11-07 08:29:04','','\'But look,\' said Ponder, \'the graveyards are full of people who rushed in bravely but unwisely.\'\r\n\r\n\'Ook.\'\r\n\r\n\'What did he say?\' said the Bursar. \'I think he said, \"Sooner or later the graveyards are full of everybody\".\'','','','pratchett-lords-and-ladies-sooner-or-later','Terry Pratchett, \"Lords and Ladies\"'),(228,'nehar','2008-11-07 08:29:58','','\'Sometimes there has to be a civil war, and sometimes, afterwards, it\'s best to pretend something didn\'t happen. Sometimes people have to do a job, and then they have to be forgotten.\'','','','pratchett-men-at-arms-forgotten','Terry Pratchett, \"Men at Arms\"'),(229,'nehar','2008-11-07 08:30:46','','I\'m on the path, he thought. I don\'t have to know where it leads. I just have to follow.','','','pratchett-men-at-arms-on-the-path','Terry Pratchett, \"Men at Arms\"'),(230,'nehar','2008-11-07 08:31:48','','\'There\'s a limit to the power of a spring, no matter how tightly one winds it.\'\r\n\r\n\'Oh, yes. Yes. And you hope that if you wind a spring one way, all its energies will unwind the other way. And sometimes you have to wind the spring as tight as it will go,\' said Vetinari,\' and pray it doesn\'t break.\'','','','pratchett-men-at-arms-spring','Terry Pratchett, \"Men at Arms\"'),(231,'nehar','2008-11-07 08:33:41','','He could lead armies, Angua thought. He really could. Some people have inspired whole countries to great deeds because of the power of their vision. And so could he. Not because he dreams about marching hordes, or world domination, or an empire of a thousand years. Just because he thinks that everyone\'s really decent underneath and would get along just fine if only they made an effort, and he believes that so strongly it burns like a flame that is bigger than he is.','','','pratchett-men-at-arms-carrot','Terry Pratchett, \"Men at Arms\"'),(232,'nehar','2008-11-07 08:34:58','','This was music that had not only escaped but had robbed a bank on the way out. It was music with its sleeves rolled up and its top button undone, raising its hat and grinning and stealing the silver.\r\n\r\nIt was music that went down to the feet by way of the pelvis without paying a call on Mr. Brain.','','','pratchett-soul-music-music-with-rocks-in','Terry Pratchett, \"Soul Music\"'),(233,'nehar','2008-11-07 08:35:50','','(...)  perfectly  ordinary books,  printed  on  commonplace  paper in  mundane ink. It  would be a mistake to think  that they weren\'t also  dangerous, just because reading  them didn\'t make  fireworks go off  in the sky.  Reading them sometimes  did the  more dangerous  trick of  making fireworks  go off  in the privacy of the reader\'s brain.','','','pratchett-soul-music-dangerous-books','Terry Pratchett, \"Soul Music\"'),(234,'nehar','2008-11-07 08:36:43','','TO  CHANGE THE  FATE OF  ONE INDIVIDUAL  IS TO  CHANGE THE  WORLD.  I REMEMBER THAT. SO SHOULD YOU.\r\n\r\nDeath still hadn\'t turned to face her.\r\n\r\n\'I don\'t see why we shouldn\'t change things if it makes the world better,\' said Susan.\r\n\r\nHAH.\r\n\r\n\'Are you too scared to change the world?\'\r\n\r\nDeath turned. The very sight of his expression made Susan back away. He advanced slowly towards her. His voice, when it came, was a hiss.\r\n\r\nYOU SAY THAT TO  ME? YOU STAND THERE IN YOUR PRETTY DRESS  AND SAY THAT TO ME? YOU? YOU  PRATTLE ON ABOUT CHANGING THE  WORLD? COULD YOU FIND  THE COURAGE TO ACCEPT IT? TO  KNOW WHAT MUST BE DONE  AND DO IT, WHATEVER THE  COST? IS THERE ONE HUMAN BEING ANYWHERE WHO KNOWS WHAT DUTY MEANS?','','','pratchett-soul-music-duty','Terry Pratchett, \"Soul Music\"'),(235,'nehar','2008-11-07 08:37:09','','Sometimes the only thing you could do for people was to be there.','','','pratchett-soul-music-all-you-can-do','Terry Pratchett, \"Soul Music\"'),(236,'nehar','2008-11-07 08:37:36','','It was  sad music. But it  waved its sadness like  a battle flag.  It said the universe had done all it could, but you were still alive.','','','pratchett-soul-music-imp-y-celyn','Terry Pratchett, \"Soul Music\"'),(237,'nehar','2008-11-07 08:38:12','','Never age.  Never die. Live for ever  in that one last  white-hot moment, when the crowd screamed. When every note was a heartbeat. Burn across the sky.\r\n\r\nYou will never grow old. They will never say you died.','','','pratchett-soul-music-never-die','Terry Pratchett, \"Soul Music\"'),(238,'nehar','2008-11-07 08:38:40','','You could save people. You could get  there in the nick of time. And something could snap its  fingers and say, no, it  has to be that way.  Let me tell you how it has to be. This is how the legend goes.','','','pratchett-soul-music-how-it-has-to-be','Terry Pratchett, \"Soul Music\"'),(239,'nehar','2008-11-07 08:39:04','','SOME SHADOWS ARE SO LONG, THEY ARRIVE BEFORE THE LIGHT.','','','pratchett-soul-music-long-shadows','Terry Pratchett, \"Soul Music\"'),(240,'nehar','2008-11-07 08:39:34','','\"I know about people who talk about suffering for the common good.  It\'s never bloody them! When you hear a man shouting \"Forward, brave comrades!\" you\'ll see he\'s the one behind the bloody big rock and the one wearing the only really arrow-proof helmet!\"','','','pratchett-interesting-times-common-good','Terry Pratchett, \"Interesting Times\"'),(241,'nehar','2008-11-07 08:40:19','','\'Oh, I never play to win.\' She smiled. \'But I do play not to lose.\'','','','pratchett-interesting-times-the-lady','Terry Pratchett, \"Interesting Times\"'),(242,'nehar','2008-11-07 08:40:42','','...he\'d  moved  like  music, like  someone  dancing  to  a rhythm  inside  his head. And his face for a moment in the moonlight was the skull of an angel...','','','pratchett-maskerade-skull-of-an-angel','Terry Pratchett, \"Maskerade\"'),(243,'nehar','2008-11-07 08:41:19','','No one heard the cry that came  back from the dead skull, because there was no mouth to utter  it and not even a  mind to guide it, but it  screamed out into the night:\r\n\r\nCLAY OF MY CLAY, THOU SHALT NOT KILL! THOU SHALT NOT DIE!','','','pratchett-feet-of-clay-thou-shalt-not-die','Terry Pratchett, \"Feet of Clay\"'),(244,'nehar','2008-11-07 08:41:55','','You couldn\'t  say, \'I had orders.\' You  couldn\'t say, \'It\'s not  fair.\' No one was listening. There were no Words. You owned yourself.\r\n...\r\nNot Thou Shalt Not. Say I Will Not.','','','pratchett-feet-of-clay-i-will-not','Terry Pratchett, \"Feet of Clay\"'),(245,'nehar','2008-11-07 08:42:26','','The truth may be out there, but lies are inside your head.','','','pratchett-hogfather-lies','Terry Pratchett, \"Hogfather\"'),(246,'nehar','2008-11-07 08:43:04','','The night is always old. He\'d walked too often down dark streets in the secret hours and  felt the night stretching away,  and known in his  blood that while days and  kings and empires  come and  go, the night  is always the  same age, always aeons deep. Terrors unfolded in the velvet shadows and while the nature of the talons may change, the nature of the beast does not.','','','pratchett-jingo-aeons-deep','Terry Pratchett, \"Jingo\"'),(247,'nehar','2008-11-07 08:43:37','','\'And I  promise you this,\'  he shouted,  \'if we succeed,  no-one will remember. And if we fail, no one will forget!\'','','','pratchett-jingo-no-one-will-forget','Terry Pratchett, \"Jingo\"'),(248,'nehar','2008-11-07 08:45:01','','Supposing there  was justice  for all, after  all? For every  unheeded beggar, every   harsh   word, every neglected duty, every slight... every choice... Because that was the point,  wasn\'t it? You had to choose. You might be right, you might be wrong, but you had to choose, knowing that  the rightness or wrongness might never  be clear or  even that you  were deciding between two  sorts of  wrong, that  there was no  right anywhere.  And always, always, you did it by yourself. You  were the one there, on the edge, watching and listening. Never any tears, never  any apology, never  any regrets... You saved all that up in a way that could be used when needed.','','','pratchett-carpe-jugulum-justice-for-all','Terry Pratchett, \"Carpe Jugulum\"'),(249,'nehar','2008-11-07 08:45:50','','She\'d  always tried  to face  towards the  light. She\'d  always tried  to face towards the light.  But the harder you stared into  the brightness the harsher it burned into  you until, at last,  the temptation picked you up  and bid you turn around to see how long, rich, strong and dark, streaming away behind you, your shadow had become-','','','pratchett-carpe-jugulum-face-the-light','Terry Pratchett, \"Carpe Jugulum\"'),(250,'nehar','2008-11-07 08:46:16','','\"But you read a lot of books, I\'m thinking. Hard to have faith, ain\'t it, when you\'ve read too many books?\"','','','pratchett-carpe-jugulum-faith','Terry Pratchett, \"Carpe Jugulum\"'),(251,'nehar','2008-11-07 08:46:56','','It was not, it could not be real.\r\n\r\nBut in the roaring air he knew that it was, for all who needed to believe, and in a belief so strong that truth was  not the same as fact... he knew that for now, and yesterday, and tomorrow, both the thing, and the whole of the thing.','','','pratchett-fifth-elephant-whole-of-the-thing','Terry Pratchett, \"The Fifth Elephant\"'),(252,'nehar','2008-11-07 08:47:37','','You did something because it had always been done, and the explanation was \"but we\'ve always done it this way.\" A million dead people can\'t have been wrong, can they?','','','pratchett-fifth-elephant-tradition','Terry Pratchett, \"The Fifth Elephant\"'),(253,'nehar','2008-11-07 08:48:01','','WHO KNOWS WHAT EVIL LURKS IN THE HEART OF MEN?\r\n\r\nThe Death of Rats looked up from the feast of potato.\r\n\r\nSQUEAK, he said.\r\n\r\nDeath waved a hand dismissively. WELL, YES, OBVIOUSLY *ME*, he said. I JUST WONDERED IF THERE WAS ANYONE ELSE.\r\n','','','pratchett-truth-evil-in-the-hearts-of-men','Terry Pratchett, \"The Truth\"'),(254,'nehar','2008-11-07 08:48:30','','I have seen galaxies die. I have watched atoms dance. But until I had the dark behind the eyes, I didn\'t know the death from the dance.','','','pratchett-thief-of-time-death-from-the-dance','Terry Pratchett, \"The Thief of Time\"'),(255,'nehar','2008-11-08 09:13:00','','Woah, the last time our simian bots were copy writing the ThinkGeek newsletter, things were very different. In just 3 short weeks, the heavens have been turned upside down and, whamo presto bammo, we lost Pluto.  Just like that. It\'s forever removed from the realm of the nine (now referred to as the legion of the eight). The scientific powers that be stuck a fork in him, and well, he\'s done. We\'ll miss you Pluto. Despite how distant and morbidly cold you are and how unforgivably atypical your orbit is, you will be missed. But alas, after seventy six years we can seek solace in realizing that a larger debate has been settled for us. Size matters. Now that that\'s over with, we wanted to show you...','they\'re always good for a laugh','','thinkgeek-size-matters','thinkgeek.com'),(256,'nehar','2008-11-08 09:16:12','','A poet once said, \"The whole universe is in a glass of wine.\" We will probably never know in what sense he meant that, for poets do not write to be understood. But it is true that if we look at a glass of wine closely enough we see the entire universe. There are the things of physics: the twisting liquid which evaporates depending on the wind and weather, the reflections in the glass, and our imagination adds the atoms. The glass is a distillation of the earth\'s rocks, and in its composition we see the secrets of the universe\'s age, and the evolution of stars. What strange array of chemicals are in the wine? How did they come to be? There are the ferments, the enzymes, the substrates, and the products. There in wine is found the great generalization: all life is fermentation. Nobody can discover the chemistry of wine without discovering, as did Louis Pasteur, the cause of much disease. How vivid is the claret, pressing its existence into the consciousness that watches it! If our small minds, for some\r\nconvenience, divide this glass of wine, this universe, into parts -- physics, biology, geology, astronomy, psychology, and so on -- remember that nature does not know it! So let us put it all back together, not forgetting ultimately what it is for. Let it give us one more final pleasure: drink it and forget it all!','','','feynman-glass-of-wine','Richard P. Feynman, \"The Feynman Lectures on Physics, v. 1, p. 3-10\"'),(257,'nehar','2008-11-08 09:22:14','','\"Is there anything more beautiful than a beautiful, beautiful flamingo, flying across in front of a beautiful sunset? And he\'s carrying a beautiful rose in his beak, and also he\'s carrying a very beautiful painting with his feet. And also, you\'re drunk.\"','','','handy-beautiful-flamingo','Jack Handy'),(258,'nehar','2008-11-08 09:22:51','','Whatever you do will be insignificant, but it is very important that you do it.','','','gandhi-significance','MohanDas Gandhi'),(259,'nehar','2008-11-08 09:24:02','','Though it\'s still February, March is rapidly approaching and there are two very special occasions in March that we think you should spend some time with. Both occur on a very auspicious day to geek-kind, March\r\n14th. The cleverer lot of you will realize that this is International Pi Day! But the insanity doesn\'t stop there. March 14th is also Albert Einstein\'s Birthday! That\'s like having a bleeding edge video card AND\r\ngetting to use it too. Here\'s an idea on how you can celebrate. Invite an irrational number of friends over, stand in a perfect circle and pontificate about a Unified Theory of the Universe, all the while\r\nchanting \"Newton was a simpleton!\"...','','','thinkgeek-march-fourteenth','thinkgeek.com'),(260,'nehar','2008-11-08 09:24:51','','Instead, get your own vision of the saga by reading the book. That\'s where fantasy comes alive, in the collaboration of the author and his audience of one. Often, the best movies play on the reader\'s own mind-screen.','','','time-mind-screen','Richard Corliss, \"Time.com\"'),(261,'nehar','2008-11-08 09:25:40','','There One Was A Pilot Named Ray\r\nWho Met NASA On Their Job Fair Day\r\nHe Went Up Into Space\r\nWhere He Was Replaced\r\nBy An Alien Colored Heather Gray.','','','woot-pilot-named-ray','woot.com'),(262,'nehar','2008-11-08 09:28:52','','The masses almost  always value security over freedom  until they have so little of either a revolution is born.','','','slashdot-security-over-freedom','comment on slashdot.org'),(263,'nehar','2008-11-08 09:30:41','','Caveat freakin\' emptor.','','','slashdot-caveat-emptor','comment on slashdot.org'),(264,'nehar','2008-11-08 09:32:18','','You can\'t fall off the floor.','','','you-cant-fall-off-the-floor',''),(265,'nehar','2008-11-08 09:33:13','','OneBox to search them all;\r\nOneBox to find them;\r\nOneBox to bring them all,\r\nand under Google bind them.\r\n','','','slashdot-onebox','comment on slashdot.org'),(266,'nehar','2008-11-08 09:34:16','','The appreciation  of the average visual graphisticator  alone is worth the whole suaveness and decadence which abounds!!','','','the-appreciation-of-the-average-graphisticator',''),(267,'nehar','2008-11-08 09:35:34','','*Is the dark side stronger?*\r\n    No, no. Easier, quicker, more seductive.\r\n\r\n','','','slashdot-the-dark-side','comment on slashdot.org'),(268,'nehar','2008-11-08 09:36:45','','This is obviously some new definition of \"hilarious\"  that we weren\'t previously made aware of.','','','slashdot-hilarious','comment on slashdot.org'),(269,'nehar','2008-11-08 09:38:21','','*It\'s scary how far the US is willing to go to pressure other countries into changing  their laws to suit US interests. I can almost imagine the US going to war with other countries that \"don\'t have  the same copyright laws as us\". *\r\n\r\nSomewhere, this  thought is  giving an \\*\\*AA [RIAA/MPAA]  exec a hard-on  that even Viagra couldn\'t achieve...','','','slashdot-riia-execs-fantasy','comment on slashdot.org'),(270,'nehar','2008-11-08 09:40:27','','I guess they forgot to disclose  that in the EULA. Honest mistake, stuff happens. Now let\'s go back to not worrying about DRM or Net Neutrality because Big Business is looking out for our best interests.','','','slashdot-big-business','comment on slashdot.org'),(271,'nehar','2008-11-08 09:42:35','','The day had started off  normally with SCO making blatant claims--this time about ownership of ELF.\r\n\r\nThe SCO team was cut-off in mid sentence by a surprise defendant, Will Farrell. He appeared and rushed into the courtroom declaring that his legal team for the motion  picture \"ELF\" had already secured rights to anything with that name.\r\n\r\nThe court room  erupted into commotion as a  second prosecutor entered the  room. The  legal  team representing  the  Earth Liberation  Front entered  the room  demanding all  three parties  to pay  royalties for using  their registered  trademark  name and  threatened  to bomb  the livestock  holdings of  all parties  involved should  E.L.F.  lose the case.\r\n\r\nAt  this point,  a hushed  silence  befelled the  room as  Christopher Tolkien (representing  The Tolkien Estate) entered the  room. He swore that  \"before  the dawning  of  the next  day\",  all  mis-uses of  his father\'s invention  would force him to  use his \"+5  lawyers of speech twisting\" to  rectify the situation and  bring unto him  large sums of moneys.\r\n\r\nSCO then revealed  that they had purchased the rights  to use & create ELF  from a  group  of folklorists  based  in Europe.  The judge  then dismissed Will Farrell,  E.L.F. & Mr. Tolkien. The  SCO lawyer cleared his  throat and  resumed his  sentence,  \"...as I  was saying,  having invented  ones and  zeros,  we own  the  rights to  all software  ever developed...\"\r\n\r\nSeriously, when will this SCO shit end?','thankfully, its over now! or is it...???','','slashdot-sco','comment on slashdot.org'),(272,'nehar','2008-11-08 09:43:57','','He who fights with monsters might  take care lest he thereby become a monster. And if you gaze for  long into an abyss, the abyss gazes also into you.','','','nietzsche-abyss','Friedrich Nietzsche, \"Beyond Good and Evil, Aphorism 146\"'),(273,'nehar','2008-11-08 09:45:34','','Sure, on the outside we\'re a multi-national billion-dollar corporation but, as this green koala clearly shows, on the inside we live in a playful world of whimsy with chocolate hills and marshmallow clouds.','','','slashdot-corporate-marketing','comment on slashdot.org'),(274,'nehar','2008-11-08 09:46:09','','And the dead shall walk the earth.. and lobby to have their copyright extended.','','','slashdot-and-the-dead','comment on slashdot.org'),(275,'nehar','2008-11-08 09:49:57','','I think this problem is symbolic of much larger one in which entire industries are out to \"hurt\" their competitors, but also their very customers. Look at the way the computer industry, the telecom industry and the entertainment/ industrial complex has worked to limit our choices, roll back our access to new technologies, and lock us in to carefully controlled uses of their products. Equipment is hamstrung, demand is ignored, products are made less friendly to the user but more friendly to the profit margins. While trumpeting technological advances, they ship products that don\'t work or don\'t work well. There is outright hostility to those of us who are the ones pumping money into these industries. The entire model of supply and demand/free market is turned on its head and WE become the consumables.\r\n\r\nI don\'t want to make too big a jump here for those of you who are happy as clams as long as you can go to the best buy and get a 52\" something that sets you back a month\'s pay, just to find that it can\'t do the things you really want it to do because those features are \"just around the corner\". The next release, the coming upgrade, THAT\'s the one you really want. But this fundamental change in the flow of power from the consumer to industry is being mirrored in the realm of public life. Politics are no longer about us. Elections are held but voters are optional. With all the things happening in the world, all the stories that could be told, every single media outlet has the same half-dozen stories on the front page. I used to wonder why some insignificant event would suddenly show up as the most important story in every single newspaper and news show. Now it becomes clear: as long as there\'s something to show us, it doesn\'t matter if it\'s the things that matter. As long as we watch. As long as we consume, as long as we pay, and most important, as long as we get up to go to work tomorrow so we can keep making those credit card payments.\r\n\r\nI\'m sorry that I\'m making these big jumps from this rather unsurprising story about one company doing something to hurt another. The thing is: I just don\'t believe it. Microsoft, Apple, how different are they really? Smart people have epic battles in these pages arguing the benefits of one platform over another as if it somehow matters, or if one will somehow defeat the other. To them, it\'s all good as long as we keep upgrading, keep paying, keep working. We have become the consumables.\r\n\r\nNow go read another story and let me finish my drink in peace. Tomorrow\'s another working day.','one of the more insightful slashdot posts I\'ve seen.','','slashdot-insightful','comment on slashdot.org'),(424,'nehar','2009-05-12 16:28:50','Amarok No suitable demux plugin error','Every once in a while after upgrading my linux installation (ubutnu 8.0.4), my amarok install loses the ability to play mp3\'s even though I have all the codecs I need.\r\nTo fix this remove  the .xine/ directory from under your home directory.','','','amarok-no-suitable-demux-plugin',''),(276,'nehar','2008-11-08 09:53:08','','Now I lay me down to sleep,\r\nI hear the sirens in the street,\r\nAll my dreams are made of chrome,\r\nI have no way to get back home.','','','tom-waits-get-back-home','Tom Waits'),(277,'nehar','2008-11-10 02:17:28','','OK, now let\'s look at four dimensions on the blackboard.','','','fortune-dr-joy-four-dimensions','Dr. Joy'),(278,'nehar','2008-11-10 02:18:00','','it is a new wave 2.0 of innovation 2.0.\r\nWith twice the self importance of the original!','','','slashdot-new-wave-two-point-doh','comment on slashdot.org'),(279,'nehar','2008-11-10 02:19:04','','Can I get  stock options 2.0 for bubble 2.0? I\'m  in on this go-\'round early enough to cash out before crash 2.0.','','','slashdot-bubble-two-point-doh','comment on slashdot.org'),(280,'nehar','2008-11-10 02:19:46','','*Web 2.0 As A New Wave of Innovation?*\r\n\r\nDude,  it\'s boom/bomb  time  again! Everyone  get  on the  meaningless buzzword  bandwagon! \"Web 2.0\"  man -  the old  rules don\'t  apply any more!! Quick,  buy everything in sight  that claims to  use \"Web 2.0\", whatever the  hell THAT means this week!  Let\'s see if we  can get the Nasdaq up to 20,000 this time  before we raze and burn the entire tech industry back into 1985! AWESOME!\r\n\r\nSomeone call the venture capitalists!!','','','slashdot-web-two-point-doh','comment on slashdot.org'),(281,'nehar','2008-11-10 02:23:02','','*My Ogg music files played out of the box. The key to getting MP3 playback to work was installing libmad.*\r\n\r\nYou  know when  you\'ve  stumbled into  linux-super-nerd-land  when your  media player cannot do MP3 out-of-the-box, but OGG plays just dandy!','','','slashdot-oggs-better','comment on slashdot.org'),(282,'nehar','2008-11-10 02:23:28','','Ego, ex mea parte, saluto dominos nostros novos grammaticos!','','','slashdot-latin-overlords','comment on slashdot.org'),(283,'nehar','2008-11-10 02:24:22','','I rule. Me, unincorporated.','','','slashdot-king-of-the-world','comment on slashdot.org'),(285,'nehar','2008-11-10 02:25:30','','*Experiments are continuing with shaved cats.*\r\n\r\nStep one: Shave Schroedinger\'s cat with Occam\'s razor...\r\n','','','slashdot-schroedinger-and-occam','comment on slashdot.org'),(286,'nehar','2008-11-10 02:30:36','','I like chicken. Chicken tastes alot like itself. Chicken is the most versatile tool in the universe. Chicken is amazing. Chicken ownz j00. Chicken kicks your ass. Chicken has mad skills. Chicken McNuggets from Mcdonalds suck hairy grandma ass, but Chicken Nuggets from Wendy\'s Rule the World.\r\n\r\nI also like to get a Junior Bacon Cheeseburger with No Mayonnaise from Wendy\'s. I hate mayonnaise. Mayonnaise is  evil. Mayonnaise is so evil that it will grow hair if you leave it out in the sun for 1 hour, start to talk after 2 hours, and try to take over the world in 4. We must stop all the mayonnaise from   taking over the world. I\'m a member of the anti-mayonnaise club. Mayonnaise sucks ass. Chicken kicks Mayonnaise\'s ass. If there were a celebrity deathmatch between Chicken, and Mayonnaise, Chicken would definitely own Mayonnaise. Probably, the Chicken would rip off the mayonnaise\'s top, and pour the Mayonnaise down the sink.\r\n\r\nIf you think Mayonnaise is wonderful, like my friend Shahram, who eats Mayonnaise by  the tablespoon, you can  come over to  my house and I  can kick your fucking  ass. Shahram is  a stupid Iraqi.  He has a  big nose, and  a big Adam\'s apple. Chicken is tasty.\r\n\r\nChicken should  rule the world. If chicken  ruled the world, I  would bow down before Chicken.  When Chicken rules the  world, I\'m sure  Chicken will destroy all  Mayonnaise. I  once  found  a fried Chicken  head in  a  box of  Chicken Mcnuggets. The only reason I bought a box of Chicken Mcnuggets was because the nearest Wendy\'s  was about 60 miles  away. I was  in Idaho. Idaho is  a stupid place. Toronto is another  stupid place. Once I got lost in  Toronto and I had to stay at a different hotel than the one I was staying at, in order to get to the one I  was staying at. I was staying at the Holiday Inn, and  in order to find the Holiday Inn  I had to stay in the shitty  Novotel next to the airport for 2 days.\r\n\r\nCanada is also stupid. When I went  to Canada, there was no Dr. Pepper. Canada is basically England,  but French, and Big, and just North  of the US. England was fun. It was more fun than Canada,  except for when I fell down the 3 story building when the London punk pushed me. I got 200 from that asshole after he pushed  me so  that I  wouldn\'t press  charges. I  couldn\'t, anyway,  \'cause I wasn\'t a citizen. I learned how to row a rowboat in England.\r\n\r\nThere is  no Iced  Tea in England,  so I  was very depressed  when I  was over there. Everyone says Colour instead of  Color, and Cheque instead of Check. In Scotland no one wears underwear.\r\n\r\nDo you know what a Scotsman keeps under his kilt? His family jewels. I learned that from a tour guide in scotland. The tour guide was like 900 years old, and a veteran of the Scottish revolution.  He smelled like that odor removal stuff that smells like shit itself.\r\n\r\nIn England  everything costs what it would  cost here in dollars,  except in  and in  metric system.  Gas was  like 2.25 per  Liter, which  is like  $8 per gallon. That\'s why  no one ever drives  in England, but traffic is  so bad. In Canada milk comes in a bag.\r\n\r\nThe  baked potatoes from  Wendy\'s suck.  Once I  was eating  at a  Shoney\'s in Tennessee, and  I ordered  this mozzarella Chicken  sandwich. It took  like 30 minutes to make, and when it came,  it was like boiling, and it burnt the roof of my mouth.. Later when I was driving, I peeled the skin off of the top of my mouth where the Chicken had burnt it, and it hurt for like 12 days.\r\n\r\nThat was the last trip I took, and it still hurts.\r\n\r\nFast Service!','i\'m speechless.','','slashdot-deranged-chicken','comment on slashdot.org'),(287,'nehar','2008-11-10 02:31:16','','I used to get high on life but lately I\'ve built up a resistance.','','','resistance-to-life',''),(288,'nehar','2008-11-10 02:31:42','','Soon, I\'ll have stolen ALL the world\'s music!! No one will get so much as a treble clef without going through me!\r\n\r\nBut don\'t think I\'m ALL bad...if you buy a C and an E, I\'ll toss in a G for free. Same octave only, no exchanges if you decide to change key.\r\n','','','slashdot-stolen-music','comment on slashdot.org'),(289,'nehar','2008-11-10 02:32:07','','It\'s very strange, I think, that \"We want to build a road here\" is reason enough to overrule real property while \"25% of our population will die if they don\'t get this treatment\" is not reason enough to overrule so-called \"intellectual\" property.','','','slashdot-eminent-domain','comment on slashdot.org'),(290,'nehar','2008-11-10 02:32:55','','My friend said to me, he said \"I think the weather is trippy\" and I said \"No man, it\'s not the weather that\'s trippy. Perhaps it is the way we perceive it that is indeed trippy.\" Then I thought man, I should have just said \"Yeah.\"','','','hedberg-trippy','Mitch Hedberg'),(291,'nehar','2008-11-10 02:33:26','','the prisoners of addiction and the prisoners of envy.','','','prisoners','Ivan Illich'),(292,'nehar','2008-11-10 02:33:49','','But it does move!','','','the-turtle-moves','Galileo Galilei'),(293,'nehar','2008-11-10 02:34:16','','I couldn\'t possibly fail to disagree with you less.','','','fail-to-disagree',''),(294,'nehar','2008-11-10 02:34:37','','My code is not ugly. It\'s battle-scarred.','','','battle-scarred-and-bloodied','comment on slashdot.org'),(295,'nehar','2008-11-10 02:35:02','','Nothing says \"I Love You\" like a restraining order.','','','restraining-order',''),(296,'nehar','2008-11-10 02:35:26','','Reality must take precedence over public relations, for Mother Nature cannot be fooled.','','','feynman-reality','Richard Feynman'),(297,'nehar','2008-11-10 02:35:59','','its not paranoia if they really are out to get you!','','','paranoia',''),(298,'nehar','2008-11-10 02:36:46','','Murphy\'s Law, that brash proletarian restatement of Godel\'s Theorem.','','','murphy-and-godel','Thomas Pynchon, \"Gravity\'s Rainbow\"'),(299,'nehar','2008-11-10 08:33:27','','None more black.','','','how-much-more-black-could-this-be','Spinal Tap'),(300,'nehar','2008-11-10 08:34:33','','the four most dangerous words in the world for your financial health are \"This time, it\'s different.\" It\'s never different. It\'s always the same, but with bigger numbers.','','','its-always-the-same','Andy Serwer and Allan Sloan, \"How Financial Madness Overtook Wall Street\"'),(301,'nehar','2008-11-10 08:35:12','','The fog of time. it obscure past transgressions. it makes the future alluring. And silently smothers the life out of us all.\r\n','','','boasas-the-fog-of-time','Steven L. Cloud, \"Boy on a Stick and Slither\"'),(302,'nehar','2008-11-10 08:37:07','','*Tesla isn\'t going  belly up. They are waiting  with further developing their Sedan until they can get a cheaper loan. next year or so. *\r\n\r\nHa ha  ha. And  the economy  is basically sound.  Elvis and  Hoffa are alive. Oswald  just came up with the  idea to kill Kennedy out of the blue. Bush\'s advisers are competent.  The Taliban are going to realize the error of their ways. Iraq as a muslim state is going to be so much more  friendly and peaceful than the secular dictatorship  was. The billionaire\'s bailout will make everything all better. Sending all of our  industry overseas will  improve our economy. Obama is the Messiah. Things are really going  to change now. Duke Nukem Forever is almost ready. Vista was a great achievement and everybody loves it.','','','slashdot-rainbows','comment on slashdot.org'),(303,'nehar','2008-11-10 08:37:36','','You might not be interested in the cloud, but the cloud is interested in you.','','','slashdot-the-cloud','comment on slashdot.org'),(304,'nehar','2008-11-11 08:19:13','','I write this in the midst of  things, in the middle of time. The world extends away on every side, taking its coordinates from a quite center fitfully seized as self, which, like Wallace Stevens\'s snowman, listens and beholds\r\n\r\n   Nothing that is not there and the nothing that is.','','','thenothingthatis-nothing-that-is-not-there','Robert Kaplan, \"The Nothing that Is: A Natural History of Zero\"'),(305,'nehar','2008-11-11 08:21:46','','But Parmenides was a poet, and you miss the music if you point out to a poet that his love isn\'t really a red red rose.','','','thenothingthatis-red-red-rose','Robert Kaplan, \"The Nothing that Is: A Natural History of Zero\"'),(306,'nehar','2008-11-11 08:22:34','','...But what  if a  moment of  Being takes hold  and you  wonder: why  is there anything at all rather than nothing?  Why should I, just I, against whose ever existing so many odds were ranged,  in fact be alive?  And in the... extremity of this mood:  why should this frail universe, an ace  from nothing, have come\r\nto be?\r\n\r\n...Some have  called it not  a question but  a disease, for which  the Germans have the rumbling name  \'Grubelshucht\': moping melancholy mad. Logicians would remind you that it is no more than  the tautology: \'Why is what is ?\' - and no less than a tautology those in its grip remind you.','','','thenothingthatis-why-the-nothing-that-is','Robert Kaplan, \"The Nothing that Is: A Natural History of Zero\"'),(307,'nehar','2008-11-11 08:23:08','','How striking that in  a world run on retribution, good can be made again by no more than forgiving bad.','','','thenothingthatis-retribution','Robert Kaplan, \"The Nothing that Is: A Natural History of Zero\"'),(308,'nehar','2008-11-11 08:24:12','','*Animula vagula blandula*, the little soul wavers away, wrote the Emperor  Hadrian. How irretrievably unjust that yours, stored with its singular cargo,  should break up forever. Or is it the puzzling ship of Theseus that every sleep pulls apart to its least peg and every waking rebuilds with new matter in the old form, so that there is no I to your I, no continuing self, but  successive semblances that fade and wear out at last?','','','thenothingthatis-animula-vagula-blandula','Robert Kaplan, \"The Nothing that Is: A Natural History of Zero\"'),(309,'nehar','2008-11-11 08:24:50','','But what were  pulpit thunders to the silent certainties, in the dark night of the soul, that zero was only the beginning of endless negation?\r\n\r\nOver this nether millstone grinds another in contrary motion: detest your self as you may, how devastating to think of losing it. By an act of mind no logic can sanction yet fantasy distills, you see the world as it would be without your presence to see it and despair as John Bunyan did: \'...what it was to be weary of my life, and yet afraid to die.\'','','','thenothingthatis-but-what-were-pulpit-thunders','Robert Kaplan, \"The Nothing that Is: A Natural History of Zero\"'),(310,'nehar','2008-11-11 08:25:28','','Behind the  fabric of our vision  we are the scene-shifters  and puppeteers: a disembodied company from the standpoint of the world\'s to-ing and fro-ing.','','','thenothingthatis-behind-the-fabric-of-our-vision','Robert Kaplan, \"The Nothing that Is: A Natural History of Zero\"'),(311,'nehar','2008-11-11 08:25:54','','The Adam impulse is alive within us still, making us hope, as the child Darwin did, that plants will tell us their  names, and their names will tell us their nature.','','','thenothingthatis-the-adam-impulse','Robert Kaplan, \"The Nothing that Is: A Natural History of Zero\"'),(312,'nehar','2008-11-11 08:26:20','','...by grasping the equation that governs the fall of a sparrow - we could at last bring all the accidents of living into the theater of thought.','','','thenothingthatis-the-fall-of-a-sparrow','Robert Kaplan, \"The Nothing that Is: A Natural History of Zero\"'),(313,'nehar','2008-11-11 08:27:48','','...since each of us correctly knows that ours is the unique center. We call it \'I\', and  suppose that others, in  some way that imagination  alone can grasp, mean by it for their selves what we mean by it for ours. Recognizing that they say \'I\'  in the same  way we do  severs at the same  time that it  connects us definitively to the world.\r\n\r\nIt is a paradox we accommodate ourselves to without ever resolving.\r\n\r\n... And this zero of  self - since it lies behind sense, do we grasp it as absence? If it is the grasper,  do we grasp  it at  all? Perhaps  in stalled moments; perhaps  as a  flicker out  of the corner  of the  eye; perhaps as a shadow in the slanting light of fear, never coming on a snake\r\n\r\n*Without a tighter breathing\r\nAnd zero at the bone.*\r\n\r\nDanger makes us know that we store something precious - but not what it is. We bear a message we cannot read.\r\n','','','thenothingthatis-zero-at-the-bone','Robert Kaplan, \"The Nothing that Is: A Natural History of Zero\"'),(314,'nehar','2008-11-11 08:28:22','','So one sets at the Bris ceremony  an empty place for Elijah. He may come in the form of a beggar or to announce the end of days. Like Lord Krishna invoked by the milkmaid\'s song in E.M. Forster\'s *Passage to India*, he may not come at all. \'I say to him come, come, come. He neglects to come.\'','','','thenothingthatis-so-one-sets','Robert Kaplan, \"The Nothing that Is: A Natural History of Zero\"'),(315,'nehar','2008-11-11 08:30:08','','...like an explorer you may seek  to distance yourself from a provincial past, rejoicing in the essentially singular.  Nothing new under the sun? Then beyond it! And  while we  are all over-reachers  on a  negligible speck of  dust, the cosmologists among us seem to belong to the second camp.\r\n\r\n... believing what as humans they can\'t help but believe, that what is out there is unequivocal and   -  unlike scripture  - independent of our interpretations.','','','thenothingthatis-like-an-explorer','Robert Kaplan, \"The Nothing that Is: A Natural History of Zero\"'),(316,'nehar','2008-11-11 08:30:32','','Shall we scribble  across our canvas, as  da Vinci did again and  again in old age, \'Di  mis se mai  fu fatta  alcuna cosa\': Tell  me if ever  *anything* was finished?','','','thenothingthatis-shall-we-scribble','Robert Kaplan, \"The Nothing that Is: A Natural History of Zero\"'),(317,'nehar','2008-11-11 08:31:25','','...  In it he  says that  the stars  dot the  sky like  zeros \'because  of the nullity  of  metempsychosis\', the Creator reckoning the sum total on the ink-blue sky with a bit of moon for chalk.','','','thenothingthatis-nullity-of-metempsychosis','Robert Kaplan, \"The Nothing that Is: A Natural History of Zero\"'),(318,'nehar','2008-11-11 08:31:57','','...so the light of a billion stars,  the background hum from the Big Bang, and ever  fainter echoes  of countless  pasts  are expanding  through one  another everywhere, making the hollow night claustrophobic.','','','thenothingthatis-claustrophobic','Robert Kaplan, \"The Nothing that Is: A Natural History of Zero\"'),(319,'nehar','2008-11-11 08:32:21','','Only selective  forgetting of the past lets  us move on, taking  what was once dubious as the most banal of  certainties, what was gained through struggle as our birthright.','','','thenothingthatis-selective-forgetting','Robert Kaplan, \"The Nothing that Is: A Natural History of Zero\"'),(320,'nehar','2008-11-11 08:32:53','','One  of history\'s appealing  paradoxes is  that we  have to  look ahead  to see behind: look  at the scattered effects  to deduce causes,  at likenesses among descendants to know their ancestors\' features.','','','thenothingthatis-look-ahead','Robert Kaplan, \"The Nothing that Is: A Natural History of Zero\"'),(321,'nehar','2008-11-11 08:33:21','','...it is  a loss to replace  a story rich  in the accidents ad  ambiguities of time with an uplifting tale.\r\n\r\n...Because every story, like every dream,  has a deep point, where all that is said sounds oracular, all that is seen, an omen. Interpretations seethe around these images like froth in a cauldron.','','','thenothingthatis-froth-in-a-cauldron','Robert Kaplan, \"The Nothing that Is: A Natural History of Zero\"'),(322,'nehar','2008-11-11 08:34:48','','It isn\'t so  much a disclosing by nature  as a closing off of  inner life that leaves the world monochrome. You withdraw (defensively, perhaps) your interest from yourself - for a time, you think; or from someone you now once loved. The chill, unbidden,  widens to your kith  and then your kind.  The universe looks lovelessly back at you. You  display a while your worldly disenchantment; then a sophisticated cynicism; then cynicism plain; then disengagement leaves you in your corner,  visited now and again by  grotesque visions: \'as soon  as one is ill,\' says Svidrigailovto Raskolnikov in Dostoyevsky\'s *Crime and punishment*,\r\n\r\n   *as  soon as  the normal  earthly order  of the  organism is  broken, one\r\n   begins to realize the possibility of  another world ... And what if there\r\n   are only spiders there, or something  of that sort ... We always imagine\r\n   eternity as  something beyond our conception, something  vast, vast! But\r\n   why must it be vast? Instead of  all that, what if it\'s one little room,\r\n   like a bath-house  in the country, black and grimy  and spiders in every\r\n   corner, and that\'s all eternity is?*\r\n\r\nDo  you  find  this  claustrophobia  worse, I  wonder,  than  the  agoraphobic boundless emptiness?','','','thenothingthatis-it-isnt-so-much-a-disclosing','Robert Kaplan, \"The Nothing that Is: A Natural History of Zero\"'),(323,'nehar','2008-11-11 08:35:21','','Could there be any zero more negative than this? One: the world and everything in it  (hence, trivially, yourself  too) picked bare  of meaning. It  takes no more that  looking down at the furrow  you followed and discovering  it is the track of a million year glacier; it  takes just drawing aside the blue veil of sky and  seeing the mindless  expanse of cause  and effect: suddenly  all that shone now only glitters.','','','thenothingthatis-zero-more-negative-than-this','Robert Kaplan, \"The Nothing that Is: A Natural History of Zero\"'),(324,'nehar','2008-11-11 08:38:09','','...  the beast in his jungle was that there was no beast, no response to passion: this figure  haunts our  fiction and  our fact,  the *salaryman* of Japanese society, the company man, the  fungible folk of our office culture, who retreat to virtual reality games at home. The worst of it is that, unlike Marcher, most never awake to the truth that they haven\'t lived.\r\n\r\nThis was *le neant*, the nothingness at the heart of existentialism: the rare recognition of which brought nausea - and so a moment in which to choose what you would be (since all choices, being choices, were  equally unnecessiated, equally arbitrary, equally without prior meaning). You begin to live with this random choice, embraced at random, and in living it out you made your essence.\r\n\r\n...The  fashion for existentialism passed, preserved now only in successive waves of adolescence, before the getting and the spending set in.  At least those who haven\'t awoken are lost in their dreams.','','','thenothingthatis-the-beast-in-the-jungle','Robert Kaplan, \"The Nothing that Is: A Natural History of Zero\"'),(325,'nehar','2008-11-11 08:39:03','','Who would go further back and question these laws must await, like the Spartans, their lawgiver\'s return, and abide by the promise to keep them until then. But Lycurgus never returned: that was his parting gift to Sparta.','','','thenothingthatis-question-these-laws','Robert Kaplan, \"The Nothing that Is: A Natural History of Zero\"'),(326,'nehar','2008-11-13 07:39:18','','You should regard each meeting with a  friend as a sitting he is unwittingly giving you for a portrait - a portrait that, probably, when you or he die, will still  be unfinished. For however handsome and merry may be the face, however rich may be the background, in the first rough sketch of each portrait, yet  with every added stroke of the brush, with every tiny readjustment of the \"values\", with every modification of the chiaroscuro, the eyes looking out at you grow more disquieting. And, finally, it  is your own face that you are staring at in terror, as in a mirror by candlelight. when all the house is still.\r\n','','','ludinthemist-all-the-house-is-still','Hope Mirrlees, \"Lud-In-The-Mist\"'),(327,'nehar','2008-11-13 07:40:34','','He knew so well  both that sense of emptiness, that drawing  in of the senses, so that the  physical world vanishes, while you yourself at  once swell out to fill its place, and at the same time shrink to a millionth part of your former bulk,  turning into  a mere  organ of  suffering without  thought  and without emotions; he knew also that other phase, when one seems to be flying from days and months, like a stag from its hunters - like the fugitives, from the moon.','','','ludinthemist-fugitive','Hope Mirrlees, \"Lud-In-The-Mist\"'),(328,'nehar','2008-11-13 07:42:11','','It had generated  in him what one  can only call a wistful  yearning after the prosaic things  he already possessed.  It was as  if he thought he  had already lost what he was actually holding in his hands.  \r\n...Hence, at times, he would gaze on the present with the agonizing tenderness of one who gazes on the past.','','','ludinthemist-gazes-on-the-past','Hope Mirrlees, \"Lud-In-The-Mist\"'),(329,'nehar','2008-11-13 07:44:05','','She was very white, and there were violet shadows under her eyes.  \r\nMaster Nathaniel stood silently at the door for a few seconds watching her. There came into his head the lines of an old song of Dorimare: -\r\n\r\n*I\'ll weave her a wreath of the flowers of grief\r\nThat her beauty may show the brighter*\r\n\r\nAnd suddenly he saw her with the glamour on her that used to madden him in the days of his courtship, the glamour of something that is delicate, and shadowy, and far-away - the glamour that lets loose the lust of the body of a man for the soul of a woman.','','','ludinthemist-flowers-of-grief','Hope Mirrlees, \"Lud-In-The-Mist\"'),(330,'nehar','2008-11-13 07:45:56','','This possibility filled him with an indescribable anguish. Suddenly he remembered about Ranulph. Ranulph had gone to the country from which there is no return.\r\n*But he was going to follow him there and fetch him back.*\r\nNothing would stop him - he would push, if necessary, through fold after fold of dreams until he reached their heart. ','','','ludinthemist-folds-of-dreams','Hope Mirrlees, \"Lud-In-The-Mist\"'),(331,'nehar','2008-11-14 07:23:09','','It was many and many a year ago,\r\n  In a kingdom by the sea,\r\nThat a maiden there lived whom you may know\r\n  By the name of Annabel Lee;--\r\nAnd this maiden she lived with no other thought\r\n  Than to love and be loved by me.\r\n\r\nShe was a child and I was a child,\r\n  In this kingdom by the sea,\r\nBut we loved with a love that was more than love--\r\n  I and my Annabel Lee--\r\nWith a love that the winged seraphs of heaven\r\n  Coveted her and me.\r\n\r\nAnd this was the reason that, long ago,\r\n  In this kingdom by the sea,\r\nA wind blew out of a cloud by night\r\n  Chilling my Annabel Lee;\r\nSo that her high-born kinsman came\r\n  And bore her away from me,\r\nTo shut her up in a sepulcher\r\n  In this kingdom by the sea.\r\n\r\nThe angels, not half so happy in Heaven,\r\n  Went envying her and me:--\r\nYes! that was the reason (as all men know,\r\n  In this kingdom by the sea)\r\nThat the wind came out of a cloud, chilling\r\n  And killing my Annabel Lee.\r\n\r\nBut our love it was stronger by far than the love\r\n  Of those who were older than we--\r\n  Of many far wiser than we-\r\nAnd neither the angels in Heaven above,\r\n  Nor the demons down under the sea,\r\nCan ever dissever my soul from the soul\r\n  Of the beautiful Annabel Lee:--\r\n\r\nFor the moon never beams without bringing me dreams\r\n  Of the beautiful Annabel Lee;\r\nAnd the stars never rise but I see the bright eyes\r\n  Of the beautiful Annabel Lee;\r\nAnd so, all the night-tide, I lie down by the side\r\n  Of my darling, my darling, my life and my bride,\r\n     In her sepulcher there by the sea--\r\n     In her tomb by the side of the sea.','','','poe-annabel-lee','Edgar Allan Poe, \"Annabel Lee\"'),(421,'nehar','2009-04-20 22:48:51','django blog','When I started thinking about setting up this site, I had some trouble finding examples of how other people were approaching a blog like app. I\'m putting up the code for this site in the hope it\'s useful to other beginners like me. Wherever I\'ve used other people\'s code (such as the pagination tag or the https redirect middleware), I\'ve tried to ensure I\'ve attributed them in the code or in the documentation.\r\n\r\nFeel free to use, modify,distribute, whatever, this code as you please - as far as i\'m concerned this code is in the public domain (at least the parts i wrote).\r\n\r\nDrop me a line if you\'ve got comments,suggestions, or questions - feedback would be appreciated.\r\n\r\nsvn link: <https://svn.nehar.webfactional.com/blog/trunk/>','','','django-blog','nehar'),(332,'nehar','2008-11-14 07:29:13','','All you touch and all you see,\r\nIs all your life will ever be.','','','pink-floyd-breathe','Pink Floyd, \"Breathe\"'),(333,'nehar','2008-11-16 11:13:07','','**DragonflyBlade21**: A woman has a close male friend. This means that he is probably interested in her, which is why he hangs around so much. She sees him strictly as a friend. This always starts out with, you\'re a great guy, but I don\'t like you in that way. This is roughly the equivalent for the guy of going to a job interview and the company saying, You have a great resume, you have all the qualifications we are looking for, but we\'re not going to hire you. We will, however, use your resume as the basis for comparison for all other applicants. But, we\'re going to hire somebody who is far less qualified and is probably an alcoholic. And if he doesn\'t work out, we\'ll hire somebody else, but still not you. In fact, we will never hire you. But we will call you from time to time to complain about the person that we hired.','','','bashdotorg-youre-just-not-our-type','bash.org, \"#414593 +(10409)- [X]\"'),(335,'nehar','2008-11-16 11:18:15','','**DmncAtrny**: I will write on a huge cement block \"BY ACCEPTING THIS BRICK THROUGH YOUR WINDOW, YOU ACCEPT IT AS IS AND AGREE TO MY DISCLAIMER OF ALL WARRANTIES, EXPRESS OR IMPLIED, AS WELL AS DISCLAIMERS OF ALL LIABILITY, DIRECT, INDIRECT, CONSEQUENTIAL OR INCIDENTAL, THAT MAY ARISE FROM THE INSTALLATION OF THIS BRICK INTO YOUR BUILDING.\"  \r\n**DmncAtrny**: And then hurl it through the window of a Sony officer  \r\n**DmncAtrny**: and run like hell','','','bashdotorg-brick-eula','bash.org, \"#577451 +(5618)- [X]\"'),(336,'nehar','2008-11-16 11:27:00','','**@Logan**: I spent a minute looking at my own code by accident.  \r\n**@Logan**: I was thinking \"What the hell is this guy doing?\"','','','bashdotorg-looks-like-perl','bash.org, \"#6824 +(3983)- [X]\"'),(337,'nehar','2008-11-16 11:28:23','','**NHBoy**: I broke my G-string while fingering a minor :(  \r\n**rycool**: ...  \r\n**NHBoy**: I was trying to play Knocking on Heaven\'s Door.  \r\n**NHBoy**: Oh well, time to buy new strings.','','','bashdotorg-d-is-more-common','bash.org, \"#352172 +(5462)- [X]\"'),(338,'nehar','2008-11-16 11:29:47','','**Sonium**: someone speak python here?  \r\n**lucky**: HHHHHSSSSSHSSS  \r\n**lucky**: SSSSS  \r\n**Sonium**: the programming language','','','bashdotorg-python','bash.org, \"#400459 +(6482)- [X]\"'),(349,'nehar','2008-11-16 11:54:44','','But trust is the color of a dark seed growing.\r\nTrust is the color of a heart\'s blood flowing.\r\nTrust is the color of a soul\'s last breath.\r\nTrust is the color of death.','','','jordan-trust-is-the-color-of-death','Robert Jordan, \"Wheel of Time\"'),(352,'nehar','2008-11-17 09:23:09','','It\'s never over. The battle\'s never done.','','','jordan-its-never-over','Robert Jordan, \"Wheel of Time\"'),(353,'nehar','2008-11-17 09:24:03','','What did ya do with your burden and your cross?\r\nDid you carry it yourself or did you cry?\r\nYou and I know that a burden and a cross,\r\nCan only be carried on one man\'s back.','','','louden-wainwright-burden-and-cross','Louden Wainwright III'),(354,'nehar','2008-11-17 09:24:50','','In a Wonderland they lie,\r\nDreaming as the days go by,\r\nDreaming as the summers die:\r\n\r\nEver drifting down the stream--\r\nLingering in the golden gleam--\r\nLife, what is it but a dream?\r\n\r\n\r\n','','','lewis-carrol-through-the-looking-glass','Lewis Carrol, \"Through the looking glass\"'),(341,'nehar','2008-11-16 11:36:21','','**drmason**: there was this one time I was wanking to porn...  \r\n**drmason**: ... I kept a javascript tutorial open in another window so my parents didn\'t start wondering why I was always on the desktop with no windows showing  \r\n**drmason**: so I\'m just about to splurge when I suddenly hear my dad coming up the stairs  \r\n**drmason**: alt-tabbed to the other window and tried to pull my boxers up... computer stalled JUST THEN as my dad was opening the door  \r\n**drmason**: I just stood up and was like \"fuck... dad this honestly isn\'t what it looks like\"  \r\n**drmason**: and he glanced at the screen and said \"I sure hope so because it looks like you\'re masturbating to a fucking javascript tutorial\"','','','bashdotorg-javascript','bash.org, \"#454203 +(4676)- [X]\"'),(343,'nehar','2008-11-16 11:38:07','','**asr**: \'fo sheezy.  \r\n**Sabboth**: what the fuck does that mean in English? you should understand that having a day job precludes me from \'keeping it real\' and as such, I lack a certain familiarity with the language of the \'streets\' as it were.','','','bashdotorg-street-speak','bash.org, \"#2635 +(3519)- [X]\"'),(344,'nehar','2008-11-16 11:40:09','','**ckx**: i used to drink  \r\n**ckx**: now i just inject it straight into my arm  \r\n**ckx**: i think i\'m in the upper epsilion of alcoholism','','','bashdotorg-alcohol','bash.org, \"#920 +(165)- [X]\"'),(346,'nehar','2008-11-16 11:41:46','','**RevNeptho:** gethostbyintuition() is still a dream of mine','','','bashdotorg-gethostbyintution','bash.org, \"#368 +(393)- [X]\"'),(348,'nehar','2008-11-16 11:44:24','','Information is not knowledge\r\nKnowledge is not wisdom\r\nWisdom is not truth\r\nTruth is not beauty\r\nBeauty is not love\r\nLove is not music\r\nMusic is the best.','','','frank-zappa-music-is-the-best','Frank Zappa'),(355,'nehar','2008-11-17 09:25:35','','Love is a word that is constantly heard,\r\nHate is a word that is not.\r\nLove, I am told, is more precious than gold.\r\nLove, I have read, is hot.\r\nBut hate is the verb that to me is superb,\r\nAnd Love but a drug on the mart.\r\nAny kiddie in school can love like a fool,\r\nBut Hating, my boy, is an Art.','','','nash-love-and-hate','Ogden Nash'),(356,'nehar','2008-11-17 09:26:12','','What a tale of terror, now, their turbulency tells!\r\nIn the startled ear of night\r\nHow they scream out their affright!\r\nToo much horrified to speak,\r\nThey can only shriek, shriek,\r\nOut of tune,\r\nIn a clamorous appealing to the mercy of the fire,\r\nIn a mad expostulation with the deaf and frantic fire,\r\nLeaping higher, higher, higher,\r\nWith a desperate desire,\r\nAnd a resolute endeavor,\r\nNow- now to sit or never,\r\nBy the side of the pale-faced moon.\r\n','','','poe-the-bells','Edgar Allan Poe, \"The Bells\"'),(357,'nehar','2008-11-17 09:26:53','','You were laying on the carpet\r\nlike you\'re satin in a coffin.\r\nYou said, \"Do you believe what you\'re sayin\'?\"\r\nYeah right now, but not that often.','','','modest-mouse-satin-in-a-coffin','Modest Mouse, \"Satin in a Coffin\"'),(358,'nehar','2008-11-17 09:27:37','','Beauty never slumbers;\r\nAll is in her name;\r\nBut the rose remembers\r\nThe dust from which it came.\r\n','','','millay-beauty-never-slumbers','Edna St. Vincent Millay'),(359,'nehar','2008-11-17 09:28:12','','Rest not! Life is sweeping by;\r\n go and dare before you die.\r\nSomething mighty and sublime, \r\nleave behind to conquer time.','','','goethe-conquer-time','Johann Wolfgang von Goethe'),(360,'nehar','2008-11-17 09:28:51','','And thus the heart will break, yet brokenly live on.','','','byron-childe-harolds-pilgrimage','Lord Byron, \"Childe Harolds Pilgrimage, Canto iii\"'),(361,'nehar','2008-11-17 09:29:37','','I walked beside the evening sea\r\nAnd dreamed a dream that could not be;\r\nThe waves that plunged along the shore\r\nSaid only: \"Dreamer, dream no more!\"','','','curtis-i-walked-beside-the-evening-sea','George William Curtis'),(362,'nehar','2008-11-17 09:30:28','','We are the music-makers,\r\nAnd we are the dreamers of dreams,\r\nWandering by lone sea breakers,\r\nAnd sitting by desolate streams;\r\nWorld-losers and world-forsakers,\r\nOn whom the pale moon gleams:\r\nYet we are the movers and shakers\r\nOf the world forever, it seems.\r\n...\r\n\r\nWe are afar with the dawning\r\nAnd the suns that are not yet high,\r\nAnd out of the infinite morning\r\nIntrepid you hear us cry --\r\nHow, spite of your human scorning,\r\nOnce more God\'s future draws nigh,\r\nAnd already goes forth the warning\r\nThat ye of the past must die.\r\n...\r\n\r\nGreat hail! we cry to the comers\r\nFrom the dazzling unknown shore;\r\nBring us hither your sun and your summers;\r\nAnd renew our world as of yore;\r\nYou shall teach us your song\'s new numbers,\r\nAnd things that we dreamed not before:\r\nYea, in spite of a dreamer who slumbers,\r\nAnd a singer who sings no more.\r\n','','','oshaughnessy-ode-from-music-and-moonlight','Arthur O\'Shaughnessy, \"Ode from Music and Moonlight\"'),(363,'nehar','2008-11-17 09:31:25','','Come away, O human child!\r\nto the waters and the wild\r\nwith a faery, hand in hand,\r\nfor the world\'s more full of weeping\r\nthan you can understand...','','','yeats-come-away','W. B. Yeats'),(364,'nehar','2008-11-17 09:32:15','','Take this kiss upon the brow!\r\nAnd, in parting from you now,\r\nThis much let me avow-\r\nYou are not wrong, who deem\r\nThat my days have been a dream;\r\nYet if hope has flown away\r\nIn a night or in a day,\r\nIn a vision, or in none,\r\nIs it therefore less gone?\r\nAll that we see or seem\r\nIs but a dream within a dream.','','','poe-a-dream-within-a-dream','Edgar Allen Poe, \"A Dream Within A Dream\"'),(365,'nehar','2008-11-17 09:32:44','','And all shall be well\r\nAnd all manner of things shall be well.\r\nWhen the tongues of flame are in-folded\r\nInto the crowned knot of fire,\r\nAnd the fire and the rose are one.','','','eliot-four-quartets','T. S. Eliot, \"Four Quartets\"'),(366,'nehar','2008-11-17 09:33:49','','Oh, the shark has pretty teeth, dear,\r\nAnd he shows them pearly white.\r\nJust a jackknife has Macbeth, dear,\r\nAnd he keeps them out of sight.','','','bertolt-brecht-threepenny-opera','Kurt Weill, Bertolt Brecht, \"Threepenny Opera\"'),(367,'nehar','2008-11-17 09:34:37','','I give her sadness and the gift of pain,\r\na new moon madness and a love of rain.','','','dorothy-parker-the-godmother','Dorothy Parker, \"The Godmother\"'),(368,'nehar','2008-11-17 09:35:26','','You must remember this,\r\na kiss is still a kiss,\r\nA sigh is just a sigh;\r\nThe fundamental things apply,\r\nAs time goes by.','','','herman-hupfeld-as-time-goes-by','Herman Hupfeld, \"As Time Goes By\"'),(369,'nehar','2008-11-17 09:36:07','','And with tears of blood he cleansed the hand,\r\nThe hand that held the steel:\r\nFor only blood can wipe out blood,\r\nAnd only tears can heal.','','','oscar-wilde-the-ballad-of-reading-gaol','Oscar Wilde, \"The Ballad of Reading Gaol\"'),(370,'nehar','2008-11-17 09:36:56','','Look for me by moonlight;\r\nWatch for me by moonlight;\r\nI\'ll come to thee by moonlight,\r\nthough hell should bar the way!','','','alfred-noyes-the-highwayman','Alfred Noyes, \"The Highwayman\"'),(371,'nehar','2008-11-17 09:37:43','','But Fear and the Muse in turn guard the place\r\nWhere the banished poet has gone\r\nAnd the night that comes with quickened pace\r\nIs ignorant of dawn.','','','anna-akhmatova-fear-and-the-muse','Anna Akhmatova'),(372,'nehar','2008-11-17 09:38:33','','I am tired, I am weary\r\nI could sleep for a thousand years\r\nA thousand dreams that would awake me\r\nDifferent colors made of tears.','','','velvet-undeground-venus-in-furs','Velvet Underground, \"Venus in Furs\"'),(373,'nehar','2008-11-17 12:30:10','','If we suffer tamely a lawless attack upon our liberty, we encourage it, and involve others in our doom.','','','sam-adams-not-the-beer','Samuel Adams'),(374,'nehar','2008-11-24 22:27:02','','It\'s dreamy weather we\'re on\r\nYou waved your crooked wand\r\nAlong an icy pond with a frozen moon\r\nA murder of silhouette crows I saw\r\nAnd the tears on my face\r\nAnd the skates on the pond\r\nThey spell Alice\r\n \r\nI disappear in your name\r\nBut you must wait for me\r\nSomewhere across the sea\r\nThere\'s a wreck of a ship\r\nYour hair is like meadow grass on the tide\r\nAnd the raindrops on my window\r\nAnd the ice in my drink\r\nBaby all I can think of is Alice\r\n\r\nArithmetic arithmetock\r\nTurn the hands back on the clock\r\nHow does the ocean rock the boat?\r\nHow did the razor find my throat?\r\nThe only strings that hold me here\r\nAre tangled up around the pier\r\n\r\nAnd so a secret kiss\r\nBrings madness with the bliss\r\nAnd I will think of this\r\nWhen I\'m dead in my grave\r\nSet me adrift and I\'m lost over there\r\nAnd I must be insane\r\nTo go skating on your name\r\nAnd by tracing it twice\r\nI fell through the ice\r\nOf Alice\r\n\r\nAnd so a secret kiss\r\nBrings madness with the bliss\r\nAnd I will think of this\r\nWhen I\'m dead in my grave\r\nSet me adrift and I\'m lost over there\r\nAnd I must be insane\r\nTo go skating on your name\r\nAnd by tracing it twice\r\nI fell through the ice\r\nOf Alice\r\nThere\'s only Alice.','','','tom-waits-alice','Tom Waits, \"Alice\"'),(375,'nehar','2009-01-15 09:30:17','emacs shortcuts','M=alt(meta) key(or escape)\r\n\r\nShell:\r\nM-! command: run \"command\" in a shell\r\nM-| command: run \"command\" in a shell; use region contents as input.\r\nM-x shell:   run interactive shell in window\r\nM-x term:    run interactive shell in window; with full terminal emulation\r\nM-x eshell:  run emacs shell\r\n\r\nMisc modes:\r\nM-x global-font-lock: turn on syntax highlighting.\r\nM-x line-number-mode: toggle line numbers in mode line\r\nM-x column-number-mode: toggle column numbers in mode line\r\nM-x display-time: display time+system load\r\nC-u 66 C-x f: set line length to 66.\r\n\r\nMovement:\r\nM-v scroll forward\r\n\r\nwindows:\r\n         C-x 0  (delete current)\r\n         C-x 1  (delete all others)\r\n         C-x 2  (divide horizontally)\r\n         C-x o  (go to other)\r\n         M C-v  ( scroll other)\r\n         C-x 4 f(find file in other)\r\n\r\ncase conversion:\r\n        C-x C-l (convert select region to lower)\r\n        C-x C-u (convert select region to upper)\r\n        M-l     (convert word to lower and move forward)\r\n        M-u     (convert word to upper and move forward)\r\n        M-c     (capitalize word and move forward)\r\n\r\nsearch and replace:\r\n       M-x replace-string: replace string.\r\n       M-% : queried search and replace.\r\n           options  are:\r\n             Space: replace text and find next\r\n             del:   ingnore current and find next\r\n             .:     replace text and stop\r\n             !:     replace all\r\n             ^:     return to previously replaced text\r\n       C-x M- M-RET: repeat last queried search n replace.\r\n','some shortcuts etc i use frequently.','','emacs-cheatsheet','nehar'),(376,'nehar','2009-01-15 09:34:28','sed','replace first occurrence of foo on each line by bar:\r\nsed -e \'s/foo/bar/g\' myfile.txt\r\n\r\nreplace each occurrence of foo by bar:\r\nsed -e \'s/foo/bar/g\' myfile.txt\r\n\r\nreplace all occurrences of foo with bar but only on lines one through ten (inclusive):\r\nsed -e \'1,10s/foo/bar/g\' myfile2.txt\r\n\r\nadd \",important_datum\" to end of all lines.\r\nsed \'s/$/,important_datum/\' filename\r\n\r\nget the second last field out of a csv file with 6 fields.\r\nsed \'s/^[^,]*,[^,]*,[^,]*,[^,]*,\\([^,]*\\),[^,]*$/\\1/\'','some simple sed magic.','','sed-csv','nehar'),(377,'nehar','2009-01-16 09:12:54','rdesktop','get remote window in 100% of screen:\r\nrdesktop -K hostname.domain.net  -P -g 100% -a 24 -x l -B -u narora\r\n\r\nTo switch between full-screen and windowed mode: ctrl+alt+enter','','','rdesktop-commandline','nehar'),(379,'nehar','2009-01-16 09:17:10','*nix commands','ldd: show shared libraries requied by binary.\r\nulimit: (bash) set or display the os memory limits.\r\ndig -x 10.111.187.1 : get a dns lookup response on ip\r\niconv: convert encoding of file.\r\n\r\n\r\n','some unix/linux commands of use.','','some-unix-commands','nehar'),(381,'nehar','2009-01-16 09:20:04','vi cheatsheet',' ~ in command mode: change case of character under cursor.\r\n\r\n J in command mode: join current line with line below.\r\n\r\n :%s/search_string/rep_string/g  in command mode replaces\r\n all occurances of search_string by rep_string in the file.\r\n\r\n copy/paste in visual mode\r\n\r\n1. v: character based visual selection (visual mode)\r\n    V: line based visual selection\r\n    ^V: vertical block selection\r\n2.  use d/y to cut/copy and p to paste to replace selected text use c\r\n\r\n v[count]>      shift the highlighted lines [count] \'shiftwidth\' right\r\n v[count]<      shift the highlighted lines [count] \'shiftwidth\' left\r\n\r\n','vi shortcuts i keep needing.','','vi-cheatsheet','nehar'),(382,'nehar','2009-01-19 09:13:57','X server','showrgb:    view rgb color-name db (x)\r\nxmode:      Calculate X11 Modelines\r\nwmlist:       lists known windowmanagers\r\nfc-list:        list available fonts\r\nxlsfonts:     server font list displayer for X\r\nglxinfo:      display info about a GLX extension and OpenGL renderer\r\nxdpyinfo:   display information utility for X\r\nsax2 -p :    show detected graphics cards\r\nxfontsel:    point and click selection of X11 font names\r\nxset:         user preference utility for X\r\n\r\nxrdb -load ~/.Xdefaults: reload .Xdefaults\r\nXnest 3 -ac -name Fluxbox & fluxbox -display :3\r\n                run nested window manager (fluxbox in this case)\r\n','some useful X server related commands','','x-server-commands','nehar'),(383,'nehar','2009-01-19 09:18:51','windowmaker','wmsetbg [image]: set desktop background to image.','','','windomwmaker','nehar'),(384,'nehar','2009-01-20 11:04:30','Kill','If you\'ve got a runaway process that\'s respawning faster than you can kill it, then there\'s a couple of nifty Kill tricks:\r\n\r\n1. su to the user and run \"kill -9 -1\", this\'ll kill all of that users processes or more accurately kill all process that you can kill. and kids, don\'t try this as root :)\r\n2. Way cooler way -  \"kill -STOP -1\". This will stop all running processes that can be stopped. you can then kill whichever processes you want (there won\'t be anymore  respawning since all of that users processes are stopped), \r\nthen  \"kill -9\" the rouge processes. \r\n\"kill -CONT\" processes you still want running (kill -CONT -1 to restart all remaining processes.)','how to kill a runaway processes on unix linux.','','unix-kill-command','nehar'),(385,'nehar','2009-01-20 11:40:52','Bash For loop','for ((i=0;i<=42;i+=1)); do  echo $i; done\r\n\\----------\r\n\r\nfor i in {1..42}; do echo $i; done\r\n\\----------\r\n\r\nfor i in $(seq 42); do echo $i; done\r\n\\----------\r\n\r\nx=`ls`; for i in $x; do echo $i; done\r\n','some for loop examples in bash scripting.','','bash-for-loop','nehar'),(386,'nehar','2009-01-23 16:48:57','svn: undoing changes','sucky way:\r\nsvn copy -r [rev] http://server.com/project/trunk http://server/project.com/trunk -m \"reverting\"\r\n\r\nbasically overwrites the trunk with a previous version of the trunk. if someone made changes behind your back then they\'re effed.\r\n\r\n\r\nnice way: \r\nsvn merge -r COMMITTED:PREV http://server.com/project/trunk\r\n\r\nMerging backwards will get rid of everything committed between the two version. So, for instance, the above command gets rid of everything that was committed after PREV to COMMITTED(including COMMITED.)\r\n','subversion magic.','','svn-undoing-changes','nehar'),(387,'nehar','2009-01-23 17:08:01','svn: difference between two revisions','svn  diff  -r231429:HEAD  https://server.com/trunk/foo','some svn diff samples.','','svn-diff-between-two-revisions','nehar'),(388,'nehar','2009-01-23 17:12:11','svn: merging two separate branches','svn merge  https://server.com/trunk@255327 https://server.com/branch@255307','','','svn-merge-url-to-url','nehar'),(389,'nehar','2009-01-23 17:15:08','svn: revert all change in a directory','svn revert --recursive localdirname','revert all changes from local workspace.','','svn-revert','nehar'),(390,'nehar','2009-01-23 17:20:59','svn: Merging a branch back to trunk','branch-dir: Local working directory for branch.\r\ntrunk-dir: Local working directory for trunk.\r\nbranch-url: url of the branch in the svn repository.\r\nN: revision no. at which we branched off.\r\nM: revision no. of trunk head.\r\n \r\n1. cd to the branch local working directory branch-dir (or alternatively check out from repository.) \r\n2. svn log --verbose --stop-on-copy http://branch-url (run svn info to find out svn-branch if you need to) \r\n3. Note the revision number N shown in the earliest log entry (by date) from the output of svn log (from step 2 - this would be the entry right at the end of the log output).\r\n4. cd to local work directory of trunk (trunk-dir) and run svn update (or check out from repository - you don\'t need to run update in this case). \r\n5. Note the revision number M displayed in the \"At revision M\" (or \"Checked out revision M\" if you checked out from trunk instead of running svn update) line from the output of 4. \r\n6. run cd trunk-dir \r\n7. run svn merge --dry-run -rN:M http://branch-url \r\n8. if everything looks all right then run svn merge -rN:M http://branch-url This should apply the differences to the working copy (trunk-dir in this case.)  \r\nNOTE: If the merge does not seem right/yield expected results, or you see an error such as \"Revision x does not match revision y on some file/dir\", revert back the merged code by running svn -R revert, and run the merge again with the --ignore-ancestry option. svn merge --ignore-ancestry -rN:M http://branch-url\r\n 9. svn status to review local modifications - resolve any conflicts. \r\n10. svn commit -m \"message\"\r\n\r\nNote: Make sure that the message you add for the commit includes the range of the merge (e.g. \"merging rN:M to trunk\"). svn DOES NOT track merges in the log, so unless the message contains the revisions merged, that information will be lost.\r\n \r\nAlso, doing the same merge twice is an UNSAFE operation. so doing step 8 twice could leave your local working copy in a trashed state.',' ','','svn-merge-instructions','nehar'),(391,'nehar','2009-01-23 17:50:45','some useful sql queries','constraint query\r\n\r\nalter table DID_NUMBERS disable constraint FK_ACC_ACC_NUM;\r\n\r\nselect table_name,constraint_name from user_constraints where constraint_name like \'FK%\';\r\n\\-------------------\r\n\r\ncopying mySQL table across schemas:\r\n\r\nto copy contents of item_master from billing schema to FUNCTION_TEST schema -\r\nfirst:\r\n\r\nmysqldump -u billing -p -h 10.111.1.100 -B billing --tables ITEM_MASTER -t > item_master.sql\r\n\r\nthen:\r\n\r\n mysql -u function_test -p -D FUNCTION_TEST -h 10.111.1.100 < item_master.sql\r\n\\-------------------\r\n\r\ninvoice tax query:\r\n\r\nselect i.item_code,i.sub_total, t.tax_amount, t.tax_type,\r\n m.transaction_type_pct, m.service_code_pct\r\nfrom INVOICE_ITEM i, INVOICE_ITEM_TAX t, ITEM_MASTER m\r\nwhere i.invoice_number=<invoice number> and i.invoice_item_id = t.invoice_item_id and m.item_code = i.item_code\r\n\\-------------------\r\n\r\ntruncate table statement:\r\n\r\nTRUNCATE TABLE tablename','some mysql queries i need every once in a while.','','sql-queries','nehar'),(392,'nehar','2009-01-24 13:53:21','','Democracies die behind closed doors.','','','democracy','Judge Damon Keith, \"6th U.S. Circuit Court of Appeals, Cincinnati\"'),(393,'nehar','2009-01-25 22:30:36','','Wipe your hand across your mouth, and laugh:\r\nThe worlds revolve like ancient women\r\nGathering fuel in vacant lots.','','','wipe-your-hand','T.S. Eliot, \"Preludes\"'),(394,'nehar','2009-01-25 23:10:20','','I am moved by fancies that are curled\r\nAround these images, and cling:\r\nThe notion of some infinitely gentle\r\nInfinitely suffering thing.','','','moved-by-fancies','T.S. Eliot, \"Preludes\"'),(404,'nehar','2009-02-27 21:18:35','','In the name of trust\r\nIn the name of familiar lies\r\nIn the name of love\r\nwhatever that signifies\r\n\r\nin memory of rust,\r\nin exchange for dust,\r\nfor a little bit more,\r\nmaybe a lot less,\r\neverythings fucked up\r\neverythings a test.\r\n\r\nin the name of trust\r\nwhat would you wanna be\r\nits fucking catharsis\r\nor maybe thats just me\r\n\r\nin memory of rust,\r\nthe bitter taste of dust,\r\ndoesn\'t really matter,\r\nmaybe i\'m blessed,\r\neverythings fuckin awesome,\r\ncan we give it a rest?','','','the-name-of-trust','nehar'),(405,'nehar','2009-02-27 21:20:07','','And i, \r\nwho felt myself promethus unchained in your shadow, \r\nmust shrink to my own form, \r\nknowing that gifts, forsaken or not, remain given.','','','promethus-unmade','nehar'),(406,'nehar','2009-02-27 21:20:46','','by your  very existence you stand  condemned of an  unpardonable act of defiance.\r\n','','','by-your-very-existence','nehar'),(407,'nehar','2009-02-27 21:23:56','','Don\'t even try to comprehend,\r\nlets all just keep trying to pretend,\r\nand when you think of her smiling at the break of day,\r\nremind yourself that it never pays\r\nto need what you need, and want what you want\r\nafter all, it\'s just another one of those days.\r\n\r\nAnd i know we must pay tomorrow,\r\nfor the sins of today\r\nBut baby i\'m too weary\r\nstill paying for yesterday.','','','dont-even-try-to-comprehend','nehar'),(408,'nehar','2009-02-27 21:25:31','','It\'s just a little dance of pain\r\nit\'s just a little sadness,\r\nIts just not worth your while\r\nto believe in all this madness.\r\nAnd when you see in the distance\r\nthose who called your name,\r\nRemember, whatever you might have thought\r\nIt\'s always just a game.\r\n\r\n17th nov 2005\r\n','','','sadness','nehar'),(409,'nehar','2009-02-27 21:26:10','','Darkness comes to ease\r\nwith silent comfort.\r\nFalling shadows bring succor,\r\nsoothing oblivion shrouding lost causes and foolish debts.\r\nTaking some weight of half forgotten pasts.\r\nWith a mortal shuffling gaze i seek some probabilistic explanation of you.\r\nAnd Death brings us all our own passing strangeness.\r\n','','','darkness-comes','nehar'),(410,'nehar','2009-02-27 21:26:34','','you are but a stain on the soul of a fractured reality.','','','reality','nehar'),(411,'nehar','2009-02-27 21:27:53','','as the world falls apart,\r\nwe sit and wait.\r\ni should have been the flaming heart of creation.\r\nyou should have been the burning sword of freedom.\r\nand yet - here we are.\r\nthere is no new story to tell.\r\nthere are no saviors of the sublime.\r\nthere should be.\r\n\r\n27th June 2008\r\n','','','stories','nehar'),(412,'nehar','2009-02-27 21:30:25','','in the time it takes to go back home\r\nin the time it takes to die\r\nin the time it takes to draw a breath\r\nin the time forgetting lies\r\nanother few drops of blood\r\nanother few miserable rhymes\r\nbaby, all it boils down to is,\r\njust a little bit more of my time.','','','little-bit-more-of-my-time','nehar'),(413,'nehar','2009-02-27 21:32:11','','I have spent too much blood on this,\r\nThis scent of a lingering pain\r\nthat so much catharsis hasn\'t washed away.\r\nVisions and love I could speak of,\r\nbut to what end?\r\n\r\nIf you could just see, for a moment, how I see\r\nI would show you a thing so tender and so true,\r\nThat you\'d know belief again, and pain.\r\n\r\nIn every moment that we rebuild our certainties with the breath we draw,\r\nI consecrate another brick to this.\r\n\r\nBut what could I build?\r\nto what purpose?\r\nHow could I keep the soft summer rain\r\nfrom washing away all that stands?\r\n\r\nAnd I am weary. too much blood.\r\nToo much that must be given again and again\r\nfor an edifice built on sand.\r\n\r\n17 July 2005\r\n','','','lingering','nehar'),(414,'nehar','2009-02-27 21:33:22','','We\'re all driven.\r\nAnd the devil dancing on the edge of perception drives you to your destiny,\r\nor your doom\r\nAnd would you dare think  you know which is which?\r\nWould you dare say \"I have seen and understood and I choose\"?\r\nWould you dare stand still and believe?\r\n\r\nAnd even when all you have left is the devil,\r\nthere will always be roses\r\na bit faded and forlorn, maybe,\r\nbut beautiful as you first thought them.\r\n\r\nAnd if I were to say \"Oh, but I have faith\"\r\nwould it matter?\r\nAnd if I were to say that I have seen and thought such beauty,\r\nand I have known such desire, and believed in such madness\r\nthat it can scarce be false,\r\nwould that be any use?\r\n\r\nI know enough not to be fooled,\r\nknow enough not to have false faith and false hope\r\nBut I can hear music that will not be denied\r\nand feel things deeper than I can understand.\r\nAnd what else can you do when you are lost,\r\nbut follow the music?\r\n\r\n15 July 2005, 1:53 am.','','','lost','nehar'),(416,'nehar','2009-03-22 16:24:17','some pieces i\'m playing','I recently decided to go through the standard studies of Sor, Carcassi, and Leo Brouwer. I\'ve been learning a mix of different pieces but it seemed a little haphazard. Hopefully this\'ll give my practicing a little more structure. \r\n\r\nI bought *25 melodic and progressive studies op 60 by Matteo Carcassi* (edited by Eric Dussault, isbn:2-89500-821-3  - this edition doesn\'t contain any left hand fingering), and *Twenty Studies for the Guitar by Fernando Sor* (segovia 2nd edition, isbn: 0-79350436-8) on my instructors recommendation, and will most likely get the brouwer studies once i\'ve made some progress.\r\n\r\nHere\'s the pieces i\'m playing these days - with youtube links of people playing em\'.\r\n\r\n- [etud no. 2, opus 60 - Carcassi](http://www.youtube.com/watch?v=2Lgg-JnTEds) - some random guy playing.\r\n- [etud no. 3 in A, opus 60 - Carcassi](http://www.youtube.com/watch?v=fnGoHClRN0U) - no idea who this dude is.\r\n- [canarios - Gasper Sanz](http://www.youtube.com/watch?v=iyhF9KEiDsc) (John Williams playing - wow, he looks such a nerd in this!)\r\n\r\nHere\'s stuff i\'d *like* to say i\'m playing these days:\r\n\r\n- estudio 1 - Sor, Twenty Studies for the Guitar\r\n- [asturias(leyanda) isaac albeniz](http://www.youtube.com/watch?v=oEfFbuT3I6A) (John Williams playing)','my repertoire','','repertoire','nehar'),(417,'nehar','2009-04-06 17:05:39','why?','apart from the need to add to the vast ocean of mediocrity that is the intrawebs, there\'s a couple of reasons why I wanted to set this blog up.\r\n\r\n1. easier for friends and family to know what I\'m upto  - hi mom, hi dad!\r\n2. needed a place to keep my notes, bookmarks etc. and what could be better than the intertubes!!\r\n3. I\'m sort of a geek and this is the kind of stuff geeks do - i\'m just conforming :)\r\n4. Wanted to learn Django. Haven\'t really had a chance to do much front end stuff (as you can probably tell from the site design.) I\'m hoping to put up a few useful django apps up here in the future, and who knows, someone else might find the code useful.\r\n\r\n\r\nIf you\'re looking to see how the code works, you can check it out from svn: <https://svn.nehar.webfactional.com/blog/trunk/>\r\n\r\n\r\nIf you\'re looking to see how I work, browse through the site. This is how I roll.','','','about','nehar'),(418,'nehar','2009-04-06 17:06:12','Who am i?','I\'m a 28 year old software developer living and working in New Jersey. My interests include computers and technology - obviously, I wouldn\'t set this site up otherwise - playing classical guitar, reading, and generally existing. I also enjoy art, but only as a spectator since I suck at it  - i couldn\'t draw a cat to save my life. I can do a mean fish though. Every once in a while, when the muse is upon me, I write.\r\n\r\nOn regular weekdays, I can be found slaving away at Vonage and even though it\'s not cool to like your employer, I kinda like working for Vonage - sad, but there you go.','','','about','nehar'),(423,'nehar','2009-04-24 18:51:24','enabling java remote debugging','add this to your JAVA_ARGS\r\n-Xdebug -Xrunjdwp:transport=dt_socket,server=y,suspend=n,address=1044\r\n\r\nyou can now connect to port 1044 with the remote debugger.','','','enabling-java-remote-debugging',''),(425,'nehar','2009-05-19 09:07:05','','We are stronger than our skin of flesh and metal, for we carry and share a spectrum of suns and lands that lends us legends as we craft our immortality and interweave our destinies of water and air, leaving shadows that gather color of their own. Until they outshine the substance that cast them.','','','we-are-stronger-than-our-skin','anonymous'),(426,'nehar','2009-06-25 22:57:16','','It\'s far under the old, old sun,\r\nthere is a heart to the heat.\r\nDust blooming like flowers of mist.\r\nThere is memory here,\r\nand a tightening of breath.\r\nAnd serrated edges that focus on the horizon...\r\n... or point at the past - \r\nit\'s always hard to tell.\r\nThe day seems shorter still. \r\nSomehow... Constricted at the pith.\r\nThere is truth to be found here - or so they say.\r\nMaybe. There is a rightness to the thought.\r\nAfter all, there is a feel of something...\r\nat the edges - always at the edges.  \r\nNever mind.  \r\nThis is what I choose to remain.\r\nThis and nothing more.\r\n\r\n2009-06-24, 11:42pm','','','far-under-the-old-old-sun','nehar'),(427,'nehar','2009-07-24 08:25:58','','Yet creeds mean very little, Coth answered the dark god, still speaking almost gently.  The optimist proclaims that we live in the best of all possible worlds; and the pessimist fears this is true.','','','yet-creeds-mean-very-little','James Cabell, \"The Silver Stallion\"'),(428,'nehar','2009-12-12 17:54:32','','And you write in blood,\r\nand you write in blood,\r\nant you write in blood,\r\nsongs that are long dead and gone.\r\n\r\nBy the edge of fear,\r\non the edge of fear,\r\nOn the edge of a rhyme long gone.\r\nOn the edge of a love long gone.\r\n\r\nWe were as gods,\r\nwe were as gods,\r\nwe were as gods \r\nwith the breath of our soul long gone.\r\nThe light of our soul long gone.\r\n\r\nIt\'s made of trust\r\nit\'s made of trust,\r\nit\'s made of trust -\r\nThis need for truth long gone.\r\nThis need to run long gone.\r\n\r\nAnd the brave will die,\r\nand the good will die,\r\nWith the gift of dust all gone.\r\nWhen all the dust is gone.\r\n\r\nThey say you believed,\r\nthey say you foresaw \r\nyou knew it would all be gone.\r\nBefore the foretelling was gone\r\nbefore the innocence was gone.\r\n\r\nIt\'s all the same\r\nIt\'s all the same\r\nyou can taste the truth long gone\r\nthe taint of dust long gone.\r\nThe time is long long gone.\r\n\r\nIt\'s all good, It\'s all fine\r\nwe fucked up the tune\r\nwe missed the beat\r\notherwise was a hell of a song.\r\n\r\n-2009-11-25, 2:06am','been listening to waay too much modest mouse.','','write-in-blood','nehar'),(429,'nehar','2010-02-11 18:04:50','using symmetric encryption with gpg','I like to keep important stuff on my machines encrypted with a pass phrase.\r\n\r\nencrypting:\r\n`gpg -c foo #(puts encrypted file into foo.gpg)\r\nsha512sum  foo.gpg >foo.gpg.sha512 #(generate fingerprint for foo.gpg into foo.gpg.sha512)`\r\n\r\ndecrypting:\r\n`sha512sum -c foo.gpg.sha512 #(check fingerprint; should get back \"foo.gpg: OK\" )\r\ngpg -d foo.gpg #(enter the same pass phrase used to encrypt)`\r\n\r\n','','','using-symmetric-encryption-gpg-i-keep-important-st','nehar'),(430,'nehar','2010-06-03 08:36:07','','If you want to build a ship, don\'t drum up the men to gather wood, divide the work and give orders. Instead, teach them to yearn for the vast and endless sea.','','','vast-and-endless-sea','Antoine de Saint Exupry'),(431,'nehar','2010-08-23 16:43:58','android debug app on device','Here\'s basic setup I needed to get my Samsung Galaxy S to show up under Ubuntu (Jaunty):\r\n\r\ncreate a new file (or a append to existing if you\'ve already got one) /etc/udev/rules.d/51-android.rules with following contents and read all permissions:\r\n\r\n\\#Samsung vendor Id is 04e8\r\nSUBSYSTEM==\"usb\", SYSFS{idVendor}==\"04e8\", SYMLINK+=\"android_adb\", MODE=\"0666\"\r\n\r\nrun:\r\nsudo service udev restart\r\n\r\nif you run adb devices now your device should show up.\r\n\r\ngot this information from:\r\n<http://eddieringle.com/debugging-your-android-application-on-the-g1-or-any-android-device-in-ubuntu-904/>\r\n\r\nand here:\r\n<http://groups.google.com/group/android-developers/browse_thread/thread/1c55ed426623e2b8>','','','android-debug-app-device','nehar'),(432,'nehar','2010-08-25 14:54:18','awk','get a count of  unique values in the first column of file (foo is the file name):\r\n\r\ncat foo  | awk -F \\\\, \'{print $1}\' | sort -u | wc  -l\r\n\r\nreplace the comma with whatever your field separator is. replace $1 with whatever column number you\'re looking for. Counts unique values - get rid of sort -u to get everything.','awk awk','','awk-column-capture','nehar'),(433,'nehar','2010-09-21 08:18:28','ubuntu  high disk io (ureadahead)','Ran into this a couple of times - started seeing constantly high activity on my laptop (apparently happens in earlier versions of Ubuntu too.)  log messages had a bunch of messsages like \"ureadahead-other main process (1111) terminated with status 2\"\r\n\r\nin my case was caused by me having hibernated my windows partition which Ubuntu kept trying to mount - so for me the fix was easy - restart and do a full windows shutdown. \r\n\r\nif you don\'t wanna reboot - http://www.mail-archive.com/ubuntu-bugs@lists.ubuntu.com/msg2014163.html ','','','ubuntu-high-disk-io-ureadahead','nehar'),(434,'nehar','2011-03-07 07:54:34','','The ones that win are the ones that ship.',' http://diveintohtml5.org/past.html','','ones-win-are-ones-ship','Mark Pilgrim'),(435,'nehar','2013-07-12 07:21:09','','For a few brief moments in time, we become the things that we do.','','','few-brief-moments-time-we-become-things-we-do','nehar'),(436,'nehar','2014-09-02 01:52:28','','I am the shell. I am the words.\r\nMemory before loss\r\nThought before the grave.\r\nWords are lost, language dies\r\nYet there must remain believers - bereft of faith if need be\r\nTo mark the passing of the divine.','','','i-am-shell-i-am-words-memory-loss-thought-grave-wo','nehar'),(437,'nehar','2014-09-20 22:47:51','','And how can man die better\r\nThan facing fearful odds,\r\nFor the ashes of his fathers,\r\nAnd the temples of his Gods.\"','','','and-how-can-man-die-better-facing-fearful-odds-ash','Thomas Babington Macaulay, Horatius/Lays of Ancient Rome'),(438,'nehar','2014-10-14 07:31:37','','In this mad spinning world \r\nYou - you are the immovable center \r\nAnchoring my reality\r\nWith your very being, shaping the fiber of mine. \r\nI know of the impermanence of life \r\nThe triviality of existence \r\nBut in theses few moments of peace \r\nI can feel the shape of eternities.','','','mad-spinning-world-you-you-are-immovable-center-an','nehar, 2012-10-08'),(439,'nehar','2015-06-13 15:43:44','','In this liquid world,\r\nIn this fluid, fluid, fluid world\r\nHow do I remember to run and breathe at the same time. \r\nRun, run, run while the minutes drain through\r\nMine and yours, darkness claims its piece of flesh. \r\nI raise my hand - and my armies rise\r\nI raise my hands - and the blood tide rises\r\nIn this crumbling place, in this tiny narrow place\r\nIn this mean small space. \r\n\r\nRemember this. \r\nI raise my hands \r\nRemember this\r\nI raise my head\r\nRemember this\r\nI raise my eyes\r\nRemember this\r\nlook up at the sky\r\nRemember this - before the breath slips away. \r\n\r\nThere were those of us who thought of this\r\nThere were those of us who remembered this\r\nIn this liquid world \r\nIn this fluid, fluid, fluid world\r\nBreathe and run, breathe and run, breathe and run\r\nHow do I remember to breathe and run at the same damn time\r\nOn this spinning, rocking world\r\nThe divine slips away as we run and breathe, \r\nrun and breathe, \r\nrun and breathe,\r\nrun and breathe, \r\none last damn time. \r\n\r\n\r\n','','','liquid-world-fluid-fluid-fluid-world-how-do-i-reme','nehar, 05/21/2015, 10:30 pm'),(440,'nehar','2016-01-24 22:13:41','','In some slow time,\r\nand another deeper space,\r\nI could be bigger than this...\r\nI would be - more unfathomable.\r\nA broader river winds through \r\nthe woods,\r\nand I would follow if I could \r\nThe brighter starlight that falls -\r\nif only I could see it as I should.\r\n\r\nWhile all the truth that I can muster waits\r\nexpectant... lingering, in the silence,\r\nthe slowed time passes...\r\n...and the  wider spaces shrink.','','','some-slow-time-and-another-deeper-space-i-could-be','nehar, 06/22/2015');
/*!40000 ALTER TABLE `posts_post` ENABLE KEYS */;
UNLOCK TABLES;

--
-- Table structure for table `posts_post_post_tags`
--

DROP TABLE IF EXISTS `posts_post_post_tags`;
/*!40101 SET @saved_cs_client     = @@character_set_client */;
/*!40101 SET character_set_client = utf8 */;
CREATE TABLE `posts_post_post_tags` (
  `id` int(11) NOT NULL AUTO_INCREMENT,
  `post_id` int(11) NOT NULL,
  `tag_id` int(11) NOT NULL,
  PRIMARY KEY (`id`),
  UNIQUE KEY `post_id` (`post_id`,`tag_id`)
) ENGINE=MyISAM AUTO_INCREMENT=3012 DEFAULT CHARSET=latin1;
/*!40101 SET character_set_client = @saved_cs_client */;

--
-- Dumping data for table `posts_post_post_tags`
--

LOCK TABLES `posts_post_post_tags` WRITE;
/*!40000 ALTER TABLE `posts_post_post_tags` DISABLE KEYS */;
INSERT INTO `posts_post_post_tags` VALUES (1621,13,7),(1625,101,31),(2115,14,28),(1620,13,28),(2172,12,28),(2173,12,7),(2114,14,34),(2163,15,7),(2162,15,28),(2165,16,7),(2164,16,28),(2195,17,28),(2167,18,28),(2166,18,11),(2171,19,30),(2170,19,29),(2169,19,28),(2175,20,31),(2174,20,28),(2177,21,7),(2176,21,28),(2179,22,7),(2178,22,28),(2180,23,28),(2181,23,7),(2183,24,7),(2182,24,28),(2184,25,32),(2185,25,28),(2186,25,7),(2551,26,28),(2552,26,31),(2189,27,7),(2188,27,28),(2187,27,32),(2237,28,28),(2238,28,31),(2250,29,31),(2249,29,28),(2454,30,7),(2455,30,28),(2456,30,31),(2882,424,16),(2883,424,24),(2884,424,51),(2268,32,7),(2267,32,28),(2266,33,7),(2265,33,29),(2264,33,28),(2263,34,28),(2262,35,7),(2261,35,28),(2258,36,28),(2259,36,7),(2257,36,33),(2260,35,33),(2256,37,7),(2255,37,28),(2254,38,7),(2253,38,28),(2251,39,28),(2252,39,7),(2248,40,7),(2247,40,28),(2245,41,28),(2246,41,7),(2243,42,28),(2244,42,7),(2241,43,28),(2242,43,7),(2240,44,28),(2239,44,11),(2236,45,7),(2235,45,28),(2234,46,31),(2233,46,28),(2232,47,7),(2231,47,28),(2230,48,7),(2229,48,28),(2228,49,31),(2227,49,28),(2226,49,7),(2225,50,7),(2224,50,28),(2223,51,31),(2222,51,28),(2221,52,31),(2220,52,28),(2219,52,7),(2218,53,31),(2217,53,28),(2216,53,7),(2215,54,31),(2214,54,28),(2213,54,7),(2212,55,31),(2211,55,28),(2210,55,7),(2209,56,31),(2208,56,28),(2207,56,7),(2206,57,31),(2205,57,28),(2204,58,31),(2203,58,28),(2202,58,7),(2201,59,31),(2200,59,28),(2199,59,7),(2198,60,31),(2197,60,28),(2196,60,7),(2194,61,7),(2193,61,28),(2192,62,7),(2191,62,28),(2190,62,11),(2161,63,31),(2160,63,28),(2159,63,7),(2158,64,31),(2157,64,28),(2156,65,31),(2155,65,28),(2154,65,7),(2153,66,31),(2152,66,28),(2151,66,11),(2150,67,7),(2149,67,28),(2148,68,31),(2147,68,28),(2146,68,7),(2145,69,31),(2144,69,28),(2143,69,11),(2142,70,31),(2141,70,28),(2140,71,31),(2139,71,28),(2138,72,31),(2137,72,28),(2134,73,11),(2135,73,28),(2136,73,31),(2133,74,31),(2132,74,28),(2131,74,7),(2130,75,31),(2129,75,28),(2128,75,11),(2127,76,31),(2126,76,28),(2125,76,7),(2124,77,28),(2123,77,11),(2121,78,28),(2122,78,7),(2119,79,7),(2118,79,28),(2117,79,34),(2120,78,34),(2116,14,7),(2113,80,31),(2112,80,28),(2109,81,7),(2110,81,28),(2111,81,31),(2106,82,7),(2107,82,28),(2108,82,31),(2102,83,31),(2101,83,28),(2100,83,7),(2099,84,31),(2098,84,28),(2097,84,11),(2096,85,31),(2095,85,28),(2094,85,7),(2458,86,36),(2457,86,35),(2093,87,31),(2092,87,28),(2091,87,7),(2089,88,37),(2090,88,7),(2764,89,7),(2763,89,28),(2085,90,7),(2084,90,37),(2083,90,28),(2088,88,28),(2073,91,7),(2071,91,28),(2072,91,37),(2082,92,7),(2080,92,28),(2081,92,37),(2064,93,7),(2063,93,38),(2061,94,7),(2060,94,38),(2059,94,28),(2062,93,28),(2079,95,7),(2077,95,28),(2078,95,37),(2758,96,28),(2759,96,37),(2760,96,7),(2052,97,28),(2051,97,11),(2049,98,28),(2050,98,7),(2048,99,7),(2047,99,28),(1931,100,31),(1930,100,28),(1929,100,11),(1624,101,28),(1623,101,11),(1622,101,65),(1927,102,28),(1928,102,31),(1926,102,11),(1934,103,31),(1933,103,28),(1932,103,7),(1937,104,31),(1936,104,28),(1935,104,11),(2757,105,31),(2756,105,28),(2755,105,11),(2754,105,7),(1944,106,31),(1943,106,28),(1942,106,11),(1951,107,31),(1950,107,28),(1949,107,7),(1953,108,28),(1954,108,31),(1952,108,11),(1957,109,31),(1956,109,28),(1955,109,7),(1960,110,31),(1959,110,28),(1958,110,7),(1962,111,7),(1961,111,28),(2020,112,31),(2019,112,28),(2018,112,7),(2023,113,31),(2022,113,28),(2021,113,11),(2026,114,31),(2025,114,28),(2024,114,7),(2311,115,28),(2312,115,31),(2310,115,11),(2309,116,7),(2308,116,28),(2331,117,7),(2330,117,28),(2349,118,29),(2348,118,28),(2446,119,28),(2445,119,11),(2444,120,7),(2443,120,28),(2442,121,31),(2441,121,28),(2440,121,11),(2439,121,7),(2438,122,28),(2437,122,11),(2436,123,31),(2435,123,28),(2434,123,7),(2433,124,7),(2432,124,28),(2431,125,7),(2430,125,28),(2429,126,7),(2428,126,28),(2427,127,7),(2426,127,37),(2425,127,28),(2376,128,39),(2375,128,28),(2374,128,11),(2373,128,7),(2372,129,7),(2371,129,28),(2370,129,40),(2460,130,7),(2459,130,28),(2369,131,7),(2368,131,28),(2367,132,31),(2366,132,28),(2365,132,7),(2364,133,7),(2363,133,28),(2361,134,28),(2362,134,7),(2752,135,29),(2751,135,28),(2750,135,11),(2753,135,31),(2748,136,11),(2749,136,28),(2747,137,7),(2746,137,28),(2352,138,7),(2351,138,28),(2350,138,11),(2346,139,28),(2347,139,7),(2345,140,7),(2344,140,37),(2343,140,28),(2342,141,7),(2341,141,28),(2340,141,11),(2339,142,7),(2338,142,28),(2337,143,7),(2336,143,28),(2335,144,28),(2334,144,11),(2333,145,7),(2332,145,28),(2329,146,7),(2328,146,28),(2327,147,7),(2326,147,28),(2325,148,29),(2324,148,28),(2737,149,7),(2736,149,28),(2321,150,7),(2320,150,28),(2319,150,40),(2318,151,7),(2317,151,28),(2316,152,7),(2315,152,37),(2314,152,28),(2313,153,28),(2307,154,7),(2306,154,28),(2305,155,7),(2304,155,28),(2303,156,29),(2302,156,28),(2301,157,7),(2300,157,28),(2299,158,29),(2298,158,28),(2735,159,29),(2734,159,28),(2295,160,7),(2294,160,28),(2293,161,7),(2292,161,28),(2291,162,7),(2290,162,28),(2289,163,28),(2287,164,11),(2288,164,28),(2286,165,28),(2285,165,11),(2284,166,7),(2283,166,28),(2282,167,7),(2281,167,37),(2280,167,28),(2279,168,7),(2278,168,28),(2277,169,7),(2276,169,28),(2275,170,28),(2274,170,11),(2046,171,31),(2045,171,28),(2044,172,7),(2043,172,28),(2042,172,40),(2041,173,7),(2040,173,28),(2039,174,7),(2038,174,28),(2037,175,7),(2036,175,37),(2035,175,28),(2032,176,7),(2031,176,28),(2030,177,7),(2029,177,28),(2028,178,7),(2027,178,28),(2733,179,7),(2732,179,28),(2034,180,7),(2033,180,28),(2014,181,28),(2015,181,7),(2013,182,7),(2012,182,28),(2730,183,28),(2731,183,7),(2009,184,7),(2008,184,37),(2007,184,28),(2006,185,7),(2005,185,28),(2729,186,7),(2728,186,28),(2001,187,28),(2002,187,7),(1619,188,31),(1618,188,28),(1617,188,11),(2000,189,28),(1999,189,35),(1998,190,36),(1997,190,35),(1996,190,28),(2725,191,28),(2726,191,35),(2727,191,36),(1992,192,36),(1991,192,35),(1990,192,28),(1989,193,36),(1988,193,35),(1987,193,28),(1986,194,36),(1985,194,35),(1984,194,28),(1981,195,28),(1982,195,35),(1983,195,36),(1977,196,36),(1976,196,35),(1975,196,28),(1974,197,36),(1973,197,35),(1972,197,28),(1971,198,36),(1970,198,35),(1969,198,28),(1968,199,36),(1967,199,35),(1966,199,28),(2722,200,28),(2723,200,35),(2724,200,36),(1747,201,36),(1746,201,35),(1745,201,28),(1750,202,36),(1749,202,35),(1748,202,28),(1753,203,36),(1752,203,35),(1751,203,28),(1756,204,36),(1755,204,35),(1754,204,28),(1759,205,36),(1758,205,35),(1757,205,28),(2719,206,28),(2720,206,35),(2721,206,36),(1765,207,36),(1764,207,35),(1763,207,28),(1768,208,36),(1767,208,35),(1766,208,28),(1771,209,36),(1770,209,35),(1769,209,28),(2718,210,36),(2717,210,35),(2716,210,28),(1780,211,36),(1779,211,35),(1778,211,28),(1783,212,36),(1782,212,35),(1781,212,28),(1786,213,36),(1785,213,35),(1784,213,28),(2713,214,28),(2714,214,35),(2715,214,36),(1792,215,36),(1791,215,35),(1790,215,28),(1795,216,36),(1794,216,35),(1793,216,28),(1798,217,36),(1797,217,35),(1796,217,28),(1801,218,36),(1800,218,35),(1799,218,28),(2710,219,28),(2711,219,35),(2712,219,36),(1807,220,36),(1806,220,35),(1805,220,28),(1813,221,36),(1812,221,35),(1811,221,28),(1810,222,36),(1809,222,35),(1808,222,28),(2707,223,28),(2708,223,35),(2709,223,36),(2704,224,28),(2705,224,35),(2706,224,36),(1822,225,36),(1821,225,35),(1820,225,28),(1825,226,36),(1824,226,35),(1823,226,28),(2701,227,28),(2702,227,35),(2703,227,36),(1831,228,36),(1830,228,35),(1829,228,28),(1834,229,36),(1833,229,35),(1832,229,28),(1837,230,36),(1836,230,35),(1835,230,28),(1840,231,36),(1839,231,35),(1838,231,28),(1843,232,36),(1842,232,35),(1841,232,28),(1846,233,36),(1845,233,35),(1844,233,28),(1849,234,36),(1848,234,35),(1847,234,28),(1852,235,36),(1851,235,35),(1850,235,28),(1855,236,36),(1854,236,35),(1853,236,28),(1858,237,36),(1857,237,35),(1856,237,28),(1861,238,36),(1860,238,35),(1859,238,28),(1864,239,36),(1863,239,35),(1862,239,28),(1867,240,36),(1866,240,35),(1865,240,28),(1870,241,36),(1869,241,35),(1868,241,28),(1873,242,36),(1872,242,35),(1871,242,28),(1876,243,36),(1875,243,35),(1874,243,28),(1879,244,36),(1878,244,35),(1877,244,28),(1882,245,36),(1881,245,35),(1880,245,28),(1885,246,36),(1884,246,35),(1883,246,28),(1888,247,36),(1887,247,35),(1886,247,28),(2698,248,28),(2699,248,35),(2700,248,36),(2695,249,28),(2696,249,35),(2697,249,36),(1897,250,36),(1896,250,35),(1895,250,28),(1900,251,36),(1899,251,35),(1898,251,28),(1903,252,36),(1902,252,35),(1901,252,28),(2692,253,28),(2693,253,35),(2694,253,36),(1909,254,36),(1908,254,35),(1907,254,28),(2684,255,11),(2685,255,28),(2683,255,41),(1915,256,7),(1914,256,28),(1913,256,42),(1917,257,28),(1916,257,11),(1919,258,7),(1918,258,28),(1922,259,28),(1921,259,11),(1920,259,41),(2424,260,7),(2423,260,28),(1925,261,28),(1924,261,43),(1923,261,11),(2422,262,44),(2421,262,28),(2420,263,44),(2419,263,11),(2418,263,28),(2417,264,31),(2416,264,28),(2415,264,11),(2414,265,44),(2413,265,11),(2412,265,28),(2411,266,31),(2410,266,28),(2409,266,11),(2681,267,11),(2682,267,44),(2680,267,28),(2405,268,44),(2404,268,11),(2403,268,28),(2678,269,11),(2677,269,28),(2679,269,44),(2399,270,44),(2398,270,11),(2397,270,28),(2396,271,44),(2395,271,11),(2394,271,28),(2393,272,7),(2392,272,45),(2391,272,28),(2390,273,44),(2389,273,11),(2388,273,28),(2387,274,44),(2386,274,11),(2385,274,28),(2877,275,28),(2878,275,44),(2382,276,29),(2381,276,28),(2380,277,31),(2379,277,28),(2452,278,11),(2453,278,44),(1743,279,11),(1744,279,44),(2673,280,44),(2671,280,28),(2672,280,11),(1742,279,28),(2451,278,28),(2668,281,28),(2670,281,44),(2669,281,11),(1732,282,44),(1731,282,11),(1730,282,28),(1729,283,44),(1728,283,11),(1727,283,28),(2851,421,67),(2852,421,53),(2665,285,28),(2667,285,44),(2666,285,11),(1720,286,44),(1719,286,11),(1718,286,28),(1717,287,31),(1716,287,28),(1715,287,11),(1714,288,44),(1713,288,11),(1712,288,28),(1711,289,44),(1710,289,28),(1709,290,31),(1708,290,28),(1707,290,11),(2921,291,28),(2922,291,31),(1704,292,31),(1703,292,28),(1702,293,31),(1701,293,28),(1700,293,11),(1699,294,44),(1698,294,11),(1697,294,28),(1696,295,31),(1695,295,28),(1694,295,11),(1692,296,28),(1693,296,31),(1689,297,31),(1688,297,28),(1687,297,11),(1686,298,31),(1685,298,28),(1684,298,11),(1683,299,31),(1682,299,28),(1681,299,11),(1680,300,31),(1679,300,28),(1613,301,31),(1612,301,28),(1611,301,11),(2662,302,28),(2664,302,44),(2663,302,11),(1610,303,31),(1609,303,44),(1608,303,11),(1607,303,28),(1463,304,46),(1462,304,28),(1464,304,7),(1467,305,7),(1466,305,46),(1465,305,28),(1461,306,7),(1459,306,28),(1460,306,46),(2450,307,31),(2449,307,46),(2448,307,28),(2447,307,7),(2661,308,7),(2660,308,46),(2659,308,28),(1455,309,7),(1454,309,46),(1453,309,28),(1470,310,7),(1469,310,46),(1468,310,28),(1473,311,7),(1472,311,46),(1471,311,28),(1476,312,7),(1475,312,46),(1474,312,28),(2658,313,7),(2656,313,28),(2657,313,46),(2649,314,7),(2647,314,28),(2648,314,46),(1485,315,7),(1484,315,46),(1483,315,28),(2646,316,7),(2644,316,28),(2645,316,46),(1491,317,7),(1490,317,46),(1489,317,28),(1494,318,7),(1493,318,46),(1492,318,28),(1497,319,7),(1496,319,46),(1495,319,28),(1500,320,7),(1499,320,46),(1498,320,28),(1503,321,7),(1502,321,46),(1501,321,28),(2643,322,7),(2642,322,46),(2641,322,28),(1509,323,7),(1508,323,46),(1507,323,28),(2631,324,7),(2630,324,46),(2629,324,28),(1521,325,7),(1520,325,46),(1519,325,28),(1515,326,47),(1514,326,28),(1513,326,7),(1518,327,47),(1517,327,28),(1516,327,7),(2623,328,7),(2624,328,28),(2625,328,47),(2620,329,7),(2621,329,28),(2622,329,47),(2617,330,7),(2618,330,28),(2619,330,47),(2609,331,28),(2610,331,7),(1605,332,28),(1606,332,29),(2602,333,48),(2604,333,28),(2603,333,11),(2778,417,66),(2600,335,11),(2601,335,28),(2599,335,48),(2597,336,11),(2598,336,28),(2596,336,48),(2594,337,11),(2595,337,28),(2593,337,48),(2590,338,48),(2592,338,28),(2591,338,11),(1601,349,32),(1602,349,28),(1603,349,7),(2588,341,11),(2589,341,28),(2587,341,48),(2580,343,28),(2579,343,11),(2578,343,48),(2583,344,28),(2582,344,11),(2581,344,48),(2772,418,66),(2549,346,11),(2550,346,28),(2548,346,48),(1604,348,28),(1599,352,28),(1600,352,7),(1596,353,28),(1597,353,7),(1598,352,32),(1595,354,7),(1594,354,28),(1593,355,7),(1592,355,28),(1591,355,11),(1590,356,7),(1589,356,28),(1588,357,30),(1587,357,29),(1586,357,28),(1585,358,7),(1584,358,28),(1583,359,7),(1582,359,28),(1678,360,7),(1677,360,28),(1581,361,7),(1580,361,28),(1579,362,7),(1578,362,28),(1577,363,7),(1576,363,28),(1575,364,7),(1574,364,28),(1573,365,7),(1572,365,28),(1571,365,40),(1570,366,7),(1569,366,28),(1568,367,39),(1567,367,28),(1566,367,7),(1565,368,7),(1564,368,28),(1563,369,7),(1562,369,28),(1561,370,7),(1560,370,28),(1559,371,7),(1558,371,28),(1557,371,33),(1556,372,29),(1555,372,28),(1554,373,31),(1553,373,28),(1552,373,7),(1551,374,29),(1550,374,28),(1547,375,16),(1548,375,24),(1549,375,49),(2913,376,16),(2914,376,24),(2915,376,50),(2916,376,51),(1540,377,24),(1541,377,51),(1542,377,59),(1535,379,16),(1536,379,24),(1537,379,51),(2565,381,16),(2566,381,24),(2567,381,51),(2568,381,55),(1434,382,57),(1433,382,56),(1432,382,51),(1431,382,24),(1430,382,16),(1429,383,58),(1428,383,57),(1427,383,56),(1426,383,51),(1425,383,24),(1424,383,16),(1539,377,16),(2538,384,60),(2537,384,51),(2536,384,24),(2535,384,16),(2530,385,16),(2531,385,24),(2532,385,51),(2533,385,53),(2534,385,61),(2893,386,16),(2894,386,24),(2895,386,53),(2896,386,62),(1410,387,62),(1409,387,53),(1408,387,24),(1407,387,16),(1406,388,62),(1405,388,53),(1404,388,24),(1403,388,16),(1399,389,16),(1400,389,24),(1401,389,53),(1402,389,62),(2521,390,16),(2522,390,24),(2523,390,53),(2524,390,62),(2504,391,63),(2503,391,53),(2502,391,24),(2501,391,16),(1390,392,31),(1389,392,28),(1388,393,7),(1387,393,28),(1386,393,40),(1385,394,31),(1384,394,28),(1383,394,7),(1382,394,40),(1380,404,4),(1379,405,28),(1381,404,28),(2378,406,28),(1378,405,4),(2377,406,4),(1376,407,4),(1377,407,28),(1375,408,28),(1374,408,4),(1373,409,28),(1372,409,4),(1371,410,28),(1370,410,4),(1369,411,28),(1368,411,4),(1367,412,28),(1366,412,4),(1364,413,4),(1365,413,28),(1363,414,28),(1362,414,4),(2868,416,8),(2870,416,6),(2869,416,4),(2873,423,68),(2874,423,53),(2888,425,31),(2887,425,28),(2923,426,4),(2924,426,28),(2919,427,28),(2920,427,7),(2925,428,4),(2926,428,28),(2945,429,16),(2946,429,24),(2947,429,51),(2948,430,28),(2949,430,7),(2965,431,69),(2964,431,53),(2963,431,24),(2962,431,16),(2974,432,16),(2975,432,24),(2976,432,51),(2977,432,53),(2983,433,51),(2982,433,24),(2981,433,16),(2988,434,16),(2989,434,28),(2990,434,31),(2991,435,4),(2992,435,28),(2993,436,4),(2994,436,28),(2995,437,7),(2996,437,28),(2997,437,31),(3007,438,28),(3006,438,4),(3004,439,4),(3005,439,28),(3011,440,28),(3010,440,4);
/*!40000 ALTER TABLE `posts_post_post_tags` ENABLE KEYS */;
UNLOCK TABLES;

--
-- Table structure for table `posts_tag`
--

DROP TABLE IF EXISTS `posts_tag`;
/*!40101 SET @saved_cs_client     = @@character_set_client */;
/*!40101 SET character_set_client = utf8 */;
CREATE TABLE `posts_tag` (
  `id` int(11) NOT NULL AUTO_INCREMENT,
  `tag_name` varchar(256) NOT NULL,
  `tag_description` longtext NOT NULL,
  PRIMARY KEY (`id`),
  UNIQUE KEY `tag_name` (`tag_name`)
) ENGINE=MyISAM AUTO_INCREMENT=70 DEFAULT CHARSET=latin1;
/*!40101 SET character_set_client = @saved_cs_client */;

--
-- Dumping data for table `posts_tag`
--

LOCK TABLES `posts_tag` WRITE;
/*!40000 ALTER TABLE `posts_tag` DISABLE KEYS */;
INSERT INTO `posts_tag` VALUES (4,'Mine','Tags my creative output :)'),(6,'guitar','guitar related posts.'),(7,'literary','posts of a literary persuation - quotations, poems, links etc.'),(8,'music','music related posts, including bands and such.'),(67,'django','the web framework'),(11,'humor','stuff i find phunny or mildly amusing.'),(16,'tech','tech subjects.'),(24,'notes','my notes on subjects of interest ( to me at least.) - kinda like an online scratchpad :)'),(28,'writing','poems, excerpts, quotes etc.'),(29,'lyrics','song lyrics'),(30,'modestmouse','one of my favoritest bands. :)'),(31,'quotes','quotations, one liners, pithy (ooh, fancy word) sayings.'),(39,'dorothyparker','from the works of Dorothy parker.'),(32,'wheeloftime','all things \'Wot\'. Robert Jordan.'),(33,'annaakhamatova','the russian poet'),(34,'kafka','Franz'),(35,'terrypratchett','All things Pratchett.'),(36,'discworld','Pratchett\'s discworld.'),(37,'shakespeare','William Shakespeare.'),(38,'mobydick','from Melville\'s Moby Dick'),(40,'tseliot','T.S. Eliot'),(41,'thinkgeek','Their write ups are usually phunny.'),(42,'science','mmm... sciencey!'),(43,'woot','another website with hilarious write ups.'),(44,'slashdot','Comments from slashdot.org discussions.'),(45,'nietzsche','Nietzsche\'s writing.'),(46,'thenothingthatis','one of my favioretest bookses'),(47,'lud_in_the_mist','Fantasy before it was mainstream - Hope Mirrlees\' 1920\'s classic.'),(48,'bashdotorg','Choice vignettes from bash.org'),(49,'emacs','thing emacs related.'),(50,'sed','*The* stream editor.'),(51,'unix','unix/linux'),(53,'programming','pertaining to programming.'),(55,'vi','should be vim actually :)'),(56,'X','xserver/windowmanager stuff on *nix.'),(57,'windowmanagers','windowmanagers - wimdowmaker etc. on *nix.'),(58,'windowmaker','best window manager evah!'),(59,'rdesktop','remote desktop'),(60,'kill','the kill command'),(61,'bashscripting','the bourne again shell. bash scripting.'),(62,'subversion','The open source version control system (that\'s svn to you!)'),(63,'mysql','the db.'),(65,'fortune','from the unix fortune database.'),(66,'meta','Tags stuff that goes in the about section'),(68,'java','java programming'),(69,'android','androidy stuff');
/*!40000 ALTER TABLE `posts_tag` ENABLE KEYS */;
UNLOCK TABLES;

--
-- Table structure for table `resume_contactinformation`
--

DROP TABLE IF EXISTS `resume_contactinformation`;
/*!40101 SET @saved_cs_client     = @@character_set_client */;
/*!40101 SET character_set_client = utf8 */;
CREATE TABLE `resume_contactinformation` (
  `id` int(11) NOT NULL AUTO_INCREMENT,
  `first_name` varchar(30) NOT NULL,
  `last_name` varchar(40) NOT NULL,
  `email` varchar(50) NOT NULL,
  `phone` varchar(20) DEFAULT NULL,
  `url` varchar(256) DEFAULT NULL,
  PRIMARY KEY (`id`)
) ENGINE=MyISAM AUTO_INCREMENT=2 DEFAULT CHARSET=latin1;
/*!40101 SET character_set_client = @saved_cs_client */;

--
-- Dumping data for table `resume_contactinformation`
--

LOCK TABLES `resume_contactinformation` WRITE;
/*!40000 ALTER TABLE `resume_contactinformation` DISABLE KEYS */;
INSERT INTO `resume_contactinformation` VALUES (1,'Nehar','Arora','nehar.arora@gmail.com','302-345-8881','http://nehar.webfactional.com');
/*!40000 ALTER TABLE `resume_contactinformation` ENABLE KEYS */;
UNLOCK TABLES;

--
-- Table structure for table `resume_course`
--

DROP TABLE IF EXISTS `resume_course`;
/*!40101 SET @saved_cs_client     = @@character_set_client */;
/*!40101 SET character_set_client = utf8 */;
CREATE TABLE `resume_course` (
  `id` int(11) NOT NULL AUTO_INCREMENT,
  `level` varchar(256) NOT NULL,
  `courses` varchar(512) NOT NULL,
  PRIMARY KEY (`id`)
) ENGINE=MyISAM AUTO_INCREMENT=3 DEFAULT CHARSET=latin1;
/*!40101 SET character_set_client = @saved_cs_client */;

--
-- Dumping data for table `resume_course`
--

LOCK TABLES `resume_course` WRITE;
/*!40000 ALTER TABLE `resume_course` DISABLE KEYS */;
INSERT INTO `resume_course` VALUES (1,'Graduate','Grid computing, Network management, Computer networks, Network Security, Adv. compiler construction, Computer system architecture, Algorithm design & analysis, Database systems.'),(2,'Undergrad','Operating Systems, Software Engineering, Computer Graphics.');
/*!40000 ALTER TABLE `resume_course` ENABLE KEYS */;
UNLOCK TABLES;

--
-- Table structure for table `resume_experience`
--

DROP TABLE IF EXISTS `resume_experience`;
/*!40101 SET @saved_cs_client     = @@character_set_client */;
/*!40101 SET character_set_client = utf8 */;
CREATE TABLE `resume_experience` (
  `id` int(11) NOT NULL AUTO_INCREMENT,
  `type` varchar(3) NOT NULL,
  `title` varchar(256) NOT NULL,
  `organization` varchar(256) NOT NULL,
  `department` varchar(256) NOT NULL,
  `start_date` date NOT NULL,
  `end_date` date DEFAULT NULL,
  `duties` longtext,
  PRIMARY KEY (`id`)
) ENGINE=MyISAM AUTO_INCREMENT=8 DEFAULT CHARSET=latin1;
/*!40101 SET character_set_client = @saved_cs_client */;

--
-- Dumping data for table `resume_experience`
--

LOCK TABLES `resume_experience` WRITE;
/*!40000 ALTER TABLE `resume_experience` DISABLE KEYS */;
INSERT INTO `resume_experience` VALUES (2,'PRF','Software Developer II','Vonage Inc.','Billing, Fraud & Finance','2008-07-01','2010-09-26','* Responsible for designing, implementing, and maintaining critical billing components. \r\n* Primary Maintainer of Vonage Taxation system  responsible for proposing and designing/implementing enhancements.\r\n* Tasked as the security lead for the development team with regard to PCI secure coding standard.\r\n* Tasked with providing recommendations on functional testing automation.\r\n* Responsible for suggesting areas of improvement and defining architecture for new billing components.\r\n* Responsible for providing testing and validation support to QA and production.\r\n* Regularly mentor new team members for knowledge transfer and technical support.\r\n* Involved as a technical interviewer in the hiring process for the team.'),(3,'PRF','Software Developer I','Vonage Inc.','Billing, Fraud & Finance','2006-08-14','2008-07-01',''),(4,'PRF','Research Assistant','University of Delaware','Bartol Research Institute','2004-10-01','2006-05-31',NULL),(5,'ACD','MS Computer and Information Sciences','University of Delaware','Computer & Information Sciences','2004-08-04','2006-05-31',NULL),(6,'ACD','Bachelor in Informaton Technology','University of Delhi, Hindu College','Computer Sciences','1999-07-01','2003-10-31',NULL),(1,'PRF','Software Developer III','Vonage Inc.','Research & Development','2010-09-27',NULL,'');
/*!40000 ALTER TABLE `resume_experience` ENABLE KEYS */;
UNLOCK TABLES;

--
-- Table structure for table `resume_experience_projects`
--

DROP TABLE IF EXISTS `resume_experience_projects`;
/*!40101 SET @saved_cs_client     = @@character_set_client */;
/*!40101 SET character_set_client = utf8 */;
CREATE TABLE `resume_experience_projects` (
  `id` int(11) NOT NULL AUTO_INCREMENT,
  `experience_id` int(11) NOT NULL,
  `project_id` int(11) NOT NULL,
  PRIMARY KEY (`id`),
  UNIQUE KEY `experience_id` (`experience_id`,`project_id`)
) ENGINE=MyISAM AUTO_INCREMENT=71 DEFAULT CHARSET=latin1;
/*!40101 SET character_set_client = @saved_cs_client */;

--
-- Dumping data for table `resume_experience_projects`
--

LOCK TABLES `resume_experience_projects` WRITE;
/*!40000 ALTER TABLE `resume_experience_projects` DISABLE KEYS */;
INSERT INTO `resume_experience_projects` VALUES (67,1,4),(66,1,2),(68,1,5),(65,1,1),(64,2,12),(63,2,11),(62,2,10),(61,2,9),(60,2,8),(59,2,7),(58,2,6),(17,3,13);
/*!40000 ALTER TABLE `resume_experience_projects` ENABLE KEYS */;
UNLOCK TABLES;

--
-- Table structure for table `resume_project`
--

DROP TABLE IF EXISTS `resume_project`;
/*!40101 SET @saved_cs_client     = @@character_set_client */;
/*!40101 SET character_set_client = utf8 */;
CREATE TABLE `resume_project` (
  `id` int(11) NOT NULL AUTO_INCREMENT,
  `type` varchar(3) NOT NULL,
  `project_name` varchar(256) NOT NULL,
  `description` longtext NOT NULL,
  `role` varchar(256) DEFAULT NULL,
  `tech_used` varchar(256) NOT NULL,
  PRIMARY KEY (`id`)
) ENGINE=MyISAM AUTO_INCREMENT=15 DEFAULT CHARSET=latin1;
/*!40101 SET character_set_client = @saved_cs_client */;

--
-- Dumping data for table `resume_project`
--

LOCK TABLES `resume_project` WRITE;
/*!40000 ALTER TABLE `resume_project` DISABLE KEYS */;
INSERT INTO `resume_project` VALUES (1,'PRF','Tax API upgrades','Taxation infrastructure upgrades: incorporated/unincorporated jurisdictions; Multiple level taxation.','Lead','Java/Jython'),(2,'PRF','PCI Secure Code initiative','Responsible for technical recommendations; vendor selection for static analysis tool; code review standards.','Lead','NA'),(3,'PRS','http://www.nehararora.com/','my personal blog/scratchpad.','','python/django'),(4,'PRF','Device Change Phase II','Webservices based system support for Device Upgrade offers.','','Java'),(5,'PRF','Billing-Services Webservice API','Ongoing rewrite of core invoice codebase to provide a webservice interface.','Lead','Java'),(6,'PRF','Device Change Phase I','Webservices based system level support for Device changes.','','Java'),(7,'PRF','Billing-Services functional testing framework','Jython framework for functional testing of the billing-services EJB.','Lead','Jython'),(8,'PRF','Rate Plan and Promotion History','Functionality to track changes to plans/promotions through a customers life lifecycle.','','Java'),(9,'PRF','Standalone Functional Testing Initiative','Harness for automated functional testing of billing standalone components.','Lead','Ruby on Rails'),(10,'PRF','Taxation Components','Ongoing maintenance of taxation systems - API code changes, updates, support.','Lead','Java/Jython/Perl'),(11,'PRF','Prepay plans','Changes to billing components to support annual plans.','','Java'),(12,'PRF','RAF 2 for 2','Extensions to enhance Refer-a-Friend program.','Lead','Java'),(13,'PRF','EventBuilder ','Member Data Acquisition Software Development team, Icecube Muon Detection observatory deployed at the South Pole. Implemented EventBuilder module to construct events based on physics triggers.','Lead','Java'),(14,'PRS','linphone maemo port','Currently working on a port of the Linphone VOIP client to the maemo platform for the n800.','','C/maemo/voip');
/*!40000 ALTER TABLE `resume_project` ENABLE KEYS */;
UNLOCK TABLES;

--
-- Table structure for table `resume_resume`
--

DROP TABLE IF EXISTS `resume_resume`;
/*!40101 SET @saved_cs_client     = @@character_set_client */;
/*!40101 SET character_set_client = utf8 */;
CREATE TABLE `resume_resume` (
  `id` int(11) NOT NULL AUTO_INCREMENT,
  `resume_name` varchar(40) NOT NULL,
  `objective` varchar(256) NOT NULL,
  `contact_id` int(11) NOT NULL,
  `resume_date` datetime NOT NULL,
  `resume_type` varchar(256) DEFAULT NULL,
  PRIMARY KEY (`id`),
  UNIQUE KEY `resume_name` (`resume_name`),
  KEY `resume_resume_contact_id` (`contact_id`)
) ENGINE=MyISAM AUTO_INCREMENT=3 DEFAULT CHARSET=latin1;
/*!40101 SET character_set_client = @saved_cs_client */;

--
-- Dumping data for table `resume_resume`
--

LOCK TABLES `resume_resume` WRITE;
/*!40000 ALTER TABLE `resume_resume` DISABLE KEYS */;
/*!40000 ALTER TABLE `resume_resume` ENABLE KEYS */;
UNLOCK TABLES;

--
-- Table structure for table `resume_resume_courses`
--

DROP TABLE IF EXISTS `resume_resume_courses`;
/*!40101 SET @saved_cs_client     = @@character_set_client */;
/*!40101 SET character_set_client = utf8 */;
CREATE TABLE `resume_resume_courses` (
  `id` int(11) NOT NULL AUTO_INCREMENT,
  `resume_id` int(11) NOT NULL,
  `course_id` int(11) NOT NULL,
  PRIMARY KEY (`id`),
  UNIQUE KEY `resume_id` (`resume_id`,`course_id`)
) ENGINE=MyISAM AUTO_INCREMENT=27 DEFAULT CHARSET=latin1;
/*!40101 SET character_set_client = @saved_cs_client */;

--
-- Dumping data for table `resume_resume_courses`
--

LOCK TABLES `resume_resume_courses` WRITE;
/*!40000 ALTER TABLE `resume_resume_courses` DISABLE KEYS */;
/*!40000 ALTER TABLE `resume_resume_courses` ENABLE KEYS */;
UNLOCK TABLES;

--
-- Table structure for table `resume_resume_education`
--

DROP TABLE IF EXISTS `resume_resume_education`;
/*!40101 SET @saved_cs_client     = @@character_set_client */;
/*!40101 SET character_set_client = utf8 */;
CREATE TABLE `resume_resume_education` (
  `id` int(11) NOT NULL AUTO_INCREMENT,
  `resume_id` int(11) NOT NULL,
  `experience_id` int(11) NOT NULL,
  PRIMARY KEY (`id`),
  UNIQUE KEY `resume_id` (`resume_id`,`experience_id`)
) ENGINE=MyISAM AUTO_INCREMENT=21 DEFAULT CHARSET=latin1;
/*!40101 SET character_set_client = @saved_cs_client */;

--
-- Dumping data for table `resume_resume_education`
--

LOCK TABLES `resume_resume_education` WRITE;
/*!40000 ALTER TABLE `resume_resume_education` DISABLE KEYS */;
/*!40000 ALTER TABLE `resume_resume_education` ENABLE KEYS */;
UNLOCK TABLES;

--
-- Table structure for table `resume_resume_experience`
--

DROP TABLE IF EXISTS `resume_resume_experience`;
/*!40101 SET @saved_cs_client     = @@character_set_client */;
/*!40101 SET character_set_client = utf8 */;
CREATE TABLE `resume_resume_experience` (
  `id` int(11) NOT NULL AUTO_INCREMENT,
  `resume_id` int(11) NOT NULL,
  `experience_id` int(11) NOT NULL,
  PRIMARY KEY (`id`),
  UNIQUE KEY `resume_id` (`resume_id`,`experience_id`)
) ENGINE=MyISAM AUTO_INCREMENT=45 DEFAULT CHARSET=latin1;
/*!40101 SET character_set_client = @saved_cs_client */;

--
-- Dumping data for table `resume_resume_experience`
--

LOCK TABLES `resume_resume_experience` WRITE;
/*!40000 ALTER TABLE `resume_resume_experience` DISABLE KEYS */;
/*!40000 ALTER TABLE `resume_resume_experience` ENABLE KEYS */;
UNLOCK TABLES;

--
-- Table structure for table `resume_resume_projects`
--

DROP TABLE IF EXISTS `resume_resume_projects`;
/*!40101 SET @saved_cs_client     = @@character_set_client */;
/*!40101 SET character_set_client = utf8 */;
CREATE TABLE `resume_resume_projects` (
  `id` int(11) NOT NULL AUTO_INCREMENT,
  `resume_id` int(11) NOT NULL,
  `project_id` int(11) NOT NULL,
  PRIMARY KEY (`id`),
  UNIQUE KEY `resume_id` (`resume_id`,`project_id`)
) ENGINE=MyISAM AUTO_INCREMENT=21 DEFAULT CHARSET=latin1;
/*!40101 SET character_set_client = @saved_cs_client */;

--
-- Dumping data for table `resume_resume_projects`
--

LOCK TABLES `resume_resume_projects` WRITE;
/*!40000 ALTER TABLE `resume_resume_projects` DISABLE KEYS */;
/*!40000 ALTER TABLE `resume_resume_projects` ENABLE KEYS */;
UNLOCK TABLES;

--
-- Table structure for table `resume_resume_skillset`
--

DROP TABLE IF EXISTS `resume_resume_skillset`;
/*!40101 SET @saved_cs_client     = @@character_set_client */;
/*!40101 SET character_set_client = utf8 */;
CREATE TABLE `resume_resume_skillset` (
  `id` int(11) NOT NULL AUTO_INCREMENT,
  `resume_id` int(11) NOT NULL,
  `skillset_id` int(11) NOT NULL,
  PRIMARY KEY (`id`),
  UNIQUE KEY `resume_id` (`resume_id`,`skillset_id`)
) ENGINE=MyISAM AUTO_INCREMENT=71 DEFAULT CHARSET=latin1;
/*!40101 SET character_set_client = @saved_cs_client */;

--
-- Dumping data for table `resume_resume_skillset`
--

LOCK TABLES `resume_resume_skillset` WRITE;
/*!40000 ALTER TABLE `resume_resume_skillset` DISABLE KEYS */;
/*!40000 ALTER TABLE `resume_resume_skillset` ENABLE KEYS */;
UNLOCK TABLES;

--
-- Table structure for table `resume_skillset`
--

DROP TABLE IF EXISTS `resume_skillset`;
/*!40101 SET @saved_cs_client     = @@character_set_client */;
/*!40101 SET character_set_client = utf8 */;
CREATE TABLE `resume_skillset` (
  `id` int(11) NOT NULL AUTO_INCREMENT,
  `heading` varchar(256) NOT NULL,
  `skills` varchar(512) NOT NULL,
  PRIMARY KEY (`id`)
) ENGINE=MyISAM AUTO_INCREMENT=6 DEFAULT CHARSET=latin1;
/*!40101 SET character_set_client = @saved_cs_client */;

--
-- Dumping data for table `resume_skillset`
--

LOCK TABLES `resume_skillset` WRITE;
/*!40000 ALTER TABLE `resume_skillset` DISABLE KEYS */;
INSERT INTO `resume_skillset` VALUES (1,'Operating Systems','Linux, Unix, Mac OS X'),(2,'Languages','C, Java, C++, Python/Jython, Perl, SQL, Bash scripting, XML, HTML, CSS'),(3,'Tools & IDE\'s','Eclipse IDE, GNU development tools, Maven, ant, Make, SVN, CVS'),(4,'Network','TCP/IP stack, SNMP, HTTP, SMTP'),(5,'API\'s & Frameworks','Django');
/*!40000 ALTER TABLE `resume_skillset` ENABLE KEYS */;
UNLOCK TABLES;
/*!40103 SET TIME_ZONE=@OLD_TIME_ZONE */;

/*!40101 SET SQL_MODE=@OLD_SQL_MODE */;
/*!40014 SET FOREIGN_KEY_CHECKS=@OLD_FOREIGN_KEY_CHECKS */;
/*!40014 SET UNIQUE_CHECKS=@OLD_UNIQUE_CHECKS */;
/*!40101 SET CHARACTER_SET_CLIENT=@OLD_CHARACTER_SET_CLIENT */;
/*!40101 SET CHARACTER_SET_RESULTS=@OLD_CHARACTER_SET_RESULTS */;
/*!40101 SET COLLATION_CONNECTION=@OLD_COLLATION_CONNECTION */;
/*!40111 SET SQL_NOTES=@OLD_SQL_NOTES */;

-- Dump completed on 2016-03-03  2:36:15
